Plot,Treatment,N,mean_SWP,sd_SWP,se_SWP,mean_VWC,sd_VWC,se_VWC,SampleDate,Site
1,Addition,23,-88.71427628270587,61.13379214520955,12.74727684824537,0.04391304347826087,0.0075553295065515945,0.0015753951050667336,2018-06-05,Desert Grassland
3,Ambient,23,-133667631205724,230051502338529.84,47969054213068.32,0.0092,0.009333079000863737,0.0019460814992134912,2018-06-05,Desert Grassland
4,Exclusion,23,-22591395.335829765,64191437.07396256,13384839.88895889,0.012695652173913044,0.008525015503098117,0.0017775886124559825,2018-06-05,Desert Grassland
5,Addition,23,-3898.9322563867763,4875.86162260273,1016.6874292603861,0.024956521739130436,0.009037690075303159,0.0018844886504812781,2018-06-05,Desert Grassland
7,Ambient,23,-178223300873550.8,249525844988235.94,52029735359818.484,0.0086,0.009472448085224471,0.0019751419621766406,2018-06-05,Desert Grassland
9,Exclusion,23,-267334093322458.7,261705356663116.78,54569339100207.57,0.0064869565217391305,0.008147130244773091,0.0016987940892355335,2018-06-05,Desert Grassland
10,Ambient,23,-19304.41578446734,26379.353541938275,5500.47544700168,0.018260869565217393,0.006390457312589735,0.0013325024620913974,2018-06-05,Desert Grassland
11,Addition,23,-589011800.905017,1908357184.5495827,397919980.1479652,0.013347826086956522,0.010434247351225735,0.0021756909725674186,2018-06-05,Desert Grassland
12,Exclusion,23,-3282672.0362879806,8859660.098724714,1847366.834230429,0.014,0.008764598212022147,0.0018275450606254832,2018-06-05,Desert Grassland
1,Addition,24,-117.63242268331969,73.01410979304583,14.903942751375881,0.040625,0.005829553640903728,0.0011899526540331679,2018-06-06,Desert Grassland
3,Ambient,24,-170797614768510.53,246737580223402.47,50365097659697.164,0.0058249999999999994,0.006429365375403297,0.0013123887116379745,2018-06-06,Desert Grassland
4,Exclusion,24,-573794064.4706048,1867900184.3194218,381283528.5027693,0.00925,0.006319397329547783,0.001289941578274892,2018-06-06,Desert Grassland
5,Addition,24,-5426.273527373065,5972.107975312227,1219.0514356934095,0.021916666666666668,0.0069652345799422425,0.001421772554970602,2018-06-06,Desert Grassland
7,Ambient,24,-213496248690718.94,258044730891834.12,52673160124899.44,0.005583333333333333,0.006430002141230739,0.001312518690918214,2018-06-06,Desert Grassland
9,Exclusion,24,-298894636438339.5,258044634512308.47,52673140451511.14,0.003266666666666667,0.004859027158551003,9.918447653979646e-4,2018-06-06,Desert Grassland
10,Ambient,24,-27310.058898505198,31699.36852004057,6470.606503545279,0.015916666666666666,0.004898239849495776,9.998490224193103e-4,2018-06-06,Desert Grassland
11,Addition,24,-42700033450220.77,144662826179051.8,29529175740634.438,0.009841666666666667,0.007899967895733703,0.001612574194076343,2018-06-06,Desert Grassland
12,Exclusion,24,-12807030.51257425,45838229.16597849,9356689.347450754,0.010833333333333334,0.0067028006259983635,0.0013682034484419714,2018-06-06,Desert Grassland
1,Addition,24,-137.6659907378565,107.26271921398092,21.894910874806534,0.04095833333333333,0.007948087911521573,0.001622396651167589,2018-06-07,Desert Grassland
3,Ambient,24,-213496255405308.12,258044725094907.38,52673158941606.72,0.008,0.009062824207094367,0.0018499412446603952,2018-06-07,Desert Grassland
4,Exclusion,24,-85398684434085.125,195063528159911.03,39817175951566.64,0.010641666666666667,0.009167898467960942,0.0018713894383456618,2018-06-07,Desert Grassland
5,Addition,24,-12755.497636132188,18351.94369354784,3746.0748197899893,0.021916666666666668,0.009193176423501466,0.001876549279413582,2018-06-07,Desert Grassland
7,Ambient,24,-277544770983394.28,260795072993835.66,53234571355565.89,0.0055541666666666665,0.007282377727248076,0.0014865091288305697,2018-06-07,Desert Grassland
9,Exclusion,24,-277545037199531.97,260794777365185.2,53234511010620.31,0.0051375,0.006720106915557351,0.0013717360800053363,2018-06-07,Desert Grassland
10,Ambient,24,-66145.50356395137,117090.07291335237,23900.91104858259,0.016125,0.006509608283145768,0.0013287682265918312,2018-06-07,Desert Grassland
11,Addition,24,-85398951820033.03,195063406013564.3,39817151018548.02,0.011183333333333333,0.01012623225637971,0.0020670085037535215,2018-06-07,Desert Grassland
12,Exclusion,24,-850223912.2933547,2234365835.3401217,456088016.27423304,0.011833333333333333,0.009416297927883689,0.001922093765778466,2018-06-07,Desert Grassland
1,Addition,24,-155.90931265549162,132.9958292738949,27.147659969945696,0.040916666666666664,0.009021311322142391,0.0018414674625034618,2018-06-08,Desert Grassland
3,Ambient,24,-192146926800536.2,253394693572211.28,51723975231734.84,0.0086625,0.009650763092153365,0.001969953767021678,2018-06-08,Desert Grassland
4,Exclusion,24,-85398684606713.67,195063528081048.44,39817175935468.88,0.011016666666666666,0.009507967673239236,0.001940805774192796,2018-06-08,Desert Grassland
5,Addition,24,-12755.36721305222,18423.204253943266,3760.620820769454,0.022958333333333334,0.01044854542265455,0.002132800403316371,2018-06-08,Desert Grassland
7,Ambient,24,-298894359853393.8,258044968807347.62,52673208689200.266,0.00535,0.007627752532407706,0.001557008465718424,2018-06-08,Desert Grassland
9,Exclusion,24,-277544769801229.88,260795074306624.66,53234571623537.83,0.0061375,0.008129592347659902,0.001659446089050129,2018-06-08,Desert Grassland
10,Ambient,24,-83715.08841827231,145622.82232452303,29725.1341332547,0.016291666666666666,0.0070924280914143965,0.0014477358217789033,2018-06-08,Desert Grassland
11,Addition,24,-85398685678081.27,195063527591611.28,39817175835562.945,0.011183333333333333,0.010190433137812734,0.002080113453799174,2018-06-08,Desert Grassland
12,Exclusion,24,-21350446966024.477,104591056436299.48,21349559993964.344,0.0123375,0.010221197602765667,0.002086393223911209,2018-06-08,Desert Grassland
1,Addition,24,-143.65024539149366,117.47250342114528,23.978974349096433,0.040791666666666664,0.008021596754559133,0.001637401580919619,2018-06-09,Desert Grassland
3,Ambient,24,-192146659740609.12,253394904882100.38,51724018365185.33,0.008370833333333333,0.009255761034017708,0.0018893243095398835,2018-06-09,Desert Grassland
4,Exclusion,24,-64049079625590.33,173101718068340.72,35334240238878.84,0.011429166666666667,0.00925251924174387,0.0018886625814629667,2018-06-09,Desert Grassland
5,Addition,24,-10299.463895512441,14454.855431058792,2950.585009316019,0.02225,0.008960056288643067,0.0018289638311492589,2018-06-09,Desert Grassland
7,Ambient,24,-298894366957355.94,258044960221045.34,52673206936528.66,0.004933333333333333,0.006975214920588884,0.001423809783474221,2018-06-09,Desert Grassland
9,Exclusion,24,-277545036992542.34,260794777595046.84,53234511057540.625,0.005220833333333333,0.006858696743149733,0.0014000256101004717,2018-06-09,Desert Grassland
10,Ambient,24,-56328.82635073199,85554.81014115736,17463.802490543934,0.01620833333333333,0.006514059488099012,0.0013296768249981643,2018-06-09,Desert Grassland
11,Addition,24,-106748281343374.48,212565543951060.2,43389759964770.734,0.010770833333333334,0.010099052007454727,0.0020614603586745182,2018-06-09,Desert Grassland
12,Exclusion,24,-582793947.9350853,1865575236.530281,380808950.5226021,0.011958333333333333,0.00913892376246962,0.0018654750013538989,2018-06-09,Desert Grassland
1,Addition,24,-145.65052449631636,106.421276132638,21.72315202506609,0.04008333333333333,0.007406910208756395,0.0015119292151720665,2018-06-10,Desert Grassland
3,Ambient,24,-192146659731500.06,253394904889308,51724018366656.586,0.008120833333333332,0.008864535063050853,0.0018094656426237414,2018-06-10,Desert Grassland
4,Exclusion,24,-306626537.28466517,1350031995.6399894,275574127.14577156,0.011583333333333333,0.008657324954182952,0.001767169056267666,2018-06-10,Desert Grassland
5,Addition,24,-6787.066130867512,7707.571204750883,1573.3013839840228,0.022041666666666668,0.007898701966375437,0.001612315787328163,2018-06-10,Desert Grassland
7,Ambient,24,-298894634152112,258044637275596.16,52673141015564.88,0.004225,0.006013481231511339,0.001227496716250515,2018-06-10,Desert Grassland
9,Exclusion,24,-277545037452492.3,260794777084273.1,53234510953279.37,0.004595833333333334,0.006172201296181104,0.0012598953137823877,2018-06-10,Desert Grassland
10,Ambient,24,-41987.57744395758,62735.48577983273,12805.82741051835,0.01620833333333333,0.006021549465960941,0.0012291436377110708,2018-06-10,Desert Grassland
11,Addition,24,-85398676660932.58,195063531710946.5,39817176676418.73,0.01085,0.009719321858612583,0.0019839482666233216,2018-06-10,Desert Grassland
12,Exclusion,24,-31236747.49949536,74965340.31564914,15302236.013952736,0.011625,0.00825049405635281,0.0016841250469941489,2018-06-10,Desert Grassland
1,Addition,24,-147.57025330964652,128.30487500511623,26.190122939509166,0.04145833333333333,0.009088832931568883,0.0018552502533123285,2018-06-11,Desert Grassland
3,Ambient,24,-192146383496066.3,253395123458903.75,51724062981988.49,0.0091625,0.009794089277855736,0.0019992101021675274,2018-06-11,Desert Grassland
4,Exclusion,24,-21350163543315.562,104591116798013.16,21349572315247.55,0.011504166666666666,0.00894356602191798,0.0018255977695493537,2018-06-11,Desert Grassland
5,Addition,24,-6798.145175962025,8435.11559848903,1721.810761474106,0.024458333333333335,0.010537630979810721,0.0021509849165233844,2018-06-11,Desert Grassland
7,Ambient,24,-277545037198586.38,260794777366235.25,53234511010834.66,0.0056791666666666666,0.0076756520281974095,0.0015667859093535378,2018-06-11,Desert Grassland
9,Exclusion,24,-277544761715849.12,260795083285404.72,53234573456323.63,0.006595833333333333,0.008579575299444638,0.0017512984744521298,2018-06-11,Desert Grassland
10,Ambient,24,-36197.19726854261,49425.90647465718,10089.020911452788,0.017458333333333333,0.007027765843681987,0.0014345366957317497,2018-06-11,Desert Grassland
11,Addition,24,-64049357045648.47,173101610962923.9,35334218376077.19,0.011595833333333333,0.010255241678481204,0.002093342441766854,2018-06-11,Desert Grassland
12,Exclusion,24,-39506454.801952094,84582464.65272795,17265323.298848156,0.01325,0.009896200412718796,0.002020053450290112,2018-06-11,Desert Grassland
1,Addition,24,-98.98888542939899,72.53262659166468,14.80566040445042,0.043541666666666666,0.008277676457571406,0.001689673631408246,2018-06-12,Desert Grassland
3,Ambient,24,-149447465117543.38,237905521301018.72,48562261181527.52,0.010195833333333333,0.010259988946797447,0.002094311473854094,2018-06-12,Desert Grassland
4,Exclusion,24,-21889207.93299239,62881140.62085527,12835559.08044097,0.013,0.009016892359681741,0.0018405654455683695,2018-06-12,Desert Grassland
5,Addition,24,-3560.2100301462565,4077.6406143318477,832.3449049634966,0.02575,0.009869804632223521,0.0020146654341587846,2018-06-12,Desert Grassland
7,Ambient,24,-277545036987256.84,260794777600916.4,53234511058738.74,0.006179166666666667,0.008425529484931454,0.0017198540042380694,2018-06-12,Desert Grassland
9,Exclusion,24,-277544760679092.6,260795084436718.72,53234573691334.62,0.006970833333333333,0.008968324896505219,0.0018306516536613785,2018-06-12,Desert Grassland
10,Ambient,24,-18342.694358917222,24103.279074868133,4920.061238444159,0.018875,0.007054523679726796,0.0014399986161426524,2018-06-12,Desert Grassland
11,Addition,24,-842071207.0784792,2237106297.4393306,456647410.75777453,0.013208333333333332,0.010705460478558174,0.0021852429694999118,2018-06-12,Desert Grassland
12,Exclusion,24,-1549112.8614878177,2838781.074751259,579463.7603841847,0.014624999999999999,0.009627011365220619,0.001965105466063749,2018-06-12,Desert Grassland
1,Addition,24,-113.3010184557524,62.30359312469385,12.717667691456178,0.04058333333333333,0.0053965904426588746,0.0011015744112745538,2018-06-13,Desert Grassland
3,Ambient,24,-85398971402101.61,195063397067784.12,39817149192498.29,0.007891666666666667,0.007127284784951215,0.0014548509145527178,2018-06-13,Desert Grassland
4,Exclusion,24,-4472547.937824207,10320389.282276474,2106640.6407054723,0.011083333333333334,0.006268740020871448,0.001279601198441585,2018-06-13,Desert Grassland
5,Addition,24,-3076.0593444348247,2914.744495572004,594.9697287281127,0.023458333333333335,0.006580466262498735,0.0013432320510601173,2018-06-13,Desert Grassland
7,Ambient,24,-256195717908950.53,261704800676589.03,53420268741201.75,0.0043,0.0055964274318532885,0.0011423659658795862,2018-06-13,Desert Grassland
9,Exclusion,24,-256195718906668.88,261704799657407.62,53420268533162.22,0.003966666666666667,0.005194032250043578,0.0010602273933472315,2018-06-13,Desert Grassland
10,Ambient,24,-12170.146153257176,13725.827389031381,2801.7727833870654,0.01775,0.004636809247747852,9.464847243000458e-4,2018-06-13,Desert Grassland
11,Addition,24,-29995742.28459703,75217428.54540826,15353693.30837535,0.011,0.007306935359494162,0.0014915219345217222,2018-06-13,Desert Grassland
12,Exclusion,24,-1087139.0401132389,2163311.841797208,441584.18057697057,0.012,0.0066332495807108005,0.0013540064007726603,2018-06-13,Desert Grassland
1,Addition,24,-131.14654179418818,71.24772814358624,14.543381607026573,0.03920833333333333,0.004800173607971555,9.798313346920703e-4,2018-06-14,Desert Grassland
3,Ambient,24,-106749643923939.28,212564829942474.9,43389614218378.58,0.0061875,0.005989869164572432,0.0012226769232694516,2018-06-14,Desert Grassland
4,Exclusion,24,-2445481.7987387525,6424204.134587337,1311335.1777680807,0.010708333333333334,0.005864255515717506,0.0011970361445674757,2018-06-14,Desert Grassland
5,Addition,24,-3293.613770711594,2721.1712325722497,555.456751878532,0.022,0.005021692075819447,0.0010250486025946085,2018-06-14,Desert Grassland
7,Ambient,24,-298894370611050.44,258044955804954.78,52673206035097.945,0.002475,0.003433372027360401,7.008341303481656e-4,2018-06-14,Desert Grassland
9,Exclusion,24,-277545038601874.62,260794775807885.8,53234510692737.91,0.002970833333333333,0.0037550521523231424,7.664968108942862e-4,2018-06-14,Desert Grassland
10,Ambient,24,-11550.632158206014,11057.829535239536,2257.170002001177,0.017416666666666667,0.004138017448706216,8.446692746719744e-4,2018-06-14,Desert Grassland
11,Addition,24,-5349274.159905859,10244127.84807425,2091073.8406347823,0.011125,0.007176728696461132,0.0014649436107266028,2018-06-14,Desert Grassland
12,Exclusion,24,-1029694.7059866919,1719318.0746916772,350954.3323782488,0.010958333333333334,0.005744404965337759,0.0011725717534156333,2018-06-14,Desert Grassland
1,Addition,24,-132.53658916962863,61.958631280727005,12.647252649918816,0.038875,0.00455223308794228,9.292206879727341e-4,2018-06-15,Desert Grassland
3,Ambient,24,-170797340658087.47,246737778214847.47,50365138074531.63,0.005408333333333334,0.005849854451304688,0.0011940965396037792,2018-06-15,Desert Grassland
4,Exclusion,24,-2793023.732775019,6484767.868444741,1323697.6981737772,0.009916666666666667,0.005640819140843832,0.0011514273855326657,2018-06-15,Desert Grassland
5,Addition,24,-3535.5561155410637,2665.1625819278106,544.024033940142,0.021541666666666667,0.005047420061314723,0.0010303003056423713,2018-06-15,Desert Grassland
7,Ambient,24,-362943157889618.7,237905693490626.44,48562296329584.016,0.0019875,0.0033967135651211833,6.933512530780683e-4,2018-06-15,Desert Grassland
9,Exclusion,24,-341593560728921.75,246738172531574.12,50365218564096.414,0.002608333333333333,0.004117187375388442,8.404173537608653e-4,2018-06-15,Desert Grassland
10,Ambient,24,-10868.608145091674,8793.553331382398,1794.9765573198358,0.01725,0.004013563958899112,8.192653124439685e-4,2018-06-15,Desert Grassland
11,Addition,24,-1581672.9639994523,2518371.920576902,514060.5156638579,0.011,0.006807923772117056,0.0013896616207875409,2018-06-15,Desert Grassland
12,Exclusion,24,-1183695.2819802493,1755000.550630008,358237.98727891955,0.009875,0.0053022759674297044,0.0010823225496354011,2018-06-15,Desert Grassland
1,Addition,24,-154.23621351753008,48.22131065522832,9.843133819461913,0.036958333333333336,0.0027103532044280903,5.532485311305106e-4,2018-06-16,Desert Grassland
3,Ambient,24,-256195728933933.9,261704789414437.16,53420266442324.625,0.00205,0.0024250504252937488,4.950113452074185e-4,2018-06-16,Desert Grassland
4,Exclusion,24,-7351343.927820887,11111424.567935696,2268110.042238958,0.006333333333333333,0.0031021264329161536,6.332189065203906e-4,2018-06-16,Desert Grassland
5,Addition,24,-4461.062347327613,2483.755538112183,506.99447618222547,0.01925,0.0027858337289252185,5.686559286751446e-4,2018-06-16,Desert Grassland
7,Ambient,24,-512390326715883.3,0,0,1e-4,0,0,2018-06-16,Desert Grassland
9,Exclusion,24,-512390326715883.3,0,0,1e-4,0,0,2018-06-16,Desert Grassland
10,Ambient,24,-31132.392778391946,25141.249187556263,5131.936000472915,0.013166666666666667,0.0019708013524996613,4.0228814150092794e-4,2018-06-16,Desert Grassland
11,Addition,24,-1959626.9799249086,2708826.046744179,552936.8013736478,0.007458333333333333,0.0029778773687290086,6.078566724973223e-4,2018-06-16,Desert Grassland
12,Exclusion,24,-1953768.0694081339,2421088.5329076704,494202.6273106093,0.007083333333333333,0.0026361478263403288,5.381014217567338e-4,2018-06-16,Desert Grassland
1,Addition,24,-130.04320525567488,94.26238133154492,19.241228016827986,0.04108333333333333,0.007677843145201576,0.0015672331692391163,2018-06-17,Desert Grassland
3,Ambient,24,-192146667798835.78,253394898505964.38,51724017063662.02,0.007745833333333333,0.00862539119045657,0.0017606506040429798,2018-06-17,Desert Grassland
4,Exclusion,24,-861343236.044153,2230424438.046114,455283481.92057425,0.010750000000000001,0.008588414845896616,0.0017531028393158775,2018-06-17,Desert Grassland
5,Addition,24,-5869.027069330005,6331.885369375362,1292.4906887303187,0.023208333333333334,0.00897328967192255,0.0018316650841997096,2018-06-17,Desert Grassland
7,Ambient,24,-320244230815924.06,253394767354691.62,51723990292520.58,0.0039791666666666664,0.006022203783150907,0.0012292771996481832,2018-06-17,Desert Grassland
9,Exclusion,24,-277545038185164.28,260794776270642.03,53234510787197.625,0.005304166666666666,0.007225888190729742,0.0014749782504742167,2018-06-17,Desert Grassland
10,Ambient,24,-56412.35973694935,79347.95234063121,16196.832947435385,0.017416666666666667,0.007890096525924496,0.0016105592091517702,2018-06-17,Desert Grassland
11,Addition,24,-6342883.660481269,11489002.792526072,2345182.874591659,0.013333333333333334,0.009796479698991552,0.0019996980448386205,2018-06-17,Desert Grassland
12,Exclusion,24,-6593669.354232732,11439804.414495196,2335140.2977293087,0.011958333333333333,0.008655127490918778,0.0017667205009571877,2018-06-17,Desert Grassland
1,Addition,24,-140.0693788934912,111.86631819401794,22.83461658159718,0.04095833333333333,0.008083688173893993,0.0016500759388175848,2018-06-18,Desert Grassland
3,Ambient,24,-192146934943825.06,253394687128754.72,51723973916469.78,0.007745833333333333,0.008705669275606091,0.001777037299554982,2018-06-18,Desert Grassland
4,Exclusion,24,-85398684426517.9,195063528163368,39817175952272.3,0.010683333333333333,0.009186079575695744,0.001875100641421398,2018-06-18,Desert Grassland
5,Addition,24,-9544.600041428088,14225.026772423504,2903.6714308222895,0.022875,0.00927508349897959,0.0018932684911840015,2018-06-18,Desert Grassland
7,Ambient,24,-298894367920077.4,258044959057438.25,52673206699008.35,0.004808333333333334,0.00685012958726467,0.0013982768467283647,2018-06-18,Desert Grassland
9,Exclusion,24,-277544770016548.62,260795074067514.03,53234571574729.57,0.0056375,0.007429015529606223,0.0015164414448956155,2018-06-18,Desert Grassland
10,Ambient,24,-22005.956886268323,29544.621955416933,6030.770702850039,0.018458333333333334,0.00692807248849181,0.0014141868748182515,2018-06-18,Desert Grassland
11,Addition,24,-21350161311639.188,104591117273370.98,21349572412279.562,0.013504166666666666,0.010953080931137959,0.0022357882827247046,2018-06-18,Desert Grassland
12,Exclusion,24,-850164119.1198219,2234389523.9759603,456092851.69677526,0.011791666666666667,0.009399256060601479,0.0019186151091863288,2018-06-18,Desert Grassland
1,Addition,24,-123.47316705494892,96.95984321431018,19.79184511794316,0.042166666666666665,0.008625879497271526,0.0017607502792541933,2018-06-19,Desert Grassland
3,Ambient,24,-213495988283338.25,258044955706347.88,52673206014969.89,0.007916666666666667,0.00893681524183345,0.0018242197723349503,2018-06-19,Desert Grassland
4,Exclusion,24,-21350171624093.39,104591115076776.92,21349571963901.676,0.0112125,0.008924139831890266,0.0018216324151148337,2018-06-19,Desert Grassland
5,Addition,24,-4900.426712217576,5761.241506231669,1176.008497934265,0.024333333333333332,0.009443961340301085,0.0019277405361923653,2018-06-19,Desert Grassland
7,Ambient,24,-298894358670105.3,258044970237546.22,52673208981138.336,0.005433333333333333,0.007566037769944839,0.0015444109925824997,2018-06-19,Desert Grassland
9,Exclusion,24,-277544769801982.12,260795074305789.28,53234571623367.305,0.005970833333333333,0.007853300561556581,0.001603048264377185,2018-06-19,Desert Grassland
10,Ambient,24,-16093.225025937934,19753.107310200503,4032.086145369296,0.019,0.006965754742340185,0.0014218787326754638,2018-06-19,Desert Grassland
11,Addition,24,-21990548.827218983,62846466.45777124,12828481.24653981,0.014083333333333333,0.010822346714359003,0.002209102272472134,2018-06-19,Desert Grassland
12,Exclusion,24,-31263364.628746834,74955022.07949442,15300129.812817352,0.012791666666666666,0.009537017885320733,0.0019467356239027379,2018-06-19,Desert Grassland
1,Addition,24,-126.89057939835291,105.34261419358818,21.502971078763323,0.042333333333333334,0.008991138955112691,0.0018353085538739,2018-06-20,Desert Grassland
3,Ambient,24,-192146391547818.72,253395117087905.22,51724061681513.86,0.0089125,0.009529602049266868,0.0019452218727070624,2018-06-20,Desert Grassland
4,Exclusion,24,-64049088699944.46,173101714564778,35334239523717.1,0.0118875,0.00988086919693589,0.00201692397897306,2018-06-20,Desert Grassland
5,Addition,24,-6535.771939727411,8228.6221353058,1679.6604598058477,0.024583333333333332,0.010537373101682315,0.0021509322773708497,2018-06-20,Desert Grassland
7,Ambient,24,-277544769861954.94,260795074239189.72,53234571609772.73,0.0061375,0.00817758402187239,0.0016692423485270022,2018-06-20,Desert Grassland
9,Exclusion,24,-256195439979819.16,261705084580638.88,53420326692873.25,0.007008333333333333,0.008778229823864246,0.001791848659445738,2018-06-20,Desert Grassland
10,Ambient,24,-17307.657775615717,23256.80638304952,4747.275723764512,0.019125,0.007115888529566592,0.0014525246636634868,2018-06-20,Desert Grassland
11,Addition,24,-850118833.11449,2234407492.7852015,456096519.5646025,0.013458333333333333,0.011021635508188533,0.0022497819271668894,2018-06-20,Desert Grassland
12,Exclusion,24,-23141250.571557112,62742718.02084432,12807303.685532954,0.013583333333333333,0.009977874072892119,0.002036725016360955,2018-06-20,Desert Grassland
1,Addition,24,-117.89915806140968,95.04884655585957,19.401764558495852,0.042583333333333334,0.008637213050247302,0.0017630637310678146,2018-06-21,Desert Grassland
3,Ambient,24,-192146375230924.44,253395129998747.72,51724064316928.55,0.009079166666666666,0.009483944288921266,0.0019359020214033123,2018-06-21,Desert Grassland
4,Exclusion,24,-306351940.44013935,1350096203.9273686,275587233.60754967,0.012791666666666666,0.009098395303648291,0.0018572021643394276,2018-06-21,Desert Grassland
5,Addition,24,-5688.683694013767,7533.56668245112,1537.782859603093,0.024708333333333332,0.009971608246140276,0.0020354460098310637,2018-06-21,Desert Grassland
7,Ambient,24,-256195449316911.97,261705075042708.62,53420324745951.39,0.006175,0.008166700680201276,0.0016670207957111194,2018-06-21,Desert Grassland
9,Exclusion,24,-256195440194366.78,261705084361476.34,53420326648136.89,0.006758333333333333,0.008548883307023289,0.0017450334977336568,2018-06-21,Desert Grassland
10,Ambient,24,-18498.244152014788,26260.37382076341,5360.376359634322,0.019291666666666665,0.007291920285444388,0.0014884569953657178,2018-06-21,Desert Grassland
11,Addition,24,-306569598.33311385,1350045467.9744043,275576877.1745183,0.013833333333333333,0.010805259052350656,0.0022056142680706684,2018-06-21,Desert Grassland
12,Exclusion,24,-22152195.434209898,62804408.317374095,12819896.164581198,0.013791666666666667,0.009912570704464836,0.00202339502209997,2018-06-21,Desert Grassland
1,Addition,24,-106.88938442601987,77.12671372283116,15.743424513220793,0.042708333333333334,0.008002603742949333,0.0016335246486593885,2018-06-22,Desert Grassland
3,Ambient,24,-149447742547601.75,237905339451601.97,48562224061670.766,0.008445833333333333,0.008708066184100041,0.0017775265664525086,2018-06-22,Desert Grassland
4,Exclusion,24,-4212640.646089817,10324837.584308056,2107548.646555403,0.01325,0.008242255917447337,0.0016824434439317673,2018-06-22,Desert Grassland
5,Addition,24,-3491.3133912066864,3751.750147270648,765.8227919353942,0.024791666666666667,0.008787239595580908,0.0017936877713961366,2018-06-22,Desert Grassland
7,Ambient,24,-256195716446542.97,261704802170456.22,53420269046136.12,0.00555,0.007267736924242649,0.0014835205874315779,2018-06-22,Desert Grassland
9,Exclusion,24,-277544761731760.22,260795083267735.5,53234573452716.914,0.005845833333333333,0.00749190746981247,0.0015292792084321933,2018-06-22,Desert Grassland
10,Ambient,24,-10123.269890522964,12031.603549739893,2455.940790360129,0.019708333333333335,0.006314091670477109,0.0012888585651521984,2018-06-22,Desert Grassland
11,Addition,24,-5713995.083245479,11608213.708471674,2369516.7009113706,0.014541666666666666,0.010705460478558174,0.0021852429694999118,2018-06-22,Desert Grassland
12,Exclusion,24,-1276371.628657504,2532455.448807774,516935.3038258344,0.01375,0.008507030340688301,0.0017364902967551066,2018-06-22,Desert Grassland
1,Addition,24,-123.11859640813137,94.73888546434374,19.33849401563503,0.041791666666666664,0.008043248136151846,0.001641821150680322,2018-06-23,Desert Grassland
3,Ambient,24,-170797063032918.88,246737978744575.88,50365179007491.04,0.00845,0.00880814840138775,0.0017979557635092785,2018-06-23,Desert Grassland
4,Exclusion,24,-297036952.8002217,1351458751.8241794,275865362.5323237,0.012624999999999999,0.00866182278236189,0.0017680871716000918,2018-06-23,Desert Grassland
5,Addition,24,-5873.587200156952,7568.642279816031,1544.9426359337049,0.02375,0.00901809774600618,0.0018408114940215198,2018-06-23,Desert Grassland
7,Ambient,24,-256195716630746.53,261704801982290.03,53420269007726.85,0.005758333333333333,0.007556506937828435,0.0015424655196233897,2018-06-23,Desert Grassland
9,Exclusion,24,-256195441176111.72,261705083358614.1,53420326443428.49,0.006175,0.00774592459465537,0.001581130236915023,2018-06-23,Desert Grassland
10,Ambient,24,-15379.06195655975,21957.60075392287,4482.076485238521,0.019,0.0064336074132500575,0.001313254613987486,2018-06-23,Desert Grassland
11,Addition,24,-840826341.8150338,2237585577.8024807,456745243.45222896,0.013625,0.010965608292173823,0.002238345419588162,2018-06-23,Desert Grassland
12,Exclusion,24,-29855744.275075406,75273362.64316663,15365110.808269594,0.013083333333333334,0.009030945189430215,0.0018434339674288666,2018-06-23,Desert Grassland
1,Addition,24,-114.37516891462211,83.18531406784214,16.980131129948045,0.04175,0.007176350047203661,0.0014648663192705787,2018-06-24,Desert Grassland
3,Ambient,24,-149447467378761.53,237905519818808.3,48562260878972.59,0.0081125,0.008152263622694805,0.0016640738436879466,2018-06-24,Desert Grassland
4,Exclusion,24,-12572384.400351606,45881757.09409123,9365574.448570482,0.012583333333333334,0.008042910281552408,0.0016417521863989991,2018-06-24,Desert Grassland
5,Addition,24,-4464.829443655818,5175.323553627444,1056.4084966828843,0.023541666666666666,0.008070230677521294,0.0016473289388735457,2018-06-24,Desert Grassland
7,Ambient,24,-277545038189019.28,260794776266361.06,53234510786323.77,0.0048875,0.006583332874701874,0.0013438171958257946,2018-06-24,Desert Grassland
9,Exclusion,24,-277544761766810,260795083228812.84,53234573444771.86,0.005304166666666667,0.006791649550969809,0.001386339659306544,2018-06-24,Desert Grassland
10,Ambient,24,-13914.891552726172,17927.774898997974,3659.491727168439,0.018708333333333334,0.005967150413553442,0.0012180394776369632,2018-06-24,Desert Grassland
11,Addition,24,-565233017.673947,1870047954.4191651,381721940.23853415,0.013708333333333333,0.010613687498642523,0.0021665098884192423,2018-06-24,Desert Grassland
12,Exclusion,24,-12791631.373388555,45842677.15729374,9357597.289875977,0.012625,0.008276800999335957,0.0016894949292442488,2018-06-24,Desert Grassland
1,Addition,24,-113.21098572484946,86.87305706042537,17.732888516144143,0.0425,0.008214515254691857,0.0016767809048586376,2018-06-25,Desert Grassland
3,Ambient,24,-149447734260410.12,237905344883799.8,48562225170513.51,0.009154166666666666,0.00937132440023782,0.0019129135828896886,2018-06-25,Desert Grassland
4,Exclusion,24,-13537698.46434658,46019816.11811155,9393755.628840186,0.013166666666666667,0.008701157677432137,0.0017761163734340937,2018-06-25,Desert Grassland
5,Addition,24,-4251.7976661421435,5121.976400448009,1045.5190546395754,0.024833333333333332,0.009374649751911508,0.0019135923674576754,2018-06-25,Desert Grassland
7,Ambient,24,-256195449316886.34,261705075042734.8,53420324745956.74,0.006091666666666667,0.007995972718196638,0.0016321710963997328,2018-06-25,Desert Grassland
9,Exclusion,24,-256195440189385.8,261705084366564.44,53420326649175.49,0.006883333333333333,0.008655215400161245,0.0017667384453561644,2018-06-25,Desert Grassland
10,Ambient,24,-12758.504616908991,16670.93538238529,3402.9404351461612,0.01975,0.00689832998063583,0.0014081157108250955,2018-06-25,Desert Grassland
11,Addition,24,-29927602.254993558,75245186.16007996,15359359.307743885,0.014083333333333333,0.01058266287959644,0.0021601770145753146,2018-06-25,Desert Grassland
12,Exclusion,24,-4720917.013182354,10322866.670527847,2107146.3354646917,0.014,0.009509720427472916,0.0019411635536525475,2018-06-25,Desert Grassland
1,Addition,24,-110.73307901972906,77.46361837955918,15.812194888300057,0.042,0.007247188360352915,0.001479326129391842,2018-06-26,Desert Grassland
3,Ambient,24,-106748557859355.33,212565399054231.44,43389730387829.42,0.009520833333333333,0.009232597221219788,0.0018845960160521955,2018-06-26,Desert Grassland
4,Exclusion,24,-4450369.498932085,10329876.802242352,2108577.272608878,0.012708333333333334,0.007765470766919675,0.0015851200826210304,2018-06-26,Desert Grassland
5,Addition,24,-3341.1934292705982,3649.5223414507655,744.9556284534749,0.024833333333333332,0.008600640353645397,0.0017555983606351241,2018-06-26,Desert Grassland
7,Ambient,24,-256195441180191.7,261705083354446.34,53420326442577.75,0.006008333333333333,0.007646307245510975,0.0015607959306706525,2018-06-26,Desert Grassland
9,Exclusion,24,-234846119688309.44,260794564972076.47,53234467656058.54,0.006420833333333333,0.007982752013569313,0.0016294724313683164,2018-06-26,Desert Grassland
10,Ambient,24,-7759.313235436984,8245.837279845544,1683.174486470067,0.019958333333333335,0.005849408492330223,0.001194005508609308,2018-06-26,Desert Grassland
11,Addition,24,-4728097.931320526,10319559.017761255,2106471.163670987,0.013666666666666667,0.009257977366981205,0.0018897767166116066,2018-06-26,Desert Grassland
12,Exclusion,24,-1267520.295651488,2536563.7655585743,517773.91047093354,0.014125,0.008649264859437227,0.0017655237963172061,2018-06-26,Desert Grassland
1,Addition,24,-113.32799988590887,79.75062400604084,16.279027956946244,0.04225,0.008087833052076486,0.0016509220085336768,2018-06-27,Desert Grassland
3,Ambient,24,-106748834238685.66,212565254228537.2,43389700825408.375,0.009645833333333333,0.009806917663464448,0.0020018286854146116,2018-06-27,Desert Grassland
4,Exclusion,24,-4582320.939345435,10292382.223599901,2100923.723792657,0.013208333333333334,0.008757501960017488,0.0017876176019555347,2018-06-27,Desert Grassland
5,Addition,24,-3706.8796220909967,3891.8887490312186,794.4284642337688,0.024916666666666667,0.009361886964508377,0.0019109871743882346,2018-06-27,Desert Grassland
7,Ambient,24,-256195182169260.53,261705347932800.03,53420380449408.05,0.006466666666666667,0.00833664861589641,0.00170171127281882,2018-06-27,Desert Grassland
9,Exclusion,24,-256195441141528.34,261705083393941.34,53420326450639.63,0.006841666666666667,0.008631888133752846,0.0017619767870399525,2018-06-27,Desert Grassland
10,Ambient,24,-8239.803273769334,8892.934514920898,1815.2626564617701,0.020333333333333332,0.006538625481582945,0.0013346913374198451,2018-06-27,Desert Grassland
11,Addition,24,-4558843.5214887215,10294162.63616953,2101287.1489865924,0.014125,0.010263114621747652,0.0020949494995815775,2018-06-27,Desert Grassland
12,Exclusion,24,-1065828.7161291263,2171933.1745187705,443344.0027495196,0.0145,0.009292353097410609,0.0018967936332022319,2018-06-27,Desert Grassland
1,Addition,24,-143.69428333838118,108.69055589290417,22.18636681642254,0.040375,0.007665918362976877,0.0015647990332604228,2018-06-28,Desert Grassland
3,Ambient,24,-170797064008882.3,246737978039621.03,50365178863592.734,0.008408333333333334,0.00888153515258858,0.0018129357713694964,2018-06-28,Desert Grassland
4,Exclusion,24,-306105756.1449894,1350153569.3682315,275598943.27913165,0.012208333333333333,0.00880207073792084,0.0017967151656490881,2018-06-28,Desert Grassland
5,Addition,24,-6744.989688821013,8214.435350302105,1676.764594443379,0.022583333333333334,0.008355766905539559,0.001705613777350524,2018-06-28,Desert Grassland
7,Ambient,24,-277545038121320.34,260794776341540.62,53234510801669.74,0.0053875,0.0072577582177850266,0.0014814836925053953,2018-06-28,Desert Grassland
9,Exclusion,24,-277544769740358.25,260795074374222.34,53234571637336.15,0.0056375,0.007245317078307711,0.001478944155543877,2018-06-28,Desert Grassland
10,Ambient,24,-14144.807504825967,17811.735297646363,3635.8052427294874,0.018458333333333334,0.005875366161885733,0.0011993040957195395,2018-06-28,Desert Grassland
11,Addition,24,-21350438735814.61,104591058189389.06,21349560351812.254,0.012379166666666667,0.010469748519328009,0.0021371284673011104,2018-06-28,Desert Grassland
12,Exclusion,24,-21881512.938272983,62883719.08550798,12836085.407334216,0.01275,0.008783631020998292,0.0017929511741939543,2018-06-28,Desert Grassland
1,Addition,24,-154.98135647801234,110.4911637761051,22.55391436147881,0.03954166666666667,0.00737197493842414,0.0015047980829770487,2018-06-29,Desert Grassland
3,Ambient,24,-213495980222449.4,258044962665565.38,52673207435514.22,0.0077083333333333335,0.008485430821819483,0.001732081313428588,2018-06-29,Desert Grassland
4,Exclusion,24,-840874168.2712778,2237566834.7949095,456741417.55182946,0.011083333333333334,0.008329709356935241,0.0017002948025148282,2018-06-29,Desert Grassland
5,Addition,24,-7057.184503738787,8124.487563767572,1658.4040794015134,0.021750000000000002,0.007775379202272417,0.0015871426335179947,2018-06-29,Desert Grassland
7,Ambient,24,-298894366750012.56,258044960471653.94,52673206987683.92,0.004641666666666667,0.006450676854722919,0.0013167388991377205,2018-06-29,Desert Grassland
9,Exclusion,24,-277545036998658.34,260794777588255.03,53234511056154.25,0.0050125000000000005,0.006600811050298224,0.001347384913479613,2018-06-29,Desert Grassland
10,Ambient,24,-22647.53515800283,29323.07564636127,5985.547751884762,0.017708333333333333,0.006244852953096422,0.0012747252711499105,2018-06-29,Desert Grassland
11,Addition,24,-21350438811070.957,104591058173358.88,21349560348540.105,0.011879166666666666,0.010117268026440763,0.0020651786879795717,2018-06-29,Desert Grassland
12,Exclusion,24,-30328738.816345442,75095797.2103485,15328865.416072857,0.01175,0.008430018825086,0.0017207703869597715,2018-06-29,Desert Grassland
1,Addition,24,-164.91002901095345,130.3667873571406,26.6110090359093,0.039875,0.00832655521444075,0.0016996509658742003,2018-06-30,Desert Grassland
3,Ambient,24,-192146667799438.06,253394898505487.8,51724017063564.74,0.0072875,0.007938640366559328,0.0016204681791276304,2018-06-30,Desert Grassland
4,Exclusion,24,-851139298.6808311,2234010816.0871763,456015548.27268463,0.010916666666666667,0.008469467755294368,0.0017288228661188688,2018-06-30,Desert Grassland
5,Addition,24,-7743.756769586581,8634.68379700062,1762.5474494107605,0.022375,0.008904383385628725,0.0018175996474088761,2018-06-30,Desert Grassland
7,Ambient,24,-298894358906561.94,258044969951749.53,52673208922800.33,0.0047666666666666664,0.006593255227332977,0.0013458425875753084,2018-06-30,Desert Grassland
9,Exclusion,24,-277544770029204.88,260795074053459.3,53234571571860.664,0.0051375,0.006720106915557351,0.0013717360800053363,2018-06-30,Desert Grassland
10,Ambient,24,-21254.42175782314,27040.902713548006,5519.701152702804,0.018083333333333333,0.006560200597852018,0.0013390953395865494,2018-06-30,Desert Grassland
11,Addition,24,-843290416.7600112,2236636243.2141423,456551461.3408453,0.012666666666666666,0.010606260114818437,0.0021649937800448413,2018-06-30,Desert Grassland
12,Exclusion,24,-14398691.303012127,45826922.91001476,9354381.467616383,0.01225,0.008613689811800345,0.0017582620701267425,2018-06-30,Desert Grassland
1,Addition,24,-145.66975421149755,119.26858267752057,24.34559749207284,0.041125,0.008694388495135688,0.0017747346198839118,2018-07-01,Desert Grassland
3,Ambient,24,-192146375234295.53,253395129996080.3,51724064316384.06,0.008995833333333333,0.009359695236894,0.0019105397898623686,2018-07-01,Desert Grassland
4,Exclusion,24,-306649682.5422439,1350026579.365996,275573021.5534723,0.011833333333333333,0.008671124828827079,0.001769985943883706,2018-07-01,Desert Grassland
5,Addition,24,-5269.371903193087,5932.365931338855,1210.9391249375751,0.02425,0.009691995801108029,0.001978370358492646,2018-07-01,Desert Grassland
7,Ambient,24,-277544769801092.9,260795074306776.75,53234571623568.875,0.005929166666666667,0.0077946737202911264,0.001591081110516226,2018-07-01,Desert Grassland
9,Exclusion,24,-256195440050067.28,261705084508879.72,53420326678225.48,0.006466666666666667,0.008130707582806151,0.0016596737354710898,2018-07-01,Desert Grassland
10,Ambient,24,-14285.122813695763,18156.52154325568,3706.184440402216,0.019291666666666665,0.006778990348490514,0.0013837556104211398,2018-07-01,Desert Grassland
11,Addition,24,-298319541.8472705,1351179278.2335615,275808315.2245239,0.0135,0.010291406292546266,0.002100724512700528,2018-07-01,Desert Grassland
12,Exclusion,24,-14110013.636631455,45893792.548367396,9368031.175387083,0.013375,0.009518003535634341,0.001942854336025862,2018-07-01,Desert Grassland
1,Addition,24,-135.13010503669406,99.52109625228697,20.31465870504286,0.04070833333333333,0.0075266434961967325,0.0015363696701266346,2018-07-02,Desert Grassland
3,Ambient,24,-149447467378718.16,237905519818836.72,48562260878978.39,0.008445833333333333,0.008728014823178474,0.001781598565352934,2018-07-02,Desert Grassland
4,Exclusion,24,-21914345.958673123,62872102.44413809,12833714.17034412,0.011666666666666667,0.00787216707728905,0.0016068993757745798,2018-07-02,Desert Grassland
5,Addition,24,-4684.043388282953,5176.381711242894,1056.6244922016588,0.023291666666666665,0.008227626667497143,0.0016794572607902996,2018-07-02,Desert Grassland
7,Ambient,24,-277545046265570.66,260794767297366.5,53234508955535.43,0.004804166666666667,0.006699154986730183,0.0013674592854425302,2018-07-02,Desert Grassland
9,Exclusion,24,-277544769807964.78,260795074299145.6,53234571622011.17,0.005470833333333334,0.007228595339324933,0.001475530844867226,2018-07-02,Desert Grassland
10,Ambient,24,-9678.201005536348,10295.833622575812,2101.6282376584686,0.019375,0.005991388748064574,0.0012229871069508935,2018-07-02,Desert Grassland
11,Addition,24,-21968340.857016947,62854277.54458297,12830075.677958587,0.013,0.009486832980505138,0.0019364916731037087,2018-07-02,Desert Grassland
12,Exclusion,24,-1620512.0211610026,2812238.715220127,574045.8239324536,0.013,0.008387361091961913,0.0017120629136482854,2018-07-02,Desert Grassland
1,Addition,24,-148.03000475881484,107.10502282582684,21.86272123436842,0.039875,0.007314740923820111,0.0014931152386678092,2018-07-03,Desert Grassland
3,Ambient,24,-149447751644622.9,237905333488565.5,48562222844471.05,0.007779166666666667,0.008250690572766393,0.0016841651607390955,2018-07-03,Desert Grassland
4,Exclusion,24,-574722847.7965115,1867612631.1962233,381224831.96728766,0.010958333333333334,0.008137295601742936,0.0016610185092053326,2018-07-03,Desert Grassland
5,Addition,24,-7129.00208892584,8077.164021133174,1648.7442017119201,0.021291666666666667,0.007291920285444388,0.0014884569953657178,2018-07-03,Desert Grassland
7,Ambient,24,-298894635135938.25,258044636086477.88,52673140772837.125,0.003933333333333333,0.005648521673982431,0.0011529996585257028,2018-07-03,Desert Grassland
9,Exclusion,24,-277544769883304.06,260795074215481.6,53234571604933.33,0.0050125000000000005,0.006527954103898763,0.0013325130515716144,2018-07-03,Desert Grassland
10,Ambient,24,-13866.45748862747,17302.787352421405,3531.916678442895,0.018291666666666668,0.005660535899247232,0.001155452051988504,2018-07-03,Desert Grassland
11,Addition,24,-565709429.0358005,1869898823.4946349,381691499.01603675,0.012125,0.009552202113512428,0.0019498350915033741,2018-07-03,Desert Grassland
12,Exclusion,24,-22004683.162273068,62841369.711551316,12827440.877574204,0.011708333333333333,0.008024306372118602,0.001637954679287851,2018-07-03,Desert Grassland
1,Addition,24,-170.73147578712474,119.65456487694298,24.424385778604684,0.038125,0.005951342559529703,0.001214812712946416,2018-07-04,Desert Grassland
3,Ambient,24,-192146934949751.47,253394687124065.4,51723973915512.58,0.0061625000000000004,0.006486294078251865,0.0013240092344461011,2018-07-04,Desert Grassland
4,Exclusion,24,-42699759274816.95,144662910618934.8,29529192976853.38,0.008758333333333333,0.0063142982443689325,0.0012889007318712942,2018-07-04,Desert Grassland
5,Addition,24,-14121.334800571341,19490.42813576364,3978.4669834171414,0.020125,0.00738572359647166,0.0015076045160490846,2018-07-04,Desert Grassland
7,Ambient,24,-298894376384241.1,258044948827107.97,52673204610750.92,0.002683333333333333,0.0036255934047038263,7.400711546936969e-4,2018-07-04,Desert Grassland
9,Exclusion,24,-277544770125480.6,260795073946545.47,53234571550036.97,0.0037625,0.004659614884254408,9.511399053584165e-4,2018-07-04,Desert Grassland
10,Ambient,24,-24196.763971916957,31197.71674487291,6368.207263735099,0.016666666666666666,0.005061935243145362,0.0010332632047264365,2018-07-04,Desert Grassland
11,Addition,24,-42699759335438.26,144662910600263.44,29529192973042.1,0.009716666666666667,0.007469047239552489,0.0015246128834705695,2018-07-04,Desert Grassland
12,Exclusion,24,-306477442.0517732,1350066589.663923,275581188.6213371,0.010375,0.006945830779495805,0.0014178117707902217,2018-07-04,Desert Grassland
1,Addition,24,-130.604565905862,103.0700690662699,21.039089747148488,0.04170833333333333,0.008482612224128104,0.0017315059695840827,2018-07-05,Desert Grassland
3,Ambient,24,-192146383496457.06,253395123458594.56,51724062981925.375,0.008995833333333333,0.009607265328981462,0.0019610748232947125,2018-07-05,Desert Grassland
4,Exclusion,24,-40708197.197220646,84230730.63522097,17193525.89317555,0.011625,0.008616528605963732,0.0017588415365588333,2018-07-05,Desert Grassland
5,Addition,24,-6307.2296651335255,7253.527966295587,1480.6201960359974,0.023583333333333335,0.009609400590575093,0.001961510681742359,2018-07-05,Desert Grassland
7,Ambient,24,-277545038387288.6,260794776046183.28,53234510741380.17,0.0053458333333333335,0.007405226072741183,0.0015115854423475071,2018-07-05,Desert Grassland
9,Exclusion,24,-277544761726699,260795083273355.97,53234573453864.19,0.0063875,0.008410465142490246,0.0017167790082137765,2018-07-05,Desert Grassland
10,Ambient,24,-14257.062469384753,17139.495311762777,3498.584830220275,0.019125,0.006797138144581272,0.001387460013786009,2018-07-05,Desert Grassland
11,Addition,24,-16482240.755411651,45966533.375471696,9382879.334543211,0.013416666666666667,0.010244475358080513,0.0020911447758177703,2018-07-05,Desert Grassland
12,Exclusion,24,-2943539.4764479995,6581120.038939319,1343365.5026172244,0.013375,0.009235152596371156,0.0018851176298207153,2018-07-05,Desert Grassland
1,Addition,24,-111.08709479789513,75.18612956918513,15.347304431607165,0.04175,0.006917212306049057,0.0014119700493600616,2018-07-06,Desert Grassland
3,Ambient,24,-170797053399928.22,246737985702643.53,50365180427800.66,0.009533333333333333,0.0093549645813782,0.0019095741488488192,2018-07-06,Desert Grassland
4,Exclusion,24,-31197844.80745997,74981930.10653815,15305622.390837532,0.011208333333333334,0.007448251424016399,0.0015203679553998642,2018-07-06,Desert Grassland
5,Addition,24,-5485.493529449585,6293.692878011472,1284.6946790763868,0.023875,0.009161889400735219,0.0018701628426345698,2018-07-06,Desert Grassland
7,Ambient,24,-277544771280765.16,260795072663606.47,53234571288158.14,0.0048875,0.006649047823299344,0.0013572312035372133,2018-07-06,Desert Grassland
9,Exclusion,24,-256195173132332.44,261705357164089.75,53420382333737.164,0.006383333333333333,0.007962393493474655,0.001625316765855807,2018-07-06,Desert Grassland
10,Ambient,24,-14043.057889805445,18137.83509572672,3702.3700852729457,0.019,0.006269317971365543,0.0012797191720921783,2018-07-06,Desert Grassland
11,Addition,24,-13893566.952298157,45938566.61595016,9377170.643660972,0.012791666666666666,0.008667676919936841,0.0017692821424286488,2018-07-06,Desert Grassland
12,Exclusion,24,-2838998.2730855686,6607608.211001326,1348772.378098138,0.013416666666666667,0.008692408815425835,0.001774330519455305,2018-07-06,Desert Grassland
1,Addition,24,-108.86928643893434,59.58944110281799,12.16364372996125,0.04070833333333333,0.004912089493118564,0.0010026760690855787,2018-07-07,Desert Grassland
3,Ambient,24,-85398962310263.34,195063401221256.75,39817150040322.34,0.007183333333333333,0.006170171350355971,0.0012594809528259654,2018-07-07,Desert Grassland
4,Exclusion,24,-4237979.929194452,10314553.33417333,2105449.3827873003,0.010791666666666666,0.00571024378270937,0.0011655986312115014,2018-07-07,Desert Grassland
5,Addition,24,-4207.512635738364,4409.5917532364265,900.1041474511599,0.021666666666666667,0.005418700844351874,0.001106087678120872,2018-07-07,Desert Grassland
7,Ambient,24,-298894635231519.6,258044635970951.84,52673140749255.48,0.0029333333333333334,0.0040787537170143,8.325721160971076e-4,2018-07-07,Desert Grassland
9,Exclusion,24,-277545038148463.78,260794776311397.9,53234510795516.88,0.0037208333333333334,0.004661869299145874,9.516000858711352e-4,2018-07-07,Desert Grassland
10,Ambient,24,-8843.08822257457,9549.005784487266,1949.182643573233,0.018541666666666668,0.004363675820528682,8.907315969346648e-4,2018-07-07,Desert Grassland
11,Addition,24,-1202084.1805934997,2522327.0911189266,514867.8614699952,0.012625,0.006958338757265959,0.0014203649510611345,2018-07-07,Desert Grassland
12,Exclusion,24,-787982.0466539315,1667926.2256444916,340464.0151196036,0.011708333333333333,0.005886455836820708,0.001201567766136541,2018-07-07,Desert Grassland
1,Addition,24,-105.94006780724659,79.14035466587104,16.15445724952283,0.0425,0.007015510765749548,0.00143203513842404,2018-07-08,Desert Grassland
3,Ambient,24,-128098144087469.5,226643164574552.62,46263342241440.54,0.008858333333333333,0.007748150784523372,0.001581584656018953,2018-07-08,Desert Grassland
4,Exclusion,24,-5836158.379410367,11565918.58373065,2360883.2447261307,0.012458333333333333,0.00739552841788267,0.0015096059168387588,2018-07-08,Desert Grassland
5,Addition,24,-5004.53777162538,6231.931075303289,1272.0876038905958,0.023833333333333335,0.00789422830805584,0.0016114026056476152,2018-07-08,Desert Grassland
7,Ambient,24,-298894358679554.9,258044970226124.88,52673208978806.96,0.004225,0.005586182487406646,0.0011402747253514668,2018-07-08,Desert Grassland
9,Exclusion,24,-234846120695161.1,260794564025983.75,53234467462938.17,0.0052541666666666665,0.006250424623256767,0.0012758625835589052,2018-07-08,Desert Grassland
10,Ambient,24,-10231.152015084734,10308.845606573397,2104.2842977697474,0.018916666666666665,0.005633106075512072,0.0011498529626647021,2018-07-08,Desert Grassland
11,Addition,24,-2766865.8696603975,6621749.421008779,1351658.9405034545,0.014624999999999999,0.008786414909194861,0.0017935194329925003,2018-07-08,Desert Grassland
12,Exclusion,24,-1357733.5129962226,2542554.9288666802,518996.85156014556,0.013291666666666667,0.007486098227158569,0.0015280934017410208,2018-07-08,Desert Grassland
1,Addition,24,-59.322253732496286,33.93470071641619,6.926891777439868,0.04625,0.005802922801785171,0.0011845166567612832,2018-07-09,Desert Grassland
3,Ambient,24,-21917508.830832474,62869760.30166031,12833236.082512831,0.010875,0.00726703396226381,0.0014833770959185168,2018-07-09,Desert Grassland
4,Exclusion,24,-118197.03487159466,176908.86118116925,36111.3700725606,0.013958333333333333,0.005871664949174324,0.0011985485888385014,2018-07-09,Desert Grassland
5,Addition,24,-1047.254953194749,972.1581271280915,198.4409467302971,0.0285,0.007107864597080813,0.0014508867853034284,2018-07-09,Desert Grassland
7,Ambient,24,-320243954360357.06,253395131930140.12,51724064711172.375,0.0044375,0.006340196986378811,0.0012941872904466431,2018-07-09,Desert Grassland
9,Exclusion,24,-277545037134136.3,260794777437806.97,53234511025444.17,0.005804166666666667,0.00776729370175194,0.00158549218763548,2018-07-09,Desert Grassland
10,Ambient,24,-35120.946929910446,46145.67063512576,9419.445574549289,0.018083333333333333,0.008010409893798611,0.0016351180725290488,2018-07-09,Desert Grassland
11,Addition,24,-21511.205962331147,26875.320260058386,5485.90177591883,0.018166666666666668,0.006888343441083556,0.0014060772169751628,2018-07-09,Desert Grassland
12,Exclusion,24,-92916.62342102602,121563.79903242973,24814.106568641022,0.014916666666666667,0.007125683287856721,0.0014545240103272126,2018-07-09,Desert Grassland
1,Addition,24,-83.00183810418619,130.69213814541544,26.67742098746644,0.04754166666666667,0.010778316262258933,0.0022001145940730316,2018-07-10,Desert Grassland
3,Ambient,24,-64049365430636.75,173101607725506.22,35334217715242.07,0.008845833333333334,0.007689800085978753,0.0015696738695548465,2018-07-10,Desert Grassland
4,Exclusion,24,-2261157.3697144794,6465480.7404991,1319760.7296678943,0.013083333333333334,0.00725268565948934,0.001480448260879149,2018-07-10,Desert Grassland
5,Addition,24,-1392.7058051988336,1356.7069616819197,276.9366488835327,0.027,0.006580603910439144,0.0013432601483282965,2018-07-10,Desert Grassland
7,Ambient,24,-320244232164615.2,253394765576086.4,51723989929464.305,0.0028125,0.0045026863962093445,9.191070118736786e-4,2018-07-10,Desert Grassland
9,Exclusion,24,-213495980672453.38,258044962277062.66,52673207356211.43,0.004916666666666666,0.005480928726971819,0.0011187898914702611,2018-07-10,Desert Grassland
10,Ambient,24,-8709.244673230161,7976.43529516847,1628.1830366240733,0.018375,0.004585539653415231,9.360193621805117e-4,2018-07-10,Desert Grassland
11,Addition,24,-51724.83251217481,80174.26182580375,16365.50266479327,0.01825,0.00762860748589892,0.0015571829823690312,2018-07-10,Desert Grassland
12,Exclusion,24,-85398388330050.6,195063663425131.16,39817203562464.08,0.010558333333333333,0.007727866946074569,0.0015774442348335685,2018-07-10,Desert Grassland
1,Addition,24,-0.6101291738421897,0.47732933925929016,0.09743444337042526,0.11866666666666667,0.013681681395102778,0.002792761520110975,2018-07-11,Desert Grassland
3,Ambient,24,-57345.6274489381,88999.06625410543,18166.858325559315,0.019541666666666666,0.00899264997779789,0.0018356169900879422,2018-07-11,Desert Grassland
4,Exclusion,24,-5667.52821665882,4556.668554005759,930.126073691647,0.019708333333333335,0.004676296999035498,9.545451277787676e-4,2018-07-11,Desert Grassland
5,Addition,24,-295.04876719367843,135.357806174528,27.62979648584499,0.033,0.0039009474880274697,7.962775715882577e-4,2018-07-11,Desert Grassland
7,Ambient,24,-192146372530623.97,253395132135378.03,51724064753066.38,0.0146625,0.012644566198483287,0.0025810612670939745,2018-07-11,Desert Grassland
9,Exclusion,24,-64049917222668.16,173101394689919.5,35334174229535.03,0.006595833333333333,0.005963328452457071,0.0012172593230950566,2018-07-11,Desert Grassland
10,Ambient,24,-3775.8789672291628,3043.7416343326104,621.3011594149864,0.021500000000000002,0.005056205829602306,0.00103209369308428,2018-07-11,Desert Grassland
11,Addition,24,-1080.8642099734914,648.7808997659803,132.43184660753417,0.026166666666666668,0.004574662417259231,9.337990556476821e-4,2018-07-11,Desert Grassland
12,Exclusion,24,-278828257.5196562,1353889777.3553672,276361593.5409144,0.013583333333333333,0.008096787697259498,0.001652749867827514,2018-07-11,Desert Grassland
1,Addition,24,-0.4127168169523402,0.03286616271337237,0.006708777370920715,0.12258333333333334,0.001954185400546773,3.9889642451132977e-4,2018-07-12,Desert Grassland
3,Ambient,24,-673.3325259700589,425.84174994781347,86.92458321216735,0.0285,0.004096658235153645,8.36226860558091e-4,2018-07-12,Desert Grassland
4,Exclusion,24,-6229.035302159317,5541.4538765036705,1131.144535883485,0.019208333333333334,0.00405376010815795,8.274703170530437e-4,2018-07-12,Desert Grassland
5,Addition,24,-333.38862930717505,160.87778155281524,32.83903964627781,0.032125,0.0034930054332224757,7.130067483470305e-4,2018-07-12,Desert Grassland
7,Ambient,24,-3689.073808441427,2069.871824416993,422.51081689877736,0.020083333333333335,0.0031056283641530394,6.33933735240781e-4,2018-07-12,Desert Grassland
9,Exclusion,24,-128098155142667.28,226643158054519.06,46263340910544.26,0.005566666666666667,0.005172474529045377,0.0010558269419753252,2018-07-12,Desert Grassland
10,Ambient,24,-1424.2601577391126,997.4958313944762,203.61298395581235,0.024791666666666667,0.003999773544314365,8.16450355854463e-4,2018-07-12,Desert Grassland
11,Addition,24,-1182.2186226443198,836.9660110589829,170.84497159559422,0.025875,0.0044459312126736835,9.075219085469804e-4,2018-07-12,Desert Grassland
12,Exclusion,24,-19756.991254729535,17819.695612479147,3637.4301351905065,0.015583333333333333,0.003933321051319562,8.028857975233679e-4,2018-07-12,Desert Grassland
1,Addition,24,-0.3976653273979669,0.21600187297238638,0.044091197688984625,0.13925,0.04195261301910091,0.008563541272769976,2018-07-13,Desert Grassland
3,Ambient,24,-314.56228746735394,298.8742077145036,61.0074421815938,0.049958333333333334,0.03498382131247512,0.007141042622355613,2018-07-13,Desert Grassland
4,Exclusion,24,-6387.138576030849,8482.749137307033,1731.5339168697028,0.05608333333333333,0.06422509103800927,0.013109891810576629,2018-07-13,Desert Grassland
5,Addition,24,-241.95325534589438,223.86954687015742,45.69717989833072,0.06325,0.05612892767316271,0.011457269384069246,2018-07-13,Desert Grassland
7,Ambient,24,-6306.079567187448,8003.5567514528,1633.7191807055574,0.041249999999999995,0.03971447003844798,0.008106682249937349,2018-07-13,Desert Grassland
9,Exclusion,24,-149447731595733.2,237905346630478.62,48562225527052.83,0.04690416666666667,0.06982681980795598,0.014253339907563119,2018-07-13,Desert Grassland
10,Ambient,24,-872.7622326361338,920.2417076055194,187.84355197174972,0.07429166666666667,0.08768494946294285,0.01789861535882832,2018-07-13,Desert Grassland
11,Addition,24,-1187.4979030549446,1420.280638855761,289.9135713958939,0.048125,0.0429957657166984,0.008776473925513447,2018-07-13,Desert Grassland
12,Exclusion,24,-25729.277874685602,34056.42234900448,6951.7381016481895,0.05341666666666667,0.06711827112523519,0.013700459722883664,2018-07-13,Desert Grassland
1,Addition,24,-0.025159765647363858,0.008905233093209296,0.0018177730932424573,0.21983333333333333,0.014060943955778227,0.0028701781661273247,2018-07-14,Desert Grassland
3,Ambient,24,-1.6278464636152783,0.8993021928006151,0.18356929141062725,0.09625,0.012680865421022612,0.0025884708148673982,2018-07-14,Desert Grassland
4,Exclusion,24,-0.1369122146069628,0.04591404777956522,0.009372165757141813,0.155375,0.009783804274767386,0.0019971106847034106,2018-07-14,Desert Grassland
5,Addition,24,-0.07264376439166366,0.027799131857333282,0.005674474028567913,0.17754166666666665,0.012846854349087432,0.002622353162926594,2018-07-14,Desert Grassland
7,Ambient,24,-29.30404490123248,36.38609987679568,7.427281535674608,0.07625,0.03197859338342774,0.006527603040111689,2018-07-14,Desert Grassland
9,Exclusion,24,-0.18321213863266408,0.07281495873313058,0.014863291211498647,0.14708333333333334,0.010910372673930894,0.002227070496227967,2018-07-14,Desert Grassland
10,Ambient,24,-0.028012794437933926,0.010091936675593249,0.0020600079476402527,0.21583333333333335,0.016504720449054846,0.0033690119539553014,2018-07-14,Desert Grassland
11,Addition,24,-0.19808575339981876,0.2937360256677286,0.0599586151632498,0.15566666666666668,0.02056942996962634,0.004198717310458052,2018-07-14,Desert Grassland
12,Exclusion,24,-0.2862988210457069,0.23436655843578677,0.04783987341165451,0.14441666666666667,0.026008220551046627,0.005308905788985948,2018-07-14,Desert Grassland
1,Addition,24,-0.028680469856770602,0.0030903664593360685,6.308184119654057e-4,0.21166666666666667,0.004733476217480058,9.662167868687932e-4,2018-07-15,Desert Grassland
3,Ambient,24,-1.3528687741465013,0.2689734793023706,0.05490398155265502,0.0965,0.003718344652734838,7.590039239172221e-4,2018-07-15,Desert Grassland
4,Exclusion,24,-0.14426864667747494,0.019930736613231317,0.0040683445750186046,0.15220833333333333,0.004128155358833615,8.426561840065293e-4,2018-07-15,Desert Grassland
5,Addition,24,-0.07958066405711994,0.012811711525335709,0.0026151796640672374,0.17204166666666668,0.0054412208242241855,0.0011106845497629479,2018-07-15,Desert Grassland
7,Ambient,24,-322.55830947354855,313.8856516723321,64.07164034818258,0.035041666666666665,0.0065240635954212966,0.001331718904854134,2018-07-15,Desert Grassland
9,Exclusion,24,-0.5877481648738633,0.21908851760704845,0.044721256386669746,0.11574999999999999,0.008471178758898752,0.0017291721232671024,2018-07-15,Desert Grassland
10,Ambient,24,-0.05908966660939841,0.012567339619725674,0.0025652974577158906,0.18325,0.007685389865927713,0.0015687736371566433,2018-07-15,Desert Grassland
11,Addition,24,-0.12357408049269798,0.020249530608248897,0.004133418126756641,0.15725,0.0051011507653111795,0.001041268039668358,2018-07-15,Desert Grassland
12,Exclusion,24,-0.9145321641274244,0.15495727416680297,0.03163052113676872,0.10445833333333333,0.0037297763852619853,7.613374165478461e-4,2018-07-15,Desert Grassland
1,Addition,24,-0.10045264853747098,0.06280360228209002,0.012819731633317809,0.17354166666666668,0.026310816368387634,0.0053706729015514385,2018-07-16,Desert Grassland
3,Ambient,24,-5.837901322376415,4.478692897213706,0.9142093594000706,0.07870833333333334,0.015738292174810778,0.0032125654375936468,2018-07-16,Desert Grassland
4,Exclusion,24,-0.3651977218907462,0.27024535327367716,0.05516360173989072,0.13058333333333333,0.013318560656880848,0.0027186398098054355,2018-07-16,Desert Grassland
5,Addition,24,-0.16175011899726502,0.10666404758296587,0.02177270753985098,0.15229166666666666,0.012170810293008674,0.0024843562478403898,2018-07-16,Desert Grassland
7,Ambient,24,-266.3099970413138,356.33573338631805,72.73672699307562,0.042875,0.0133296416990888,0.002720901718074413,2018-07-16,Desert Grassland
9,Exclusion,24,-1.1491877637966001,0.12197732135076082,0.024898516458404685,0.09945833333333334,0.0019776834640705186,4.0369294664272e-4,2018-07-16,Desert Grassland
10,Ambient,24,-0.08211985426406797,0.00764605173245165,0.0015607437742858222,0.170625,0.0033855511400271423,6.910727325970318e-4,2018-07-16,Desert Grassland
11,Addition,24,-0.18401692985289628,0.12453250898222483,0.02542009194958448,0.147375,0.008811121924319137,0.0017985627313359754,2018-07-16,Desert Grassland
12,Exclusion,24,-4.698459185988014,2.928020783330164,0.5976797396186003,0.0795,0.013018381653245736,0.0026573660272718454,2018-07-16,Desert Grassland
1,Addition,24,-0.08586730667521476,0.057831746149465395,0.011804855750029672,0.17829166666666668,0.023780662891017827,0.004854207485677727,2018-07-17,Desert Grassland
3,Ambient,24,-4.469676881394673,4.020658997719867,0.8207135811786423,0.08325,0.014949916387726053,0.003051638903933426,2018-07-17,Desert Grassland
4,Exclusion,24,-0.33382361891528245,0.12058768277397613,0.02461485767173719,0.12966666666666668,0.008605694104166894,0.00175662995314054,2018-07-17,Desert Grassland
5,Addition,24,-0.13771195658858684,0.04333679614742085,0.008846086470682744,0.15479166666666666,0.00839243534467158,0.0017130986911453368,2018-07-17,Desert Grassland
7,Ambient,24,-334.9903902393263,461.6349722427691,94.23084411822168,0.03975,0.012062338081814818,0.002462214450449026,2018-07-17,Desert Grassland
9,Exclusion,24,-1.4267610010950191,0.2796594182911224,0.05708523971473456,0.09541666666666666,0.003425183799151665,6.991627152640934e-4,2018-07-17,Desert Grassland
10,Ambient,24,-0.08440892243238693,0.018108950832856976,0.003696474109804005,0.17033333333333334,0.006957427477268389,0.0014201789368105636,2018-07-17,Desert Grassland
11,Addition,24,-0.17146526443973434,0.019746751179868145,0.004030788705698221,0.14683333333333332,0.0033836777864209916,6.906903358934591e-4,2018-07-17,Desert Grassland
12,Exclusion,24,-5.333470056200337,3.491553529042551,0.7127103796473447,0.07695833333333334,0.011219079892004886,0.002290085093244248,2018-07-17,Desert Grassland
1,Addition,24,-0.04805420075808829,0.0032054019877322797,6.542999408705859e-4,0.19029166666666666,0.0026289221905674547,5.366264950308387e-4,2018-07-18,Desert Grassland
3,Ambient,24,-1.2801500600767692,0.30884523655026075,0.06304276991977567,0.09795833333333333,0.005481027884135114,0.0011188101318414625,2018-07-18,Desert Grassland
4,Exclusion,24,-0.33863468901863975,0.02975071397807152,0.006072839060813526,0.12766666666666668,0.002239306310807701,4.57096486606092e-4,2018-07-18,Desert Grassland
5,Addition,24,-0.15098059126435676,0.011892766861625392,0.002427600870071924,0.15058333333333332,0.00237590562443711,4.8497970473996356e-4,2018-07-18,Desert Grassland
7,Ambient,24,-831.0231461499316,874.7152082811532,178.55049421176136,0.03995833333333333,0.021129989334482933,0.0043131410116611585,2018-07-18,Desert Grassland
9,Exclusion,24,-2.7806947254926797,0.6228946199525326,0.12714783186737955,0.083375,0.0036333300093057508,7.416503824950622e-4,2018-07-18,Desert Grassland
10,Ambient,24,-0.1462614997455847,0.019152521810862976,0.00390949214367833,0.15175,0.0039148546533072925,7.991163598136007e-4,2018-07-18,Desert Grassland
11,Addition,24,-0.2283099233988337,0.021992284779630115,0.0044891563323392145,0.13841666666666666,0.002685171303201378,5.481082970672929e-4,2018-07-18,Desert Grassland
12,Exclusion,24,-2.8523071979773307,0.2862374309648878,0.05842797092909173,0.08258333333333334,0.0017672544824662625,3.6073931064072533e-4,2018-07-18,Desert Grassland
1,Addition,24,-0.05512962934621966,0.0032748042276474106,6.684666137704434e-4,0.185,0.0023219182474467303,4.739595775584883e-4,2018-07-19,Desert Grassland
3,Ambient,24,-0.7894595468592436,0.10503064921599581,0.021439291494369985,0.1075,0.0029635466413829546,6.049314250272572e-4,2018-07-19,Desert Grassland
4,Exclusion,24,-0.42915934758658053,0.028829960229341298,0.005884890988884873,0.12158333333333333,0.0016659418713870495,3.400589605029659e-4,2018-07-19,Desert Grassland
5,Addition,24,-0.17508215930933727,0.009949502775158011,0.0020309337494618597,0.14604166666666665,0.001731527766395072,3.534466252607497e-4,2018-07-19,Desert Grassland
7,Ambient,24,-7.708697989761543,1.0699978253034568,0.2184123914900937,0.06745833333333334,0.001977683464070519,4.036929466427201e-4,2018-07-19,Desert Grassland
9,Exclusion,24,-5.995451821831576,2.5142908098975427,0.5132274624348367,0.07229166666666667,0.005952560038713825,0.0012150612298442126,2018-07-19,Desert Grassland
10,Ambient,24,-0.20860166486035098,0.020450322415635123,0.004174404582808928,0.141,0.002750494026771244,5.614422421802136e-4,2018-07-19,Desert Grassland
11,Addition,24,-0.2934656857490355,0.025291095404291523,0.005162523231380239,0.13145833333333334,0.0022837643727287053,4.6617145049438526e-4,2018-07-19,Desert Grassland
12,Exclusion,24,-3.641615469678803,0.42110728677125425,0.08595816496312014,0.07858333333333334,0.0018630658852422878,3.802967313358538e-4,2018-07-19,Desert Grassland
1,Addition,24,-0.062143862586228615,0.004171197948719326,8.514422158755185e-4,0.18054166666666666,0.002519129709394424,5.142151986585008e-4,2018-07-20,Desert Grassland
3,Ambient,24,-0.7966248608119862,0.06960676497087384,0.014208421402039576,0.10716666666666666,0.0018572224859501477,3.7910395245009687e-4,2018-07-20,Desert Grassland
4,Exclusion,24,-0.5163769877902628,0.03841014056014303,0.00784043711007754,0.11708333333333333,0.0018157922373650973,3.70647038370927e-4,2018-07-20,Desert Grassland
5,Addition,24,-0.1852353299174511,0.011405356981976167,0.0023281087450109273,0.14437499999999998,0.0018132963018384159,3.7013755766498915e-4,2018-07-20,Desert Grassland
7,Ambient,24,-8.946917599973887,1.2830546169306507,0.2619024269668524,0.06545833333333334,0.002126012120433909,4.3397040683629793e-4,2018-07-20,Desert Grassland
9,Exclusion,24,-7.038727996817357,3.3827875096206146,0.6905086089025623,0.07070833333333333,0.007572715133474494,0.0015457740037053934,2018-07-20,Desert Grassland
10,Ambient,24,-0.2769640473894663,0.029759125392504887,0.006074556033594929,0.13308333333333333,0.0028271458439897332,5.770887288504119e-4,2018-07-20,Desert Grassland
11,Addition,24,-0.3687552257418476,0.03796557398498639,0.007749690337925002,0.1255,0.002553769592276248,5.212860351426874e-4,2018-07-20,Desert Grassland
12,Exclusion,24,-4.8070029525504365,0.7321526004468489,0.14945002374554892,0.07433333333333333,0.0023529198635010885,4.802877559363927e-4,2018-07-20,Desert Grassland
1,Addition,24,-0.16853176823372887,0.1891588343972065,0.03861188538439826,0.16066666666666665,0.0233399576518126,0.004764248905425726,2018-07-21,Desert Grassland
3,Ambient,24,-1.0714313389009404,0.4414802538598588,0.09011677945591981,0.10204166666666667,0.005886455836820706,0.0012015677661365409,2018-07-21,Desert Grassland
4,Exclusion,24,-1.154026291168746,1.8841716270173305,0.3846049228351703,0.10741666666666667,0.0115039375741589,0.0023482314241266853,2018-07-21,Desert Grassland
5,Addition,24,-0.22767779771327992,0.06969552631088806,0.014226539734699619,0.139375,0.006295702467971098,0.001285104884909162,2018-07-21,Desert Grassland
7,Ambient,24,-11.108234116491188,5.928853091012245,1.2102220694085697,0.06370833333333334,0.004777475835869697,9.751981713631095e-4,2018-07-21,Desert Grassland
9,Exclusion,24,-4.73144429920861,0.6824195284396214,0.13929830293231552,0.07454166666666666,0.002126012120433909,4.3397040683629793e-4,2018-07-21,Desert Grassland
10,Ambient,24,-0.3500501773543496,0.021861948592674634,0.004462551569584138,0.12675,0.0016218615177038698,3.310610959858656e-4,2018-07-21,Desert Grassland
11,Addition,24,-0.4459059994848802,0.13920070839817575,0.028414225617456976,0.12141666666666666,0.005241279852550674,0.0010698717698232505,2018-07-21,Desert Grassland
12,Exclusion,24,-101.20913034098199,155.5900199657386,31.759679832125553,0.058333333333333334,0.0180378024947769,0.0036819510161087365,2018-07-21,Desert Grassland
1,Addition,24,-0.12022045675581645,0.07785253794662739,0.015891582762491828,0.16525,0.020257580438378893,0.0041350612914511885,2018-07-22,Desert Grassland
3,Ambient,24,-0.7433721877198162,0.07120320376345099,0.014534293105989483,0.10870833333333334,0.0019886453039512962,4.0593052283855304e-4,2018-07-22,Desert Grassland
4,Exclusion,24,-0.7678907476272511,0.14378802451492653,0.029350607598697395,0.10833333333333334,0.004177232979176391,8.526741113090157e-4,2018-07-22,Desert Grassland
5,Addition,24,-0.17400687072266255,0.011982028108699538,0.0024458212458332703,0.14625,0.0020483291175768244,4.1811343027904586e-4,2018-07-22,Desert Grassland
7,Ambient,24,-7.011442155377436,1.3077859208005207,0.2669506832297608,0.068875,0.00243725611934904,4.975028220734173e-4,2018-07-22,Desert Grassland
9,Exclusion,24,-4.549960523352823,0.8653254578026829,0.17663381942140247,0.07533333333333334,0.0032792717466544026,6.69378542269053e-4,2018-07-22,Desert Grassland
10,Ambient,24,-0.2865105623801122,0.033878345193569456,0.006915388254509681,0.13220833333333334,0.0031893732063330844,6.510280795683657e-4,2018-07-22,Desert Grassland
11,Addition,24,-0.3806174574393689,0.05164153762410236,0.010541284725982527,0.12479166666666666,0.0032568211584259633,6.647958351369688e-4,2018-07-22,Desert Grassland
12,Exclusion,24,-118.45588232531242,142.67253260100188,29.122908765254394,0.050625,0.015449250720539395,0.003153565097803906,2018-07-22,Desert Grassland
1,Addition,24,-0.10395618588596515,0.09389257542587905,0.01916574170243222,0.16899999999999998,0.014646560658749709,0.0029897166750549203,2018-07-23,Desert Grassland
3,Ambient,24,-1.249702758670738,1.1173758724710563,0.2280833948709381,0.10074999999999999,0.0073440304063024965,0.0014990939292438118,2018-07-23,Desert Grassland
4,Exclusion,24,-0.9634976769464209,0.6164972060850638,0.12584196522998758,0.10504166666666666,0.006610131661299202,0.0013492874752332271,2018-07-23,Desert Grassland
5,Addition,24,-0.21715806505095434,0.0537521802321556,0.010972117844241487,0.14033333333333334,0.0049225891620133175,0.0010048193050239385,2018-07-23,Desert Grassland
7,Ambient,24,-14.074549092295054,20.71455794182927,4.228341433733219,0.06320833333333334,0.005702624618211504,0.0011640433757709931,2018-07-23,Desert Grassland
9,Exclusion,24,-5.538292040119009,0.8006167437930475,0.16342520848512815,0.07220833333333333,0.002340181462058511,4.7768754063030536e-4,2018-07-23,Desert Grassland
10,Ambient,24,-0.3762333218253575,0.027587712192337042,0.005631318170165335,0.12491666666666666,0.0019091693314716458,3.897075578896678e-4,2018-07-23,Desert Grassland
11,Addition,24,-0.49711316211530004,0.0692716929164201,0.014140025105333099,0.118125,0.0027076782931379473,5.527025171498389e-4,2018-07-23,Desert Grassland
12,Exclusion,24,-37.94195196621256,68.34795863937286,13.951468635609395,0.056291666666666663,0.009299271437879546,0.0018982058335368774,2018-07-23,Desert Grassland
1,Addition,24,-0.08303877494114602,0.020212493856455425,0.004125858031454631,0.170875,0.006347286308199814,0.0012956343922036293,2018-07-24,Desert Grassland
3,Ambient,24,-1.0217602938362957,0.12401711205015362,0.025314886991370283,0.10191666666666667,0.0023203572938266374,4.736409492350401e-4,2018-07-24,Desert Grassland
4,Exclusion,24,-0.9690165990143413,0.12491035972688977,0.02549722040986446,0.10304166666666667,0.0024223446540879347,4.944590319728385e-4,2018-07-24,Desert Grassland
5,Addition,24,-0.21307937147014097,0.012535369936617231,0.0025587716734780438,0.14029166666666668,0.001680558050862513,3.430424756449514e-4,2018-07-24,Desert Grassland
7,Ambient,24,-11.463860333061335,2.7124220259925305,0.5536708275639892,0.06241666666666667,0.0027806265585243596,5.675930194679923e-4,2018-07-24,Desert Grassland
9,Exclusion,24,-6.915148352787137,1.445617724135789,0.2950854822713481,0.06920833333333333,0.0032434437772577264,6.620651886405607e-4,2018-07-24,Desert Grassland
10,Ambient,24,-0.42966069730129985,0.05349295898838227,0.0109192045294303,0.12170833333333334,0.0030571252006997727,6.240330684598382e-4,2018-07-24,Desert Grassland
11,Addition,24,-0.5426459500761618,0.04506630017205933,0.00919912000138726,0.11591666666666667,0.0019541854005467687,3.988964245113289e-4,2018-07-24,Desert Grassland
12,Exclusion,24,-23.93832469438635,16.898913159084945,3.449476203946854,0.055,0.0049519429651839475,0.0010108111250054497,2018-07-24,Desert Grassland
1,Addition,24,-0.08256946820905733,0.005209435177467951,0.0010633715027418011,0.17033333333333334,0.00223930631080769,4.5709648660608967e-4,2018-07-25,Desert Grassland
3,Ambient,24,-1.404446548664746,0.16900019400926444,0.034497020146171696,0.0955,0.0022457689687208644,4.584156711285428e-4,2018-07-25,Desert Grassland
4,Exclusion,24,-1.1720881347182535,0.11308108901969574,0.02308258063804135,0.09904166666666667,0.0018528278426483006,3.782068996425081e-4,2018-07-25,Desert Grassland
5,Addition,24,-0.26714148797750153,0.02218002933916566,0.0045274795300763535,0.134,0.002206709137469484,4.504426164614513e-4,2018-07-25,Desert Grassland
7,Ambient,24,-14.928066113692276,2.777524348793657,0.5669597835583825,0.059041666666666666,0.002349452603529571,4.795800044584098e-4,2018-07-25,Desert Grassland
9,Exclusion,24,-9.511063814431402,2.376489670904385,0.4850989227258718,0.06491666666666666,0.0031748559250661355,6.480647519386582e-4,2018-07-25,Desert Grassland
10,Ambient,24,-0.5990594962657046,0.08337097632713104,0.01701802927992722,0.11375,0.003110291472431203,6.34885588232185e-4,2018-07-25,Desert Grassland
11,Addition,24,-0.6829635987710054,0.08039174853730316,0.01640989695387739,0.11066666666666666,0.0024963741822833824,5.095702461376574e-4,2018-07-25,Desert Grassland
12,Exclusion,24,-21.042091466087534,5.773582341059718,1.178527560294989,0.05529166666666667,0.00312742659409446,6.383832802951425e-4,2018-07-25,Desert Grassland
1,Addition,24,-0.09118472110044354,0.006110981553116316,0.0012473988860579694,0.16691666666666669,0.002263446134944923,4.6202400757415154e-4,2018-07-26,Desert Grassland
3,Ambient,24,-2.0922493930505777,0.2690966159288017,0.054929116711272014,0.08804166666666666,0.0022161299339294076,4.523656284862372e-4,2018-07-26,Desert Grassland
4,Exclusion,24,-1.707405134265204,0.28166904402696397,0.057495452850299306,0.091875,0.0028332267669643908,5.783299920548351e-4,2018-07-26,Desert Grassland
5,Addition,24,-0.2508437106765225,0.09348193999705319,0.019081921096521196,0.13825,0.01178521549857388,0.002405647040020505,2018-07-26,Desert Grassland
7,Ambient,24,-21.433404436734598,5.15457686780014,1.0521735971719905,0.055,0.002904269720376476,5.92831574194829e-4,2018-07-26,Desert Grassland
9,Exclusion,24,-14.475402690062685,4.0222776758598435,0.8210439924703707,0.05975,0.0036623822135682226,7.475806388572428e-4,2018-07-26,Desert Grassland
10,Ambient,24,-0.8898966164535401,0.1365193037959427,0.02786688619500519,0.10495833333333333,0.00322327360824724,6.579479701321116e-4,2018-07-26,Desert Grassland
11,Addition,24,-0.7058894806395115,0.2174276509866645,0.044382233407439624,0.11125,0.008136071052658837,0.0016607685491702466,2018-07-26,Desert Grassland
12,Exclusion,24,-33.19612736172711,11.989124192991364,2.447269727973833,0.050666666666666665,0.0036791618453199328,7.510057668458672e-4,2018-07-26,Desert Grassland
1,Addition,24,-0.0909017025666202,0.0076827376545674265,0.0015682322567797504,0.16708333333333333,0.003006032582002056,6.136038313405058e-4,2018-07-27,Desert Grassland
3,Ambient,24,-3.1010699718825343,0.5237521905222157,0.10691046820369902,0.08133333333333334,0.002632021320560316,5.372591022915941e-4,2018-07-27,Desert Grassland
4,Exclusion,24,-2.4386787691676624,0.3992520543225877,0.08149698432069091,0.08541666666666667,0.0026851713032013834,5.48108297067294e-4,2018-07-27,Desert Grassland
5,Addition,24,-0.16393702924127257,0.01839242413918042,0.0037543378561533474,0.14816666666666667,0.003198731632689906,6.529383603491678e-4,2018-07-27,Desert Grassland
7,Ambient,24,-30.57775009492731,9.0762870882452,1.8526893437676681,0.051375,0.0035116266514438055,7.168077885996367e-4,2018-07-27,Desert Grassland
9,Exclusion,24,-22.773602301983694,8.135088705825975,1.6605680284626672,0.054875,0.00457129512615788,9.331117102298718e-4,2018-07-27,Desert Grassland
10,Ambient,24,-1.323645493178752,0.25592184281536906,0.052239827410867946,0.09691666666666666,0.0037056556852966,7.564137992850159e-4,2018-07-27,Desert Grassland
11,Addition,24,-0.3374196780519465,0.027447008547505945,0.0056025971589331695,0.12775,0.0021719556405110658,4.4334858860099367e-4,2018-07-27,Desert Grassland
12,Exclusion,24,-59.26567161537116,27.188898548775892,5.549910676066583,0.045625,0.004861673535442029,9.923849548188067e-4,2018-07-27,Desert Grassland
1,Addition,24,-0.09914828918370237,0.022082203977590486,0.004507511011762816,0.16483333333333333,0.00683130051063973,0.0013944333775567923,2018-07-28,Desert Grassland
3,Ambient,24,-3.1420678074577806,3.189613132746618,0.6510770543424468,0.10683333333333334,0.04253762188183913,0.008682955706829518,2018-07-28,Desert Grassland
4,Exclusion,24,-5.589497029711479,8.983660649843037,1.8337820512029483,0.07970833333333334,0.010972214578362163,0.0022396939221095147,2018-07-28,Desert Grassland
5,Addition,24,-0.18077760376184052,0.09106711571455774,0.018588997153971498,0.15045833333333333,0.01864305248067229,0.003805497152131272,2018-07-28,Desert Grassland
7,Ambient,24,-31.3945377137752,26.586700767650107,5.426987568733716,0.058625,0.01584383709563575,0.003234109704340616,2018-07-28,Desert Grassland
9,Exclusion,24,-39.23853375158564,32.560147017719935,6.646312178618106,0.050333333333333334,0.005197546801484638,0.0010609447981560114,2018-07-28,Desert Grassland
10,Ambient,24,-1.2306891084596863,0.8646417484125434,0.1764942578265532,0.11383333333333333,0.03266385672623311,0.006667481834220611,2018-07-28,Desert Grassland
11,Addition,24,-0.6912315606237092,1.3913658205148676,0.2840113588175224,0.126875,0.019830394983897603,0.0040478624256996805,2018-07-28,Desert Grassland
12,Exclusion,24,-3026.08899133696,5741.180764220049,1171.913616118425,0.0325,0.01211179805701503,0.002472310425609962,2018-07-28,Desert Grassland
1,Addition,24,-0.04967674354877457,0.01318520115555781,0.0026914179155893138,0.19045833333333334,0.010180882197473888,0.002078163876266346,2018-07-29,Desert Grassland
3,Ambient,24,-0.2053210351664486,0.058692027287599174,0.011980459902010382,0.142625,0.008074719001706601,0.0016482451142113953,2018-07-29,Desert Grassland
4,Exclusion,24,-0.872131818285467,0.17967069680585923,0.036675127408721545,0.105625,0.0043819044896621995,8.944525084402596e-4,2018-07-29,Desert Grassland
5,Addition,24,-0.0825062161088583,0.0137795656803086,0.002812742066160252,0.17079166666666667,0.005413181710591654,0.0011049610896596463,2018-07-29,Desert Grassland
7,Ambient,24,-4.630921697364728,0.9646650311454055,0.1969114249176905,0.07504166666666667,0.0029411498293763563,6.0035969492049e-4,2018-07-29,Desert Grassland
9,Exclusion,24,-7.33794678087919,3.726953738157445,0.7607612461203404,0.06991666666666667,0.0067561029844305865,0.001379083746795795,2018-07-29,Desert Grassland
10,Ambient,24,-0.14682223112887322,0.03562687957353687,0.007272306340229175,0.15229166666666666,0.006950002606609877,0.0014186633414339372,2018-07-29,Desert Grassland
11,Addition,24,-0.15724865898863732,0.02560992450545914,0.005227603949131143,0.14966666666666667,0.0047150698889805494,9.624596107969729e-4,2018-07-29,Desert Grassland
12,Exclusion,24,-431.1321135265982,640.5270799173162,130.74704268602727,0.043208333333333335,0.015322558438506582,0.0031277041440264755,2018-07-29,Desert Grassland
1,Addition,24,-0.0498346861464879,0.00448890881874571,9.162946756505475e-4,0.18895833333333334,0.0034449606127194585,7.031996404290305e-4,2018-07-30,Desert Grassland
3,Ambient,24,-0.433035396378614,0.09222310564882688,0.018824962611200903,0.12191666666666667,0.0051068297548408186,0.0010424272585518766,2018-07-30,Desert Grassland
4,Exclusion,24,-0.9957665582849697,0.1008909471510696,0.02059427834885206,0.10241666666666667,0.002083405795841251,4.252734272473474e-4,2018-07-30,Desert Grassland
5,Addition,24,-0.12701410652343703,0.01621099977473398,0.003309056472372608,0.15616666666666668,0.0037840243894179874,7.724107440267283e-4,2018-07-30,Desert Grassland
7,Ambient,24,-6.65188127416511,1.1677585684390135,0.23836771961987763,0.069625,0.002601212092049795,5.309701948566288e-4,2018-07-30,Desert Grassland
9,Exclusion,24,-5.291046015149666,0.9539916438406677,0.19473272885738155,0.073,0.002963546641382951,6.049314250272564e-4,2018-07-30,Desert Grassland
10,Ambient,24,-0.28094982569775273,0.05219172077761431,0.010653590391914162,0.133,0.00456832192576129,9.325048082403146e-4,2018-07-30,Desert Grassland
11,Addition,24,-0.24141011465875511,0.03908947829161082,0.007979106343837201,0.13708333333333333,0.004190223265470798,8.553257423951795e-4,2018-07-30,Desert Grassland
12,Exclusion,24,-17.928689539312614,5.4281239784928514,1.1080111673228048,0.057416666666666664,0.004333054617569525,8.844810700546533e-4,2018-07-30,Desert Grassland
1,Addition,24,-0.0653849173995979,0.005316943123622334,0.001085316470356205,0.17870833333333333,0.0028357832545289285,5.788518328937424e-4,2018-07-31,Desert Grassland
3,Ambient,24,-0.8385951892690117,0.15818749514416244,0.03228988723268248,0.106375,0.00390999277214944,7.981239324780349e-4,2018-07-31,Desert Grassland
4,Exclusion,24,-1.4262565340350126,0.17452881649432683,0.035625545485245096,0.09520833333333334,0.002321528107437685,4.7387994056262114e-4,2018-07-31,Desert Grassland
5,Addition,24,-0.1823756462065626,0.019571274578873882,0.003994969694512062,0.14495833333333333,0.0030571252006997666,6.240330684598369e-4,2018-07-31,Desert Grassland
7,Ambient,24,-10.197819082395212,2.309900595579204,0.47150648464333456,0.06391666666666666,0.002811724933461538,5.73940948670146e-4,2018-07-31,Desert Grassland
9,Exclusion,24,-7.213547598095526,1.4838459736653522,0.3028887910302832,0.06858333333333333,0.0030491148632472587,6.223979651743245e-4,2018-07-31,Desert Grassland
10,Ambient,24,-0.5070854734296526,0.09460248996172498,0.019310652400249494,0.117875,0.004121127958723667,8.412217219658833e-4,2018-07-31,Desert Grassland
11,Addition,24,-0.3516545832873021,0.043755416725693656,0.008931537038399178,0.12679166666666666,0.0030783841987903873,6.283725432735722e-4,2018-07-31,Desert Grassland
12,Exclusion,24,-26.013158589475914,9.251090369128612,1.8883709140617317,0.05320833333333333,0.003682852942638552,7.517592089309982e-4,2018-07-31,Desert Grassland
1,Addition,24,-0.12788653401492406,0.15415552314726694,0.0314668643952171,0.16366666666666668,0.014769730110473646,0.0030148585341067545,2018-08-01,Desert Grassland
3,Ambient,24,-1.684680202425656,0.7450498652738118,0.15208266690418257,0.09308333333333334,0.0054367242908292465,0.001109766698727199,2018-08-01,Desert Grassland
4,Exclusion,24,-1.967715668353723,0.22770594093744187,0.046480280558088005,0.089125,0.002049655326273601,4.1838414149567455e-4,2018-08-01,Desert Grassland
5,Addition,24,-0.23823285531416533,0.019869661459615717,0.004055877661491911,0.1371666666666667,0.00207818203719264,4.242071319783018e-4,2018-08-01,Desert Grassland
7,Ambient,24,-28.69538355192858,56.15847801028287,11.463301321375214,0.05633333333333333,0.005760937926857175,0.0011759465300539365,2018-08-01,Desert Grassland
9,Exclusion,24,-10.910912631725378,1.9606921789199907,0.4002246150849765,0.06295833333333334,0.002612331403616098,5.332399148256679e-4,2018-08-01,Desert Grassland
10,Ambient,24,-0.843045080893106,0.1307769557068964,0.026694734299704398,0.106125,0.003221024681681281,6.574889099191458e-4,2018-08-01,Desert Grassland
11,Addition,24,-0.4543126026290529,0.03754694809166177,0.007664238685278162,0.12020833333333333,0.0020425722629261764,4.169383172442578e-4,2018-08-01,Desert Grassland
12,Exclusion,24,-343.2512093643859,1297.3149778958411,264.81331095957074,0.043666666666666666,0.008276034897412432,0.0016893385493439489,2018-08-01,Desert Grassland
1,Addition,24,-0.10050130578545553,0.006490096794708852,0.0013247854606924432,0.16362500000000002,0.002222659981037216,4.5369856877044284e-4,2018-08-02,Desert Grassland
3,Ambient,24,-2.195431458867147,0.22827263032576042,0.04659595554509054,0.087125,0.001801267669556996,3.676822233822351e-4,2018-08-02,Desert Grassland
4,Exclusion,24,-2.4536862874669114,0.2601798813988879,0.053108995897093315,0.08516666666666667,0.0017610932046210116,3.5948164506702707e-4,2018-08-02,Desert Grassland
5,Addition,24,-0.28389463339474375,0.02719878088247397,0.005551927898985599,0.13237500000000002,0.002481452940446823,5.065244604019708e-4,2018-08-02,Desert Grassland
7,Ambient,24,-21.746031297285253,3.5167122667001105,0.7178458854668085,0.054625,0.0020175857290120397,4.1183796236672604e-4,2018-08-02,Desert Grassland
9,Exclusion,24,-14.320612964763857,3.004707742233415,0.6133333995551626,0.059625,0.002747528533696832,5.60836913441208e-4,2018-08-02,Desert Grassland
10,Ambient,24,-1.2644180359649817,0.17056524010809365,0.03481648384334378,0.097625,0.0026834841077453273,5.477638997369873e-4,2018-08-02,Desert Grassland
11,Addition,24,-0.5813530880158139,0.04859157708030312,0.00991871413698839,0.11429166666666667,0.0018761469921708934,3.8296690110634296e-4,2018-08-02,Desert Grassland
12,Exclusion,24,-78.07108035310755,24.445256690736773,4.989867126971799,0.042541666666666665,0.0033748322556274093,6.888847494810964e-4,2018-08-02,Desert Grassland
1,Addition,24,-0.11217698822857995,0.005960982350645848,0.0012167804270682137,0.15995833333333334,0.001731527766395072,3.534466252607497e-4,2018-08-03,Desert Grassland
3,Ambient,24,-3.1372608411360376,0.416590316944686,0.08503614235823347,0.08104166666666666,0.002031901372706314,4.147601308992647e-4,2018-08-03,Desert Grassland
4,Exclusion,24,-2.9312508073830936,0.4694879472115724,0.0958338259212564,0.08225,0.0025237997577841446,5.151684682942443e-4,2018-08-03,Desert Grassland
5,Addition,24,-0.3535376000427497,0.03664460723313405,0.007480049128823343,0.12658333333333333,0.0025180507759266766,5.139949622866349e-4,2018-08-03,Desert Grassland
7,Ambient,24,-28.42248230790898,6.447343649906781,1.3160585115537433,0.051875,0.0025928413154214665,5.292615172324438e-4,2018-08-03,Desert Grassland
9,Exclusion,24,-17.734370549141175,5.247285768833716,1.0710977223508609,0.057375,0.003645276872647793,7.440890257629592e-4,2018-08-03,Desert Grassland
10,Ambient,24,-1.7672241749515816,0.39130896644678687,0.07987560829754094,0.09145833333333334,0.0039118456298637425,7.985021454752033e-4,2018-08-03,Desert Grassland
11,Addition,24,-0.7409772113364111,0.10680597940626854,0.021801679251963847,0.10891666666666666,0.0029915339480471983,6.106443100774398e-4,2018-08-03,Desert Grassland
12,Exclusion,24,-96.36672840494268,44.25231627754718,9.032966234687407,0.04133333333333333,0.0044298068135977565,9.042305293682283e-4,2018-08-03,Desert Grassland
1,Addition,24,-0.12958258731188174,0.0058747217026017574,0.0011991725460190612,0.15529166666666666,0.0013981094896064255,2.853879045065637e-4,2018-08-04,Desert Grassland
3,Ambient,24,-4.8758618990471465,0.8162497986657343,0.16661629244837922,0.074125,0.002271036920803395,4.6357347024915076e-4,2018-08-04,Desert Grassland
4,Exclusion,24,-4.326973870748867,0.7062522779783246,0.14416314256043,0.07595833333333334,0.002367885989225627,4.8334270355734774e-4,2018-08-04,Desert Grassland
5,Addition,24,-0.4909214840946715,0.06120444934473715,0.012493305906885523,0.11841666666666667,0.00276494620856028,5.64392281434637e-4,2018-08-04,Desert Grassland
7,Ambient,24,-42.49020305610133,10.992501897432286,2.2438350537737506,0.04783333333333333,0.002513730411104211,5.13113071510159e-4,2018-08-04,Desert Grassland
9,Exclusion,24,-26.894832591174012,9.578918418754185,1.9552885344746032,0.05291666666666667,0.003933321051319562,8.028857975233679e-4,2018-08-04,Desert Grassland
10,Ambient,24,-3.2314762648801936,0.8650489725054064,0.1765773820964267,0.08095833333333334,0.0037588060855018608,7.672630792956498e-4,2018-08-04,Desert Grassland
11,Addition,24,-1.0705527182795371,0.17737639424856266,0.03620680486030995,0.10108333333333333,0.003119596778106266,6.367850257992291e-4,2018-08-04,Desert Grassland
12,Exclusion,24,-148.354308144757,73.61306211638696,15.026203382412568,0.038,0.004313779740804333,8.805466023105076e-4,2018-08-04,Desert Grassland
1,Addition,24,-0.1599998044476879,0.01411394558030584,0.0028809970774299276,0.14883333333333332,0.002632021320560316,5.372591022915941e-4,2018-08-05,Desert Grassland
3,Ambient,24,-8.387276392318617,2.693323897385466,0.5497724383865427,0.06683333333333333,0.003829708431025353,7.817359599705718e-4,2018-08-05,Desert Grassland
4,Exclusion,24,-6.754706859030393,1.6991452173802595,0.34683656512266997,0.069625,0.0033855511400271467,6.910727325970327e-4,2018-08-05,Desert Grassland
5,Addition,24,-0.710205216626922,0.12223409682035476,0.024950930531652073,0.10995833333333334,0.0034950793567735984,7.134300862191798e-4,2018-08-05,Desert Grassland
7,Ambient,24,-78.97612828429422,41.424385722306454,8.455717327323633,0.043083333333333335,0.00440273301155254,8.987041126675699e-4,2018-08-05,Desert Grassland
9,Exclusion,24,-46.12730611161619,21.930939068759958,4.476634191544199,0.04816666666666666,0.0053622405007986915,0.0010945627587535774,2018-08-05,Desert Grassland
10,Ambient,24,-8.427279178399552,4.500250106690157,0.9186097063580368,0.06775,0.005727507994414931,0.0011691226736690022,2018-08-05,Desert Grassland
11,Addition,24,-1.6524094029254974,0.41543516302530065,0.08480034755182762,0.09283333333333334,0.004290197792812037,8.757329573336764e-4,2018-08-05,Desert Grassland
12,Exclusion,24,-237.82549829617008,140.41100477224325,28.66127633029081,0.035416666666666666,0.005686877852578242,0.001160829080695936,2018-08-05,Desert Grassland
1,Addition,24,-0.2104918309938261,0.021697032930422216,0.004428888300991506,0.14075,0.002801397166943038,5.718328021574022e-4,2018-08-06,Desert Grassland
3,Ambient,24,-17.84081719642017,7.586657347766736,1.5486199462804378,0.057666666666666665,0.004218661096755149,8.611305903983476e-4,2018-08-06,Desert Grassland
4,Exclusion,24,-12.11338389084795,4.1611856097922555,0.849398455750258,0.062125,0.004014240953752355,8.194035034397131e-4,2018-08-06,Desert Grassland
5,Addition,24,-1.083170357782087,0.24621063692586756,0.05025753580950215,0.10108333333333333,0.004179834266182525,8.532050967956457e-4,2018-08-06,Desert Grassland
7,Ambient,24,-189.142714284499,124.49794865713822,25.413037352767237,0.036833333333333336,0.005130189136836003,0.0010471954724347898,2018-08-06,Desert Grassland
9,Exclusion,24,-82.41180418704077,48.849321444555606,9.971325985029775,0.043666666666666666,0.006377042156569663,0.0013017082793177757,2018-08-06,Desert Grassland
10,Ambient,24,-35.39629540843797,27.560488892144438,5.625761237283127,0.051666666666666666,0.0057533858966144725,0.001174404978335879,2018-08-06,Desert Grassland
11,Addition,24,-3.051166384392194,1.0998741465112798,0.22451087001931522,0.08241666666666667,0.005290817859574115,0.0010799836731634038,2018-08-06,Desert Grassland
12,Exclusion,24,-408.63214170225797,305.77024320480757,62.41508953154116,0.03279166666666666,0.006639664519200968,0.0013553158446086811,2018-08-06,Desert Grassland
1,Addition,24,-0.27073007555503315,0.029465813693990095,0.006014684033849071,0.13370833333333335,0.002866283257137184,5.850776198557243e-4,2018-08-07,Desert Grassland
3,Ambient,24,-37.884387747292486,15.742424815652043,3.2134090093729206,0.04958333333333333,0.004252024240867818,8.679408136725959e-4,2018-08-07,Desert Grassland
4,Exclusion,24,-23.018285345851687,8.859793605747507,1.8084977967045424,0.05475,0.004336398024407695,8.851635401176572e-4,2018-08-07,Desert Grassland
5,Addition,24,-1.731215415937776,0.4060258596021143,0.08287968153334181,0.091875,0.003970680590002939,8.105117814233714e-4,2018-08-07,Desert Grassland
7,Ambient,24,-533.2483141782845,404.93733078598456,82.657486519189,0.030875,0.0060311690409074106,0.0012311072252245135,2018-08-07,Desert Grassland
9,Exclusion,24,-162.28942816930189,105.99445642172195,21.636027816407207,0.03891666666666667,0.00709510956294157,0.0014482831748623512,2018-08-07,Desert Grassland
10,Ambient,24,-134.09491802526972,70.55968792199884,14.402935984909856,0.0385,0.003489113503954587,7.122123116119196e-4,2018-08-07,Desert Grassland
11,Addition,24,-5.993143402861448,2.4561953965369026,0.5013687858407003,0.07204166666666667,0.005212686586519024,0.0010640351938351507,2018-08-07,Desert Grassland
12,Exclusion,24,-756.4500632635849,589.3908930409386,120.30891224946637,0.029958333333333333,0.007357215722568274,0.0015017853706561764,2018-08-07,Desert Grassland
1,Addition,24,-0.3862723025750792,0.048311698929427105,0.009861584248671729,0.124375,0.0029607945467097344,6.043696560544887e-4,2018-08-08,Desert Grassland
3,Ambient,24,-78.74393671346343,32.884515214506905,6.7125235595276695,0.042708333333333334,0.003735600372755033,7.625262330167059e-4,2018-08-08,Desert Grassland
4,Exclusion,24,-42.92692880796501,15.042000064186125,3.070435405680652,0.04808333333333333,0.0035985101587071894,7.345428102545273e-4,2018-08-08,Desert Grassland
5,Addition,24,-2.8351842495159687,0.6178524598801268,0.12611860525247715,0.083,0.0034007671768741163,6.941786931122379e-4,2018-08-08,Desert Grassland
7,Ambient,24,-1570.4132300138308,1231.2171055862932,251.32113927273488,0.024916666666666667,0.0051576592825973225,0.0010528027924577156,2018-08-08,Desert Grassland
9,Exclusion,24,-281.4406342451573,164.4004109388217,33.55809335866526,0.034208333333333334,0.005555875594646482,0.0011340883567721625,2018-08-08,Desert Grassland
10,Ambient,24,-344.7039655069727,151.18108368411308,30.85970948225669,0.03179166666666667,0.0033489669616383086,6.836050184543986e-4,2018-08-08,Desert Grassland
11,Addition,24,-12.201501371778148,4.46659339215925,0.9117395582731005,0.06220833333333334,0.004568123643596835,9.324643340629805e-4,2018-08-08,Desert Grassland
12,Exclusion,24,-1025.2352809578663,712.877572605104,145.51552516303104,0.027375,0.006020345938348669,0.0012288979686659526,2018-08-08,Desert Grassland
1,Addition,24,-0.5504408790442783,0.05690944263741279,0.011616591333987524,0.115625,0.0023556130929077153,4.8083750908693387e-4,2018-08-09,Desert Grassland
3,Ambient,24,-148.97683579242965,66.51215516651656,13.576736820898791,0.03770833333333333,0.0038727494633395915,7.905216739016157e-4,2018-08-09,Desert Grassland
4,Exclusion,24,-69.37752808145717,25.29390806881803,5.163097364122536,0.04375,0.003790720936364388,7.737776709481678e-4,2018-08-09,Desert Grassland
5,Addition,24,-4.319718444666598,0.9779717637439359,0.1996276503351954,0.07620833333333334,0.0034386444076581757,7.019103504697866e-4,2018-08-09,Desert Grassland
7,Ambient,24,-4336.68503789523,3191.8200612102182,651.5275417286672,0.020833333333333332,0.005370342606402773,0.0010962165941345893,2018-08-09,Desert Grassland
9,Exclusion,24,-458.9703206337101,273.7923592104656,55.88763129487024,0.031208333333333334,0.005548044439390268,0.0011324898288993092,2018-08-09,Desert Grassland
10,Ambient,24,-569.7027571132974,252.41485188168272,51.52396588419309,0.028791666666666667,0.0033097900454451103,6.756080639236389e-4,2018-08-09,Desert Grassland
11,Addition,24,-23.323169043477666,9.900049525030166,2.020839147050572,0.05475,0.004589685979596463,9.368657274681083e-4,2018-08-09,Desert Grassland
12,Exclusion,24,-1234.6676463430292,810.831058504039,165.51019674463922,0.026083333333333333,0.005508228364015505,0.0011243624065469455,2018-08-09,Desert Grassland
1,Addition,24,-0.6883481383829474,0.09389783999868752,0.01916681632885676,0.11054166666666666,0.002843438926289124,5.804145403479686e-4,2018-08-10,Desert Grassland
3,Ambient,24,-249.33789574689806,138.82221368762734,28.336965708191475,0.034999999999999996,0.005649163077683354,0.0011531305845079022,2018-08-10,Desert Grassland
4,Exclusion,24,-92.115115099798,42.789671838223434,8.734405188732211,0.041916666666666665,0.004994924960629424,0.0010195847880861203,2018-08-10,Desert Grassland
5,Addition,24,-5.418435257148638,1.3962572598760798,0.2850098196960837,0.07295833333333333,0.00416485467846762,8.501474012574139e-4,2018-08-10,Desert Grassland
7,Ambient,24,-9976.636775824747,9088.576985701431,1855.1980085809093,0.02,0.007592902864718044,0.0015498948070896549,2018-08-10,Desert Grassland
9,Exclusion,24,-731.3535492737408,609.9974253452559,124.51520304227932,0.030583333333333334,0.007912107764392641,0.0016150522343895766,2018-08-10,Desert Grassland
10,Ambient,24,-906.4524503027591,604.7965089910878,123.45357043706198,0.02725,0.004711226185815436,9.616750181738688e-4,2018-08-10,Desert Grassland
11,Addition,24,-43.06637593095752,22.619598717191742,4.617206253636059,0.04908333333333333,0.005837782981999891,0.001191632461250244,2018-08-10,Desert Grassland
12,Exclusion,24,-1644.1069984576154,1432.961380641744,292.50201697386444,0.0265,0.00746003846592251,0.0015227739752537621,2018-08-10,Desert Grassland
1,Addition,24,-1.021414032899381,0.13635824484048903,0.02783401017339126,0.10195833333333333,0.002561914478881259,5.229486031589463e-4,2018-08-11,Desert Grassland
3,Ambient,24,-404.0464406198229,253.42675808096413,51.7305203721763,0.0325,0.006514198539244536,0.0013297052086943878,2018-08-11,Desert Grassland
4,Exclusion,24,-135.55539555488727,69.69774408763558,14.226992436482522,0.039125,0.005383650773608361,0.0010989331123900335,2018-08-11,Desert Grassland
5,Addition,24,-7.640366317627861,2.246694695921909,0.458604634402174,0.06820833333333333,0.004558595957249256,9.30519503231243e-4,2018-08-11,Desert Grassland
7,Ambient,24,-22249.145428658852,22113.911935469267,4513.983371561872,0.018458333333333334,0.00832481448633446,0.001699295641237423,2018-08-11,Desert Grassland
9,Exclusion,24,-952.9262735976403,814.8557319804714,166.3317297778536,0.029666666666666668,0.008524474568362948,0.0017400510848184251,2018-08-11,Desert Grassland
10,Ambient,24,-935.7146645669175,609.2976161121328,124.37235508074266,0.027125,0.0048392642272219,9.878106739331341e-4,2018-08-11,Desert Grassland
11,Addition,24,-78.9621783441937,42.540213632662116,8.683484745750915,0.043791666666666666,0.006171316304285191,0.0012597146655680973,2018-08-11,Desert Grassland
12,Exclusion,24,-1644.0438973401433,1387.6442059567116,283.2516874269561,0.026416666666666668,0.007500241542004217,0.0015309803937946348,2018-08-11,Desert Grassland
1,Addition,24,-1.4209893125649344,0.1979456251273195,0.040405481531514444,0.09533333333333334,0.002697287956233185,5.505815985104825e-4,2018-08-12,Desert Grassland
3,Ambient,24,-777.8477607249192,512.6413683915317,104.64248113344914,0.028541666666666667,0.0057557469704987724,0.0011748869305243414,2018-08-12,Desert Grassland
4,Exclusion,24,-210.00417510153423,126.67630629291506,25.857692743179634,0.036333333333333336,0.005738252018854178,0.0011713157884740144,2018-08-12,Desert Grassland
5,Addition,24,-11.407397594441395,3.3729404182450717,0.6884985797925088,0.062875,0.004347037972048874,8.873354103352255e-4,2018-08-12,Desert Grassland
7,Ambient,24,-106679.41686347572,146524.55515892163,29909.19957730388,0.015375,0.007789694976447214,0.0015900648286847584,2018-08-12,Desert Grassland
9,Exclusion,24,-1704.7911147537322,1548.350418639007,316.05570572419066,0.026875,0.008055851235619658,0.0016443937475864622,2018-08-12,Desert Grassland
10,Ambient,24,-1242.7886709052855,899.8344296917495,183.67793381109095,0.025833333333333333,0.004788270693254932,9.77401662399771e-4,2018-08-12,Desert Grassland
11,Addition,24,-141.05338135596975,83.62718644469786,17.07032795117532,0.0395,0.006534191011434623,0.0013337861549912627,2018-08-12,Desert Grassland
12,Exclusion,24,-2288.60362308523,2164.734031742689,441.87448388394927,0.025,0.007095620204531561,0.0014483874091404281,2018-08-12,Desert Grassland
1,Addition,24,-1.9314517632213875,0.20880633237696886,0.04262241411546336,0.08945833333333333,0.0020637485241701567,4.212609034698934e-4,2018-08-13,Desert Grassland
3,Ambient,24,-1169.3610877875526,655.9004928301193,133.88512745615074,0.025666666666666667,0.004659414655032994,9.510990337397449e-4,2018-08-13,Desert Grassland
4,Exclusion,24,-272.44598414751,134.25096776544544,27.403864041681143,0.03383333333333333,0.004640714587653282,9.472818984700817e-4,2018-08-13,Desert Grassland
5,Addition,24,-15.215894734395881,3.6550362436723454,0.7460811490313473,0.059083333333333335,0.0036225941541659207,7.394589352413105e-4,2018-08-13,Desert Grassland
7,Ambient,24,-146369.14590379977,178065.91369728115,36347.552428400406,0.012916666666666667,0.0061638262161735555,0.0012581857577345977,2018-08-13,Desert Grassland
9,Exclusion,24,-2123.3503081160457,1699.4989800950154,346.90877663443445,0.02420833333333333,0.006178357504165275,0.0012611519444750267,2018-08-13,Desert Grassland
10,Ambient,24,-1290.9260577527698,650.6317014716757,132.80963992370303,0.024625,0.0033855511400271497,6.910727325970332e-4,2018-08-13,Desert Grassland
11,Addition,24,-220.88123357642596,113.56657333863856,23.181679709669062,0.035833333333333335,0.0060839537106739386,0.0012418818508219557,2018-08-13,Desert Grassland
12,Exclusion,24,-2323.966381506665,1620.0115746204935,330.68347793524373,0.023208333333333334,0.0054212076840518845,0.00110659938463187,2018-08-13,Desert Grassland
1,Addition,24,-2.3245938214236137,0.24527617241345406,0.050066789039656175,0.08612500000000001,0.0019406968716999754,3.9614309009004096e-4,2018-08-14,Desert Grassland
3,Ambient,24,-1868.6110770445725,1070.6374294372517,218.5429501371914,0.023125,0.003627341822278702,7.404280489366769e-4,2018-08-14,Desert Grassland
4,Exclusion,24,-362.32831325712357,166.41567323701966,33.96945705270306,0.03166666666666667,0.003795496950525619,7.747525707564447e-4,2018-08-14,Desert Grassland
5,Addition,24,-18.785572114903417,3.8647736419856233,0.7888936161852144,0.056416666666666664,0.002701314763087664,5.514035670176671e-4,2018-08-14,Desert Grassland
7,Ambient,24,-361741.3491608043,557362.023536505,113771.04663912878,0.010708333333333334,0.004704107055372549,9.6022183175742e-4,2018-08-14,Desert Grassland
9,Exclusion,24,-2895.3660932173952,1945.061406229332,397.03399697018114,0.022,0.004754860213736458,9.705817768262738e-4,2018-08-14,Desert Grassland
10,Ambient,24,-1736.342688081875,843.0666399427612,172.0902572518727,0.023041666666666665,0.0028510740412002276,5.819730516529452e-4,2018-08-14,Desert Grassland
11,Addition,24,-367.8090985510852,180.76330802202094,36.898155739291376,0.03183333333333333,0.004370520481059701,8.921287574149616e-4,2018-08-14,Desert Grassland
12,Exclusion,24,-2845.6987148285093,1746.7788730563798,356.55974437183016,0.021583333333333333,0.0040207793606049395,8.207381501496755e-4,2018-08-14,Desert Grassland
1,Addition,24,-2.492812178982194,0.22888682423511475,0.04672132735184415,0.084875,0.0016762406177800479,3.421611833073971e-4,2018-08-15,Desert Grassland
3,Ambient,24,-2426.451845644482,1582.0468063409246,322.93395206124836,0.022333333333333334,0.004082482904638631,8.333333333333335e-4,2018-08-15,Desert Grassland
4,Exclusion,24,-411.2898839859427,201.75948448892052,41.183982313736045,0.031,0.003967257293746224,8.098130040010938e-4,2018-08-15,Desert Grassland
5,Addition,24,-20.38598463624966,4.962131473166758,1.0128908454886296,0.055625,0.003227766760605476,6.588651310166333e-4,2018-08-15,Desert Grassland
7,Ambient,24,-442072.68219049554,580799.2987699886,118555.16041272914,0.010375,0.0049590716171827795,0.0010122662550013672,2018-08-15,Desert Grassland
9,Exclusion,24,-3193.889272686471,2250.385756549929,459.35806899786775,0.021833333333333333,0.005104700874144611,0.0010419927025994624,2018-08-15,Desert Grassland
10,Ambient,24,-2056.659698371455,1098.775634219235,224.28663713667478,0.022458333333333334,0.003134370010435724,6.398005992207925e-4,2018-08-15,Desert Grassland
11,Addition,24,-452.3633920855989,240.50456779714784,49.09278932596793,0.030666666666666665,0.004410133259020507,9.002146818564735e-4,2018-08-15,Desert Grassland
12,Exclusion,24,-3243.1365135217234,2167.591253505212,442.45771183396243,0.021291666666666667,0.004298424045549987,8.774121341422722e-4,2018-08-15,Desert Grassland
1,Addition,24,-14.289689066906574,43.62120979897752,8.904142164199042,0.07691666666666666,0.014273467835742336,0.002913559421466372,2018-08-16,Desert Grassland
3,Ambient,24,-1661.1066118071576,1166.277483753827,238.06539447449785,0.02420833333333333,0.004303478539069514,8.784438783115261e-4,2018-08-16,Desert Grassland
4,Exclusion,24,-277.2088070121448,139.711689406897,28.518529179091953,0.033416666666666664,0.0037522939843417833,7.659338022126852e-4,2018-08-16,Desert Grassland
5,Addition,24,-13.512609700017272,3.7491050476534666,0.7652828632369838,0.06045833333333333,0.0030357173304088997,6.196632052354777e-4,2018-08-16,Desert Grassland
7,Ambient,24,-21349873555728.67,104591178557221.88,21349584921793.242,0.0128375,0.006629237775058371,0.0013531874943730215,2018-08-16,Desert Grassland
9,Exclusion,24,-4128.641427674887,4119.571448945381,840.9040007378455,0.022,0.006036123143930685,0.0012321184772695302,2018-08-16,Desert Grassland
10,Ambient,24,-1628.3826534956243,1158.5233524222094,236.48258904441528,0.024166666666666666,0.004028881241482679,8.22391939658615e-4,2018-08-16,Desert Grassland
11,Addition,24,-167.98267251308667,69.29569991836307,14.144925514084289,0.03666666666666667,0.00348495732201011,7.113639345250749e-4,2018-08-16,Desert Grassland
12,Exclusion,24,-1302735.4928423865,6301785.732292428,1286346.6260389735,0.02020833333333333,0.0077794554781316074,0.0015879746998434816,2018-08-16,Desert Grassland
1,Addition,24,-4.739157316258767,8.167837982506017,1.6672529465719448,0.08245833333333333,0.01044646462629371,0.0021323756625378125,2018-08-17,Desert Grassland
3,Ambient,24,-1094.0639461071046,584.3397385350013,119.2778496535075,0.02575,0.0041415183101181,8.453838850152507e-4,2018-08-17,Desert Grassland
4,Exclusion,24,-280.97853240576137,141.85411688692903,28.955850357174892,0.03345833333333333,0.004064471372298233,8.296567446900325e-4,2018-08-17,Desert Grassland
5,Addition,24,-11.284801263652982,2.8487530361304487,0.5814992784769976,0.06275,0.003403961886058531,6.948308103937711e-4,2018-08-17,Desert Grassland
7,Ambient,24,-32962.16287660831,31090.51008664713,6346.32379626159,0.014416666666666666,0.004763234803901803,9.722912328854424e-4,2018-08-17,Desert Grassland
9,Exclusion,24,-3207.4345742716346,2222.78170585965,453.72341574577575,0.02225,0.006123724356957945,0.00125,2018-08-17,Desert Grassland
10,Ambient,24,-1100.733155135043,585.3183540707572,119.47760871325437,0.025583333333333333,0.0037406889236059728,7.635649291096232e-4,2018-08-17,Desert Grassland
11,Addition,24,-172.75744198667158,96.08370044852828,19.61300322477679,0.03716666666666667,0.0047334762174800525,9.662167868687921e-4,2018-08-17,Desert Grassland
12,Exclusion,24,-3150.5719230307313,2640.9585860446605,539.0834139692968,0.022041666666666668,0.005449205499860521,0.001112314414852169,2018-08-17,Desert Grassland
1,Addition,24,-2.0566491910238103,0.5988420213669808,0.12223811574049703,0.08904166666666667,0.005111616494652722,0.0010434043477244288,2018-08-18,Desert Grassland
3,Ambient,24,-886.1661655079389,604.8965372738886,123.47398862478772,0.027458333333333335,0.004791107402775223,9.77980703305872e-4,2018-08-18,Desert Grassland
4,Exclusion,24,-237.77934571794185,127.33611167900604,25.99237495363488,0.034833333333333334,0.004555614468807232,9.29910909451496e-4,2018-08-18,Desert Grassland
5,Addition,24,-8.810936007530616,1.8743567223508222,0.3826014638095864,0.065875,0.0031251086937618814,6.379101408710221e-4,2018-08-18,Desert Grassland
7,Ambient,24,-24638.98559122056,26076.525430454545,5322.84846411026,0.016416666666666666,0.005468619304856508,0.0011162772412026743,2018-08-18,Desert Grassland
9,Exclusion,24,-2842.0693924536345,2734.6735253306033,558.2128958465022,0.02425,0.006973552522395504,0.0014234704478639623,2018-08-18,Desert Grassland
10,Ambient,24,-1043.6788936537168,721.1476778405444,147.20365332519344,0.026583333333333334,0.004605447310255133,9.400829956165271e-4,2018-08-18,Desert Grassland
11,Addition,24,-148.37653859577077,69.93074189698012,14.274552915155889,0.03808333333333334,0.004671064180645577,9.534769831977709e-4,2018-08-18,Desert Grassland
12,Exclusion,24,-1937.3575257271134,1506.0974524801618,307.4308551235026,0.0245,0.005710402407201608,0.0011656310103003926,2018-08-18,Desert Grassland
1,Addition,24,-1.6120849202782532,0.28871579424384314,0.058933864714982694,0.09308333333333334,0.0037056556852966033,7.564137992850166e-4,2018-08-19,Desert Grassland
3,Ambient,24,-800.560777421698,595.4422305227001,121.54413634044089,0.029208333333333333,0.006877683929338718,0.001403901353251658,2018-08-19,Desert Grassland
4,Exclusion,24,-312.71051111604055,210.59052552001742,42.98661101571682,0.034125,0.0062991545326406264,0.001285809534659115,2018-08-19,Desert Grassland
5,Addition,24,-8.545671743926608,2.70469668632991,0.5520938992087305,0.066875,0.005160995016972733,0.001053483696385817,2018-08-19,Desert Grassland
7,Ambient,24,-27649.07757808921,29931.63919831549,6109.770266746726,0.017875,0.008028820369253451,0.0016388760950945816,2018-08-19,Desert Grassland
9,Exclusion,24,-2752.090736234315,2823.1514471181904,576.2733760032911,0.026083333333333333,0.009352593998070997,0.0019090902555575352,2018-08-19,Desert Grassland
10,Ambient,24,-929.3844203457927,627.3229154747004,128.05175390567643,0.027458333333333335,0.005315924940310434,0.001085108634557974,2018-08-19,Desert Grassland
11,Addition,24,-241.42946918574447,162.78578569049847,33.22850935998139,0.03641666666666667,0.007546474366372607,0.0015404176295504904,2018-08-19,Desert Grassland
12,Exclusion,24,-2021.1026226200372,1747.2422912966933,356.65433922401905,0.025666666666666667,0.00761386987626881,0.001554174680400523,2018-08-19,Desert Grassland
1,Addition,24,-1.9887840414766735,0.2140443824157787,0.0436916266023175,0.08891666666666666,0.0019541854005467717,3.988964245113295e-4,2018-08-20,Desert Grassland
3,Ambient,24,-1160.4563812779647,824.9323193425219,168.38860455998704,0.026125,0.004830271393941591,9.859750195265777e-4,2018-08-20,Desert Grassland
4,Exclusion,24,-498.3826380901901,330.2974785962878,67.42169049072945,0.03066666666666667,0.005053338686854264,0.0010315084400215778,2018-08-20,Desert Grassland
5,Addition,24,-10.41240882320081,2.087387455352918,0.42608618009177107,0.063625,0.0028864375515729505,5.891915979801778e-4,2018-08-20,Desert Grassland
7,Ambient,24,-98700.13449636364,137930.41769251428,28154.928612967764,0.013625,0.005554571168827097,0.001133822091966762,2018-08-20,Desert Grassland
9,Exclusion,24,-3790.50641633259,3829.9567334678877,781.7866444944132,0.02279166666666667,0.006606842083691769,0.0013486159930159356,2018-08-20,Desert Grassland
10,Ambient,24,-1562.884380559642,1039.679631074382,212.22371600810817,0.024166666666666666,0.003818338662943288,7.79415115779335e-4,2018-08-20,Desert Grassland
11,Addition,24,-445.1861874043631,299.07758226848165,61.048955838586494,0.03166666666666667,0.0057078638863350215,0.0011651128368983471,2018-08-20,Desert Grassland
12,Exclusion,24,-2618.997462528335,2117.607443118031,432.2548092632441,0.022958333333333334,0.005229341688277179,0.001067434902245285,2018-08-20,Desert Grassland
1,Addition,24,-10.13276739124132,37.94773069784075,7.746048092188271,0.08358333333333333,0.010557983448213659,0.0021551393467394942,2018-08-21,Desert Grassland
3,Ambient,24,-1511.5197415190867,748.2697113541797,152.73991523311605,0.023791666666666666,0.003175711719841118,6.482394403155954e-4,2018-08-21,Desert Grassland
4,Exclusion,24,-570.7291455667258,266.51819644030934,54.40279903713416,0.028791666666666667,0.003256821158425961,6.647958351369684e-4,2018-08-21,Desert Grassland
5,Addition,24,-12.963398181635544,2.1855416518603854,0.44612182155478486,0.06075,0.002400181152583571,4.899349261729137e-4,2018-08-21,Desert Grassland
7,Ambient,24,-276778677.86747015,1354311051.1472483,276447585.69359076,0.009791666666666667,0.0047179506113369275,9.630476357856191e-4,2018-08-21,Desert Grassland
9,Exclusion,24,-5296.977639142894,3747.0874729397788,764.8710275231107,0.019625,0.004613896778024067,9.418077360025257e-4,2018-08-21,Desert Grassland
10,Ambient,24,-2209.7334753622363,1056.6605546810995,215.68993252457807,0.021958333333333333,0.002820409570421916,5.757136927663328e-4,2018-08-21,Desert Grassland
11,Addition,24,-567.2042891392531,299.01275899104104,61.0357238424878,0.029208333333333333,0.004043020466526681,8.252780968849637e-4,2018-08-21,Desert Grassland
12,Exclusion,24,-23585.635850834864,99608.11349904424,20332.421026157626,0.02020833333333333,0.004481645337098445,9.148120236678917e-4,2018-08-21,Desert Grassland
1,Addition,24,-13.773910333272132,13.429115217915133,2.7412066650780504,0.068,0.014340577879327021,0.0029272582017495735,2018-08-22,Desert Grassland
3,Ambient,24,-2186.7945087232324,1182.9101074565601,241.4605145707826,0.021958333333333333,0.002544886888520258,5.194728608311475e-4,2018-08-22,Desert Grassland
4,Exclusion,24,-404.38854094535026,85.72739369090283,17.49903096011682,0.030083333333333333,0.00124818709114169,2.5478512306882845e-4,2018-08-22,Desert Grassland
5,Addition,24,-11.443084678707123,0.9355247893809933,0.190963197975678,0.062125,0.0010759222535351594,2.1962171033887795e-4,2018-08-22,Desert Grassland
7,Ambient,24,-128098144082961.61,226643164577211.25,46263342241983.23,0.006316666666666667,0.005198048686279067,0.0010610472449606792,2018-08-22,Desert Grassland
9,Exclusion,24,-11854.663526440789,9588.691503295217,1957.2834570028206,0.016541666666666666,0.003476369503884222,7.096109534907207e-4,2018-08-22,Desert Grassland
10,Ambient,24,-3101.770937811545,1564.2239930733135,319.2958855373689,0.020375,0.0022421360157322033,4.5767409770506456e-4,2018-08-22,Desert Grassland
11,Addition,24,-209.44746023916935,32.29902401733325,6.593010669363777,0.034333333333333334,0.0010072203103706698,2.0559798491465376e-4,2018-08-22,Desert Grassland
12,Exclusion,24,-174389.59285519985,308776.06679974817,63028.650703576386,0.015333333333333334,0.006465067783811347,0.0013196764352369891,2018-08-22,Desert Grassland
1,Addition,24,-64.95126812036287,135.5263953892653,27.664209615198565,0.06383333333333333,0.019304576314093675,0.003940530139178963,2018-08-23,Desert Grassland
3,Ambient,24,-3096.4304689161586,2766.1169381584823,564.6312556131678,0.02175,0.00424520189513229,8.665482081808545e-4,2018-08-23,Desert Grassland
4,Exclusion,24,-566.1429609521116,447.9063126974021,91.42849322334344,0.029583333333333333,0.004106375389632531,8.382103664101801e-4,2018-08-23,Desert Grassland
5,Addition,24,-14.055992433941345,9.233431496986137,1.8847663118798892,0.06120833333333334,0.005107361836362904,0.0010425358692377658,2018-08-23,Desert Grassland
7,Ambient,24,-42699197132009.7,144663083744802.66,29529228316023.17,0.011175,0.008482424284314623,0.0017314676065303008,2018-08-23,Desert Grassland
9,Exclusion,24,-18022.18485648774,23092.162031835043,4713.667836305592,0.017541666666666667,0.005687355667861262,0.0011609266143321612,2018-08-23,Desert Grassland
10,Ambient,24,-2089.8599108056624,1872.8511154427028,382.29413308641125,0.024333333333333332,0.0053541261347363365,0.0010929064207170001,2018-08-23,Desert Grassland
11,Addition,24,-160.9261823065696,83.77421177475495,17.10033937100067,0.037375,0.004062688122734588,8.292927403971183e-4,2018-08-23,Desert Grassland
12,Exclusion,24,-64048813040492.41,173101820989922.97,35334261247658.85,0.012220833333333334,0.009611269615570484,0.00196189219487196,2018-08-23,Desert Grassland
1,Addition,24,-8.06047949880921,9.454103055172427,1.929810705071664,0.08704166666666667,0.02615086525572698,0.005338023017400686,2018-08-24,Desert Grassland
3,Ambient,24,-495.39169830729406,397.73010681185286,81.18631808597429,0.031375,0.005507406080827019,0.0011241945586939572,2018-08-24,Desert Grassland
4,Exclusion,24,-222.4004490372814,120.77053856684633,24.652182954157528,0.035250000000000004,0.0044158804331639245,9.013878188659976e-4,2018-08-24,Desert Grassland
5,Addition,24,-6.36161435318234,1.738662737477799,0.35490304513426585,0.070625,0.003976151733610732,8.116285739357533e-4,2018-08-24,Desert Grassland
7,Ambient,24,-527.3038047123003,458.2478107550801,93.53944267478464,0.031375,0.005851885612124634,0.0011945111485699793,2018-08-24,Desert Grassland
9,Exclusion,24,-6429.052916656793,6986.003147096168,1426.0119209885888,0.021458333333333333,0.006580466262498734,0.0013432320510601173,2018-08-24,Desert Grassland
10,Ambient,24,-538.2736415743447,391.9948031910695,80.01560413673629,0.030333333333333334,0.004931413649219679,0.0010066205959320472,2018-08-24,Desert Grassland
11,Addition,24,-88.66603615200444,28.554270210454415,5.828615999430613,0.041375,0.0029164078560120314,5.95309260756146e-4,2018-08-24,Desert Grassland
12,Exclusion,24,-64049355992394.92,173101611369582.4,35334218459086.01,0.015470833333333333,0.011595931789122037,0.0023670096646223183,2018-08-24,Desert Grassland
1,Addition,24,-2.8673466720771303,9.966468315073502,2.0343968257955076,0.10691666666666666,0.015225598201046492,0.0031079122184334493,2018-08-25,Desert Grassland
3,Ambient,24,-216.6333075401644,455.6746095291468,93.01419017403124,0.06466666666666666,0.03993327768499184,0.008151346173758324,2018-08-25,Desert Grassland
4,Exclusion,24,-10669759.180579934,45898593.49241807,9369011.163987733,0.027708333333333335,0.010642323898990037,0.002172355269162698,2018-08-25,Desert Grassland
5,Addition,24,-16.20115943330229,27.42174575704689,5.5974404134245415,0.06779166666666667,0.012010789231812142,0.002451692085504541,2018-08-25,Desert Grassland
7,Ambient,24,-43668.462019670216,212932.7697085337,43464.71960862217,0.03675,0.0109355821299892,0.0022322163548976304,2018-08-25,Desert Grassland
9,Exclusion,24,-5203.526638785748,4211.043482377743,859.5756513748531,0.01925,0.0037792338768131532,7.714328847360437e-4,2018-08-25,Desert Grassland
10,Ambient,24,-225.25300172991413,163.4449997990993,33.363070876424366,0.03716666666666667,0.008014479649856939,0.0016359488080057575,2018-08-25,Desert Grassland
11,Addition,24,-101.25210514363269,57.852797521495205,11.809152843351216,0.04145833333333333,0.005216855346867971,0.0010648861384780562,2018-08-25,Desert Grassland
12,Exclusion,24,-149447457977802.6,237905525981057.56,48562262136836.45,0.011904166666666667,0.010492335884770396,0.002141739093965079,2018-08-25,Desert Grassland
1,Addition,24,-0.5873615355846633,0.38167759318505223,0.07790961246307967,0.12529166666666666,0.02674595323582156,0.0054594948426752886,2018-08-26,Desert Grassland
3,Ambient,24,-0.838666788784725,0.7227782918799585,0.14753650102219204,0.112,0.013708137855969384,0.002798161922571233,2018-08-26,Desert Grassland
4,Exclusion,24,-106.11692066971956,98.73572980585362,20.154346450470815,0.04441666666666667,0.008963290674196888,0.001829624047335783,2018-08-26,Desert Grassland
5,Addition,24,-0.9207166517547279,0.5277171739695093,0.1077198170607366,0.10745833333333334,0.010982116556382518,0.002241715154909025,2018-08-26,Desert Grassland
7,Ambient,24,-66.03421696860191,163.0867555771511,33.28994458083491,0.05379166666666667,0.010874698063441325,0.0022197884468553018,2018-08-26,Desert Grassland
9,Exclusion,24,-2069.3361850805773,2085.732169232148,425.74829622725457,0.025375,0.006398454297039588,0.0013060790141887853,2018-08-26,Desert Grassland
10,Ambient,24,-4.037005953147692,4.403703330437426,0.8989021781805497,0.08441666666666667,0.013078082117958197,0.0026695523336012256,2018-08-26,Desert Grassland
11,Addition,24,-17.983991042926743,9.865990173718467,2.013886811076918,0.058875000000000004,0.007176728696461134,0.0014649436107266032,2018-08-26,Desert Grassland
12,Exclusion,24,-192146377327878.7,253395128339518.94,51724063978239.89,0.0092875,0.010878591361017289,0.0022205831628951287,2018-08-26,Desert Grassland
1,Addition,24,-0.16489311485299807,0.11124727707723875,0.02270825534277121,0.153,0.014946280619198416,0.003050896755790461,2018-08-27,Desert Grassland
3,Ambient,24,-0.6664371489648817,0.13390187403389428,0.027332605582122436,0.11154166666666666,0.004273061896464235,8.722351071388983e-4,2018-08-27,Desert Grassland
4,Exclusion,24,-13.099811017858082,5.81072051086952,1.1861083574628932,0.06191666666666667,0.005904432135318327,0.0012052371627018017,2018-08-27,Desert Grassland
5,Addition,24,-0.4081928214971137,0.03519937030426033,0.007185041376059374,0.122875,0.0021123343773510714,4.3117844922081175e-4,2018-08-27,Desert Grassland
7,Ambient,24,-15.27050350143838,4.152311842970431,0.8475871056827656,0.059,0.003134658985682771,6.39859586046089e-4,2018-08-27,Desert Grassland
9,Exclusion,24,-489.49189025296107,476.57757991180415,97.28099113619956,0.03358333333333333,0.008118238546719926,0.0016571285041381229,2018-08-27,Desert Grassland
10,Ambient,24,-1.6021095695170906,0.4263718303758862,0.08703278542645188,0.09345833333333334,0.004373628149306455,8.927631075394948e-4,2018-08-27,Desert Grassland
11,Addition,24,-4.5966587880894725,0.9912143376856863,0.20233077942172586,0.07525,0.0035170392686734845,7.179126344651126e-4,2018-08-27,Desert Grassland
12,Exclusion,24,-135591.55242814828,522600.4303424583,106675.36614149387,0.02679166666666667,0.01281975095283655,0.0026168207053340006,2018-08-27,Desert Grassland
1,Addition,24,-0.13186896985633267,0.009486144656428963,0.001936351169540017,0.15479166666666666,0.0022062986251159236,4.5035882097817367e-4,2018-08-28,Desert Grassland
3,Ambient,24,-1.2126678201237076,0.22173620544603617,0.04526171340364409,0.098625,0.003560807187434746,7.268467234708357e-4,2018-08-28,Desert Grassland
4,Exclusion,24,-8.530549852491513,1.6871349515720584,0.3443849798805626,0.06625,0.002862804948632205,5.843676131052925e-4,2018-08-28,Desert Grassland
5,Addition,24,-0.5359670982219886,0.05392401238541645,0.011007192935649222,0.11625,0.0023078316568852517,4.7108416430089426e-4,2018-08-28,Desert Grassland
7,Ambient,24,-28.607724999566834,7.688853107421571,1.569480568366309,0.051875,0.0027076782931379486,5.527025171498391e-4,2018-08-28,Desert Grassland
9,Exclusion,24,-194.17441362301184,134.39825784729265,27.433929503739346,0.0375,0.006547485411773844,0.001336499863096877,2018-08-28,Desert Grassland
10,Ambient,24,-3.559778823574195,0.82086794333889,0.1675589672823445,0.07929166666666666,0.003568938055021372,7.285064298669497e-4,2018-08-28,Desert Grassland
11,Addition,24,-4.480227809993558,0.787085048908197,0.16066306283321874,0.0755,0.002904269720376478,5.928315741948294e-4,2018-08-28,Desert Grassland
12,Exclusion,24,-156.12395028016118,60.85799804445839,12.42258683135163,0.037208333333333336,0.0035871651234907482,7.322270146383451e-4,2018-08-28,Desert Grassland
1,Addition,24,-0.135337593001564,0.03112471357604612,0.006353305554299108,0.15487499999999998,0.0074326687816282655,0.0015171871618419317,2018-08-29,Desert Grassland
3,Ambient,24,-2.141677929504052,0.3140935757967996,0.06411408268236261,0.08766666666666667,0.002478896435156554,5.060026159448138e-4,2018-08-29,Desert Grassland
4,Exclusion,24,-9.219716305048678,1.5759605021486875,0.3216915904203864,0.065125,0.0024550303283347617,5.011309672898014e-4,2018-08-29,Desert Grassland
5,Addition,24,-0.41503608963540106,0.2995132122199834,0.06113787843007422,0.13370833333333335,0.02488666338609404,0.005079968891361252,2018-08-29,Desert Grassland
7,Ambient,24,-50.90578610360385,17.925186800768756,3.6589634338296237,0.04645833333333333,0.0035506174192626006,7.24766745752585e-4,2018-08-29,Desert Grassland
9,Exclusion,24,-169.3948747411733,108.56419777731213,22.1605740740842,0.038375,0.006690762613321899,0.001365746199394097,2018-08-29,Desert Grassland
10,Ambient,24,-6.735297957089141,1.7142506342159036,0.34991994542261784,0.06970833333333333,0.003605300043796228,7.359287897445503e-4,2018-08-29,Desert Grassland
11,Addition,24,-4.628870209843572,1.3932139358515039,0.2843886037809033,0.07554166666666666,0.0047820240090560425,9.761265633271391e-4,2018-08-29,Desert Grassland
12,Exclusion,24,-169.88191026874435,75.61532138718974,15.434912844597896,0.036875,0.0042150094125429985,8.603851934798854e-4,2018-08-29,Desert Grassland
1,Addition,24,-0.11674901478011496,0.010542046687567523,0.002151886269094836,0.15875,0.0028322674892098023,5.781341803031397e-4,2018-08-30,Desert Grassland
3,Ambient,24,-3.490493223105262,0.5723091474850189,0.11682211553879493,0.079375,0.002498912807080574,5.100884407544488e-4,2018-08-30,Desert Grassland
4,Exclusion,24,-12.771132570434489,2.9873636036725446,0.6097930420966409,0.06108333333333334,0.002903021913779512,5.92576866739809e-4,2018-08-30,Desert Grassland
5,Addition,24,-0.16657285134032127,0.023297741011473156,0.004755631469801873,0.14779166666666665,0.003922944398487337,8.007676721336215e-4,2018-08-30,Desert Grassland
7,Ambient,24,-100.22264059582079,44.546035090541565,9.092921336328425,0.040875,0.004142174392230749,8.455178072156971e-4,2018-08-30,Desert Grassland
9,Exclusion,24,-226.89263700191648,146.59486690387732,29.923551902142727,0.03654166666666667,0.007144345083117603,0.0014583333333333334,2018-08-30,Desert Grassland
10,Ambient,24,-13.238936075663075,4.335992128796235,0.8850806870229146,0.06095833333333334,0.003872749463339594,7.905216739016162e-4,2018-08-30,Desert Grassland
11,Addition,24,-2.8306354446235797,0.47091872793133555,0.09612588281269238,0.08291666666666667,0.003133502924796805,6.396236061059052e-4,2018-08-30,Desert Grassland
12,Exclusion,24,-256.9324624773616,138.2473762879066,28.219627515326135,0.034541666666666665,0.0051750166281326355,0.0010563458457786066,2018-08-30,Desert Grassland
1,Addition,24,-0.15769208134695142,0.012459658613593869,0.0025433171643815216,0.14925,0.0023636743688036092,4.82483010138662e-4,2018-08-31,Desert Grassland
3,Ambient,24,-5.7626731464389245,1.115608699133288,0.2277226721238895,0.07170833333333333,0.0025788296412986578,5.264013962288571e-4,2018-08-31,Desert Grassland
4,Exclusion,24,-21.92024264773249,6.76559471267917,1.381021237711311,0.05495833333333333,0.0034950793567735945,7.134300862191791e-4,2018-08-31,Desert Grassland
5,Addition,24,-0.24548670305715897,0.024000322586025538,0.004899045333163083,0.13637500000000002,0.0025844434267530345,5.275473053862472e-4,2018-08-31,Desert Grassland
7,Ambient,24,-264.27768586210624,187.51862749114457,38.27707955169486,0.034333333333333334,0.004410133259020507,9.002146818564735e-4,2018-08-31,Desert Grassland
9,Exclusion,24,-435.19183076055447,313.05698940346286,63.9024903708637,0.03245833333333333,0.006775782750653829,0.0013831008622544787,2018-08-31,Desert Grassland
10,Ambient,24,-34.606340262800586,15.712640182997546,3.207329246691274,0.050458333333333334,0.0038895530833767777,7.939516984785084e-4,2018-08-31,Desert Grassland
11,Addition,24,-3.3542987578668955,0.6325113930614231,0.12911084745812126,0.080125,0.0030971585855987154,6.322048489330758e-4,2018-08-31,Desert Grassland
12,Exclusion,24,-494.8542819124749,310.6419444717926,63.40952138848981,0.030708333333333334,0.0052954382884390855,0.0010809268142560708,2018-08-31,Desert Grassland
1,Addition,24,-0.31111016152263654,0.36939528656245324,0.07540249712226517,0.14925,0.03277227088760305,0.006689611782241287,2018-09-01,Desert Grassland
3,Ambient,24,-6.467119263846275,5.958824484006474,1.216339954384927,0.09583333333333334,0.04299309010877735,0.008775927769333587,2018-09-01,Desert Grassland
4,Exclusion,24,-29.329949859877974,24.32394923266554,4.96510534578275,0.07245833333333333,0.036084416926528494,0.007365700761320271,2018-09-01,Desert Grassland
5,Addition,24,-0.31072730827669626,0.20857832041778512,0.04257587136919232,0.13541666666666666,0.01644996806304992,0.003357835669962637,2018-09-01,Desert Grassland
7,Ambient,24,-655.843338217555,986.1634203326146,201.29976523439296,0.042374999999999996,0.02286408328247223,0.004667111456546339,2018-09-01,Desert Grassland
9,Exclusion,24,-748.5799870572614,589.983433487238,120.42986406158259,0.03716666666666667,0.020135771039677595,0.00411019705206007,2018-09-01,Desert Grassland
10,Ambient,24,-55.755467559588595,45.41720524096106,9.270748198634378,0.0905,0.07093291380501414,0.014479120399258787,2018-09-01,Desert Grassland
11,Addition,24,-22.58443886325973,52.95845629955219,10.81009962494869,0.07116666666666667,0.01630595161194263,0.0033284384349810256,2018-09-01,Desert Grassland
12,Exclusion,24,-37776.9582421817,110865.57007495213,22630.33972720041,0.05370833333333333,0.050603728309686624,0.010329442786763678,2018-09-01,Desert Grassland
1,Addition,24,-0.05570233241177809,0.013727230567841222,0.0028020592060622315,0.185875,0.009446934170268756,0.0019283473625684362,2018-09-02,Desert Grassland
3,Ambient,24,-0.37138216793737294,0.2174194887849075,0.044380567304982764,0.129875,0.014130794309807458,0.002884436309937689,2018-09-02,Desert Grassland
4,Exclusion,24,-0.36796670048841557,0.08033594329661127,0.016398505756821696,0.12608333333333333,0.00545269511874367,0.001113026730323877,2018-09-02,Desert Grassland
5,Addition,24,-0.09910020115510942,0.043994827830136314,0.008980406625452568,0.16774999999999998,0.014617589166599198,0.0029838028939836035,2018-09-02,Desert Grassland
7,Ambient,24,-23.79663518428962,29.638906645346832,6.050016484590437,0.06816666666666667,0.019050657107614007,0.00388869909819833,2018-09-02,Desert Grassland
9,Exclusion,24,-1.753353076468511,0.2898865950973689,0.059172853438445465,0.09141666666666666,0.0031611316997538115,6.452633061778095e-4,2018-09-02,Desert Grassland
10,Ambient,24,-0.07618552051888784,0.02231069870173115,0.004554152302018035,0.17483333333333334,0.010432668868038746,0.0021295596151761917,2018-09-02,Desert Grassland
11,Addition,24,-0.22720713282701946,0.0577833228273254,0.011794971380788555,0.13929166666666667,0.006272640153296979,0.0012803973096392378,2018-09-02,Desert Grassland
12,Exclusion,24,-3.2275383540880584,2.202865238668428,0.44965798390432776,0.08654166666666667,0.015108244701851188,0.003083957535720232,2018-09-02,Desert Grassland
1,Addition,24,-0.05265458695407831,0.01697756685785524,0.0034655313229776706,0.18879166666666666,0.011617000910085511,0.0023713103809297757,2018-09-03,Desert Grassland
3,Ambient,24,-0.25967645684258184,0.02602993798989582,0.005313338842627666,0.13483333333333333,0.0027610122067454022,5.635892566768343e-4,2018-09-03,Desert Grassland
4,Exclusion,24,-0.44809751149912996,0.0512663730941427,0.01046470458698317,0.120625,0.002683484107745326,5.477638997369871e-4,2018-09-03,Desert Grassland
5,Addition,24,-0.08343897390430731,0.010190646690406724,0.0020801570450398846,0.17016666666666666,0.004018075103358799,8.201861459508198e-4,2018-09-03,Desert Grassland
7,Ambient,24,-4.089489852138857,0.7928436251916676,0.16183852729483506,0.07695833333333334,0.0030428700220375025,6.211232423002738e-4,2018-09-03,Desert Grassland
9,Exclusion,24,-2.329680681669809,0.29490849149148995,0.060197943747338736,0.086125,0.0021732064068920157,4.436039002193899e-4,2018-09-03,Desert Grassland
10,Ambient,24,-0.15718640173609913,0.03471713397569172,0.007086605297690521,0.15004166666666666,0.006375763665541608,0.0013014473084294873,2018-09-03,Desert Grassland
11,Addition,24,-0.21578562941286847,0.031019284360611125,0.006331784905815967,0.14020833333333332,0.00405376010815794,8.274703170530418e-4,2018-09-03,Desert Grassland
12,Exclusion,24,-8.824675215991345,5.645809075991869,1.1524459517795214,0.06866666666666667,0.008691158259061789,0.0017740752507064297,2018-09-03,Desert Grassland
1,Addition,24,-0.056054640395082435,0.006943502020146395,0.0014173364147785725,0.18462499999999998,0.00467009449676296,9.532790473040867e-4,2018-09-04,Desert Grassland
3,Ambient,24,-0.36858162555717766,0.056392558844263016,0.01151108287152659,0.12570833333333334,0.00392848202420385,8.018980352496191e-4,2018-09-04,Desert Grassland
4,Exclusion,24,-0.6661204082488296,0.07008925347367055,0.01430690895525719,0.11120833333333334,0.002358687303798759,4.814650297573309e-4,2018-09-04,Desert Grassland
5,Addition,24,-0.11489911830856471,0.0078094712574044165,0.001594101645131014,0.15920833333333334,0.002186503396166876,4.463181367892789e-4,2018-09-04,Desert Grassland
7,Ambient,24,-5.7690717298741605,1.0859504726714144,0.2216687119982645,0.07170833333333333,0.002742248627719934,5.597591571467687e-4,2018-09-04,Desert Grassland
9,Exclusion,24,-3.5513612637136895,0.4244943176959295,0.0866495397554936,0.079,0.001978141420187363,4.0378642654362453e-4,2018-09-04,Desert Grassland
10,Ambient,24,-0.27334164496406166,0.030668731927098097,0.006260228689966147,0.13345833333333335,0.0029632409793078408,6.048690320174446e-4,2018-09-04,Desert Grassland
11,Addition,24,-0.2776629025115676,0.019301873617650685,0.0039399784535777155,0.13291666666666668,0.0018862584696941085,3.850308978128011e-4,2018-09-04,Desert Grassland
12,Exclusion,24,-8.250910939614759,2.618444273515761,0.5344876991688506,0.06716666666666667,0.004370520481059699,8.921287574149613e-4,2018-09-04,Desert Grassland
1,Addition,24,-0.06396899412527339,0.007435052287359551,0.0015176736929119858,0.17966666666666667,0.004300320176822702,8.777991803175627e-4,2018-09-05,Desert Grassland
3,Ambient,24,-0.48745158030119373,0.04297201380900192,0.008771625587657275,0.1185,0.0021058923544890976,4.298634768105468e-4,2018-09-05,Desert Grassland
4,Exclusion,24,-0.8444291548695015,0.06359515366024884,0.012981306381791636,0.105875,0.001623536129939028,3.314029247769622e-4,2018-09-05,Desert Grassland
5,Addition,24,-0.13500062648546746,0.009209637681200308,0.0018799094195708008,0.15404166666666666,0.0020951116327354007,4.2766287119759013e-4,2018-09-05,Desert Grassland
7,Ambient,24,-7.480816179628805,0.8864261270458106,0.18094097549447763,0.06783333333333334,0.001736229464564861,3.544063553807964e-4,2018-09-05,Desert Grassland
9,Exclusion,24,-4.437968549187586,0.47369285228092844,0.09669214857432012,0.07545833333333334,0.00176879144853366,3.610530425254833e-4,2018-09-05,Desert Grassland
10,Ambient,24,-0.3749760099248654,0.04039708932309334,0.008246021327934415,0.12508333333333332,0.002636147826340331,5.381014217567343e-4,2018-09-05,Desert Grassland
11,Addition,24,-0.3348860669088777,0.03862103793657927,0.007883486356774244,0.12804166666666666,0.0029705681884647684,6.063646923235381e-4,2018-09-05,Desert Grassland
12,Exclusion,24,-9.817752154877077,2.0961127832868844,0.4278672301981602,0.06441666666666666,0.002962323803847342,6.046818143605427e-4,2018-09-05,Desert Grassland
1,Addition,24,-0.07000293946044353,0.0065905233199054485,0.0013452849393068113,0.17629166666666665,0.0034950793567735984,7.134300862191798e-4,2018-09-06,Desert Grassland
3,Ambient,24,-0.6590581681925768,0.0715417798293477,0.01460340465603664,0.11145833333333334,0.002413353551040305,4.926237307485489e-4,2018-09-06,Desert Grassland
4,Exclusion,24,-1.0080651975443802,0.08433928696517101,0.017215684861236116,0.102125,0.0017769661492701998,3.627216963258564e-4,2018-09-06,Desert Grassland
5,Addition,24,-0.15958916637642373,0.011908505832606097,0.0024308135740701907,0.14887499999999998,0.002251810865484278,4.596489681409542e-4,2018-09-06,Desert Grassland
7,Ambient,24,-9.476107699681528,1.3112589482795123,0.26765961199527694,0.06466666666666666,0.0018804871400937518,3.8385283009127654e-4,2018-09-06,Desert Grassland
9,Exclusion,24,-4.928916348564148,0.7927218613705536,0.16181367235892996,0.074,0.0026702873970059307,5.45070132437435e-4,2018-09-06,Desert Grassland
10,Ambient,24,-0.5433641051808481,0.07683301346899611,0.015683473199952315,0.11604166666666667,0.0031134933081203384,6.355391602054029e-4,2018-09-06,Desert Grassland
11,Addition,24,-0.42574774268957494,0.0454399119058781,0.009275383177201635,0.121875,0.0025760181608865656,5.258275051929025e-4,2018-09-06,Desert Grassland
12,Exclusion,24,-9.7232015150383,1.801274464737997,0.3676836104427486,0.06445833333333334,0.0026039963712434946,5.315385334671298e-4,2018-09-06,Desert Grassland
1,Addition,24,-0.08130642897029186,0.006459002176459817,0.0013184382983210455,0.17091666666666666,0.0027806265585243496,5.675930194679903e-4,2018-09-07,Desert Grassland
3,Ambient,24,-0.9606800104845618,0.11129406796725205,0.022717806493199818,0.10320833333333333,0.002395270097625672,4.889324612774455e-4,2018-09-07,Desert Grassland
4,Exclusion,24,-1.2310023822176412,0.13053720643721076,0.026645795684959835,0.09808333333333334,0.0021450988964060182,4.378664786668381e-4,2018-09-07,Desert Grassland
5,Addition,24,-0.19553577934816685,0.015802035418254957,0.003225576972676001,0.1428333333333333,0.002389590954020418,4.877732109433736e-4,2018-09-07,Desert Grassland
7,Ambient,24,-13.707212643127447,2.8130939361258367,0.5742203951688162,0.060125,0.0025590844150747078,5.223709188034822e-4,2018-09-07,Desert Grassland
9,Exclusion,24,-5.9966274724111,1.1645379448432154,0.23771031258127157,0.07120833333333333,0.0031482109020931157,6.426258593996053e-4,2018-09-07,Desert Grassland
10,Ambient,24,-0.9094856647736776,0.18652569250702167,0.038074397546789894,0.10466666666666667,0.003952617918012958,8.068247539428118e-4,2018-09-07,Desert Grassland
11,Addition,24,-0.5525709176976619,0.05828121055359575,0.01189660228733496,0.11554166666666667,0.0024313025077225504,0.00049628754618911725,2018-09-07,Desert Grassland
12,Exclusion,24,-12.240858143067035,2.734566663776798,0.5581910828231735,0.06158333333333334,0.0028117249334615358,5.739409486701456e-4,2018-09-07,Desert Grassland
1,Addition,24,-0.09631566104149501,0.00578555833997158,0.0011809721508361714,0.16504166666666667,0.002031901372706314,4.147601308992647e-4,2018-09-08,Desert Grassland
3,Ambient,24,-1.4085860799586718,0.17575730598937406,0.03587630985334802,0.09545833333333334,0.0023770490779200563,4.852131112047825e-4,2018-09-08,Desert Grassland
4,Exclusion,24,-1.556076762352564,0.17361990689721837,0.035440015090642235,0.0935,0.0020851441405707496,4.256282653793747e-4,2018-09-08,Desert Grassland
5,Addition,24,-0.24058434537483603,0.021047409891711614,0.004296284553491733,0.1369166666666667,0.002430184581765193,4.96059350508639e-4,2018-09-08,Desert Grassland
7,Ambient,24,-22.62816363838784,5.712501953997208,1.1660595784954186,0.05441666666666667,0.002917960375608824,5.95626167491797e-4,2018-09-08,Desert Grassland
9,Exclusion,24,-7.54386375327911,1.5163217988771973,0.30951789109235267,0.06795833333333333,0.00305712520069977,6.240330684598377e-4,2018-09-08,Desert Grassland
10,Ambient,24,-1.830198458037761,0.4521463520073299,0.09229398762323224,0.090875,0.004025057385494241,8.216113983234851e-4,2018-09-08,Desert Grassland
11,Addition,24,-0.7323410726384757,0.08121952299713267,0.01657886570793491,0.10908333333333334,0.00237590562443711,4.8497970473996356e-4,2018-09-08,Desert Grassland
12,Exclusion,24,-18.066456216081775,4.854520571997469,0.9909248622698107,0.057,0.0030360156956688858,6.197241087891393e-4,2018-09-08,Desert Grassland
1,Addition,24,-0.11633966275885331,0.007424974816105049,0.0015156166377060611,0.15879166666666666,0.0020211741457717685,4.125704448705416e-4,2018-09-09,Desert Grassland
3,Ambient,24,-2.2043108652391594,0.2924305013490977,0.059692126127629766,0.087125,0.0023463662933584516,4.7895001403280943e-4,2018-09-09,Desert Grassland
4,Exclusion,24,-2.049909578709208,0.27247390230212615,0.05561850240543032,0.08841666666666667,0.002244155049023565,4.580862311498586e-4,2018-09-09,Desert Grassland
5,Addition,24,-0.3048730391137677,0.023700801721772177,0.004837905892768237,0.13041666666666668,0.0020624313778658926,4.209920421063901e-4,2018-09-09,Desert Grassland
7,Ambient,24,-44.083551418124316,15.480496491838382,3.1599431141624246,0.04770833333333333,0.003071314216177295,6.269293891158701e-4,2018-09-09,Desert Grassland
9,Exclusion,24,-10.670139636088383,2.47100705338919,0.5043922026351422,0.063375,0.0030476291569449337,6.220946966452967e-4,2018-09-09,Desert Grassland
10,Ambient,24,-4.030328388019877,1.223277327383103,0.24970043883367757,0.07754166666666666,0.00410703708568457,8.383454345512059e-4,2018-09-09,Desert Grassland
11,Addition,24,-1.00049359962266,0.15215787656695853,0.031059096494536153,0.10245833333333333,0.003021361148291574,6.167327618319847e-4,2018-09-09,Desert Grassland
12,Exclusion,24,-31.86689311995271,11.577582498595529,2.3632641313779823,0.051041666666666666,0.00345755840802835,7.05771154628265e-4,2018-09-09,Desert Grassland
1,Addition,24,-0.14022775381451222,0.010766018671447898,0.002197604358860317,0.15287499999999998,0.002419351332395778,4.938480227410229e-4,2018-09-10,Desert Grassland
3,Ambient,24,-3.2398881746341592,0.4077310355114501,0.08322774910830508,0.0805,0.001978141420187363,4.0378642654362453e-4,2018-09-10,Desert Grassland
4,Exclusion,24,-2.7663622356008966,0.41691147634192705,0.0851016987456785,0.08320833333333333,0.0024491199247478864,4.999245112096548e-4,2018-09-10,Desert Grassland
5,Addition,24,-0.3843025750013826,0.03546201531239413,0.007238653563844119,0.12441666666666666,0.002301543275559982,4.6980055383798115e-4,2018-09-10,Desert Grassland
7,Ambient,24,-91.09873550512717,39.19653575949902,8.000959357960575,0.0415,0.003706633301903847,7.566133544393347e-4,2018-09-10,Desert Grassland
9,Exclusion,24,-14.951791583910312,3.882583583438291,0.7925290552608708,0.059291666666666666,0.003444960612719456,7.031996404290301e-4,2018-09-10,Desert Grassland
10,Ambient,24,-9.517077125692625,3.3197751564877307,0.6776462661802598,0.06520833333333334,0.003878358759406701,7.916666666666672e-4,2018-09-10,Desert Grassland
11,Addition,24,-1.446497466429561,0.2665834961190274,0.0544161282782364,0.095125,0.0033662325735353544,6.871293467247893e-4,2018-09-10,Desert Grassland
12,Exclusion,24,-51.9213364526842,19.13917639660739,3.9067680224006427,0.04633333333333333,0.003679161845319932,7.51005766845867e-4,2018-09-10,Desert Grassland
1,Addition,24,-0.1687421136717982,0.011196291710274215,0.0022854334751270847,0.14716666666666667,0.001992740447914286,4.067664405996e-4,2018-09-11,Desert Grassland
3,Ambient,24,-4.816482355805314,0.8122894046817873,0.16580788041162436,0.07433333333333333,0.0024612945810066596,5.024096525119695e-4,2018-09-11,Desert Grassland
4,Exclusion,24,-3.787856217610409,0.6921179263370343,0.14127798011324408,0.078125,0.0028332267669643908,5.783299920548351e-4,2018-09-11,Desert Grassland
5,Addition,24,-0.48541758245275496,0.054219225470880796,0.011067453054380913,0.11866666666666667,0.002681120250399343,5.472813793767882e-4,2018-09-11,Desert Grassland
7,Ambient,24,-212.9672389890854,146.8127127321828,29.968019495637925,0.035875,0.004721021444376297,9.636744669549303e-4,2018-09-11,Desert Grassland
9,Exclusion,24,-22.619174481885175,7.958664800568244,1.6245556496034537,0.054875,0.0043068449059001715,8.79131035063371e-4,2018-09-11,Desert Grassland
10,Ambient,24,-24.059328838986943,9.977967463010033,2.0367440795389475,0.05416666666666667,0.0037261317704845726,7.60593462671707e-4,2018-09-11,Desert Grassland
11,Addition,24,-2.205245113602543,0.5393654389161677,0.11009750918640832,0.0875,0.004053983548153055,8.275159265510552e-4,2018-09-11,Desert Grassland
12,Exclusion,24,-87.58629368025484,40.72376768931226,8.312704270204616,0.042125,0.0044751730595635605,9.134908755483795e-4,2018-09-11,Desert Grassland
1,Addition,24,-0.2002366861629609,0.011377571478670816,0.0023224370528988837,0.14208333333333334,0.0016396358733271937,3.34689271134525e-4,2018-09-12,Desert Grassland
3,Ambient,24,-7.1401662742443195,1.4239171700829454,0.29065587522425207,0.06866666666666667,0.002681120250399344,5.472813793767883e-4,2018-09-12,Desert Grassland
4,Exclusion,24,-5.332035715721422,1.0820789748675739,0.22087844581828822,0.07291666666666667,0.002976964702608968,6.076703753056869e-4,2018-09-12,Desert Grassland
5,Addition,24,-0.6241223773671455,0.06839858847868512,0.01396180340828224,0.11270833333333334,0.002440227478110913,4.98109348140862e-4,2018-09-12,Desert Grassland
7,Ambient,24,-567.6528991487037,370.3914976382277,75.60584785657821,0.029791666666666668,0.004986757826803745,0.0010179176788749588,2018-09-12,Desert Grassland
9,Exclusion,24,-34.929248036077716,12.920713103081598,2.6374295179535485,0.050333333333333334,0.004290197792812038,8.757329573336766e-4,2018-09-12,Desert Grassland
10,Ambient,24,-65.45330982074569,25.433325643045873,5.191555857292104,0.044083333333333335,0.0029769647026089696,6.076703753056872e-4,2018-09-12,Desert Grassland
11,Addition,24,-3.6453390796349763,1.0062942575208698,0.20540895516824872,0.07908333333333334,0.0041063753896325335,8.382103664101807e-4,2018-09-12,Desert Grassland
12,Exclusion,24,-151.93098581545016,74.85576923268673,15.279869910300897,0.03779166666666667,0.004303478539069513,8.784438783115259e-4,2018-09-12,Desert Grassland
1,Addition,24,-0.23616544519148394,0.018919832875018486,0.003861994713544146,0.1374166666666667,0.0022246966899599667,4.541143102383856e-4,2018-09-13,Desert Grassland
3,Ambient,24,-10.88300037237368,2.483791241888995,0.5070017641851489,0.06308333333333334,0.002842483094923793,5.802194320875346e-4,2018-09-13,Desert Grassland
4,Exclusion,24,-7.673255751844408,1.8831490013225058,0.384396180239322,0.06783333333333333,0.003357880629033821,6.854245131923892e-4,2018-09-13,Desert Grassland
5,Addition,24,-0.7930207582820687,0.10088253111995611,0.020592560433694774,0.107375,0.002763307721774288,5.640578267199726e-4,2018-09-13,Desert Grassland
7,Ambient,24,-1873.0140856742203,1806.3904370232385,368.7279039125038,0.024916666666666667,0.006006638839228436,0.0012261000187744257,2018-09-13,Desert Grassland
9,Exclusion,24,-54.44763710218329,24.181538269823466,4.9360358297209554,0.04645833333333333,0.005081759081491255,0.001037309728784008,2018-09-13,Desert Grassland
10,Ambient,24,-168.71564777782868,67.75152535410406,13.829722201066028,0.036458333333333336,0.0029485319363558105,6.018665611976817e-4,2018-09-13,Desert Grassland
11,Addition,24,-6.210731198346223,2.05964402249669,0.42042307557419395,0.07116666666666667,0.004429806813597754,9.042305293682278e-4,2018-09-13,Desert Grassland
12,Exclusion,24,-239.5352960334015,130.68580029878646,26.676127279940687,0.034875,0.0048661430133204,9.932972831703623e-4,2018-09-13,Desert Grassland
1,Addition,24,-0.28811668833037707,0.02023801389081658,0.004131067286654891,0.13191666666666668,0.0018862584696941085,3.850308978128011e-4,2018-09-14,Desert Grassland
3,Ambient,24,-17.202177986361548,4.385055849717075,0.8950957771177791,0.057541666666666665,0.002992442170690611,6.108297002482068e-4,2018-09-14,Desert Grassland
4,Exclusion,24,-11.397884275870414,2.723163377655606,0.5558633967908501,0.06254166666666666,0.0030500059396473423,6.225798553828279e-4,2018-09-14,Desert Grassland
5,Addition,24,-1.0411428397852518,0.19638914056941528,0.04008776545156554,0.10175,0.0035904462602615386,7.328967738770717e-4,2018-09-14,Desert Grassland
7,Ambient,24,-3389.462314965187,3116.3670409351444,636.1257584598501,0.023833333333333335,0.007883205409998643,0.0016091525660037113,2018-09-14,Desert Grassland
9,Exclusion,24,-76.3849330809828,40.097833762084804,8.184936042337645,0.04425,0.0066348880269703715,0.0013543408472149038,2018-09-14,Desert Grassland
10,Ambient,24,-406.5201503197537,195.08099866748094,39.82074210399112,0.030958333333333334,0.0037005189608634815,7.553652698008137e-4,2018-09-14,Desert Grassland
11,Addition,24,-10.860044437177208,3.676414517375511,0.7504449708775403,0.06358333333333334,0.0043730067923337486,8.926362735785571e-4,2018-09-14,Desert Grassland
12,Exclusion,24,-385.1933679953488,225.8405177824414,46.099502651077685,0.032125,0.005294069692877445,0.0010806474508568828,2018-09-14,Desert Grassland
1,Exclusion,23,-451.229235177586,160.1647886602745,33.39666706007235,0.09221739130434782,0.00446151749295248,9.302907058483756e-4,2018-06-05,Ponderosa Pine Meadow
3,Addition,23,-2967798.920351839,5946730.663016085,1239979.0597540387,0.04217391304347826,0.014230735539391309,0.002967313482597369,2018-06-05,Ponderosa Pine Meadow
4,Exclusion,23,-350.394177755856,82.06432219035747,17.11159405651339,0.0948695652173913,0.003064523510731498,6.38997324204308e-4,2018-06-05,Ponderosa Pine Meadow
5,Ambient,23,-389.9219537873372,209.9228119733736,43.771932135841475,0.09526086956521738,0.00716822148161496,0.00149467750207028,2018-06-05,Ponderosa Pine Meadow
6,Ambient,23,-739.3223000307011,566.2793661065739,118.07741021632398,0.0902608695652174,0.010846940881290604,0.0022617435221740406,2018-06-05,Ponderosa Pine Meadow
7,Exclusion,23,-259.12840457157745,64.24341897806684,13.395678865234766,0.09878260869565217,0.003288499543714709,6.856995554846303e-4,2018-06-05,Ponderosa Pine Meadow
9,Addition,23,-8641.172164953168,7626.588090749639,1590.2535469973257,0.06608695652173913,0.008836458790294285,0.0018425290269977006,2018-06-05,Ponderosa Pine Meadow
11,Ambient,23,-931.3955412254464,561.370367776306,117.05381330588102,0.08543478260869565,0.007408999975193081,0.001544883288576267,2018-06-05,Ponderosa Pine Meadow
12,Addition,23,-462.9905925786815,267.336317220856,55.743475541483065,0.09356521739130434,0.007907568796335236,0.0016488420741838498,2018-06-05,Ponderosa Pine Meadow
1,Exclusion,24,-549.6326867507524,193.62030645024305,39.5225795537005,0.08983333333333333,0.004370520481059703,8.92128757414962e-4,2018-06-06,Ponderosa Pine Meadow
3,Addition,24,-1573909.7361861796,2296559.282210595,468783.2004556959,0.04079166666666667,0.012710759450052598,0.0025945729079906825,2018-06-06,Ponderosa Pine Meadow
4,Exclusion,24,-398.9500928386885,88.73319923265188,18.11258844705975,0.09320833333333334,0.002843438926289124,5.804145403479686e-4,2018-06-06,Ponderosa Pine Meadow
5,Ambient,24,-454.41714772874997,220.03823258195675,44.91511614413687,0.093125,0.006822676384196914,0.0013926729851182803,2018-06-06,Ponderosa Pine Meadow
6,Ambient,24,-871.3022845638588,606.5909902779127,123.81986739586982,0.08795833333333333,0.010469330640397742,0.0021370431681216593,2018-06-06,Ponderosa Pine Meadow
7,Exclusion,24,-297.8447360230448,72.67499780380057,14.834721806433292,0.097,0.003413528074154873,6.967835003620648e-4,2018-06-06,Ponderosa Pine Meadow
9,Addition,24,-8610.317226599253,4993.01048483645,1019.1939973513123,0.06404166666666666,0.006772573633648318,0.0013824458039887796,2018-06-06,Ponderosa Pine Meadow
11,Ambient,24,-860.6977982622651,378.0969930469576,77.17872552047378,0.08520833333333333,0.005594866953903733,0.00114204743465198,2018-06-06,Ponderosa Pine Meadow
12,Addition,24,-509.38954838207934,264.5710244691661,54.00533422290497,0.09204166666666666,0.007357215722568274,0.0015017853706561764,2018-06-06,Ponderosa Pine Meadow
1,Exclusion,24,-616.3831504901485,241.66559029868685,49.32978205168962,0.08870833333333333,0.004912089493118564,0.0010026760690855787,2018-06-07,Ponderosa Pine Meadow
3,Addition,24,-6452209.022351498,10671513.02934928,2178313.4754473423,0.03895833333333333,0.014883545529753045,0.0030380910092813757,2018-06-07,Ponderosa Pine Meadow
4,Exclusion,24,-466.38184657720365,118.96099161984658,24.282810730344153,0.09141666666666666,0.0032825847009392765,6.700547962306454e-4,2018-06-07,Ponderosa Pine Meadow
5,Ambient,24,-563.9716407599245,346.5029077408614,70.72960986298217,0.09141666666666666,0.008091416099345876,0.0016516533949948663,2018-06-07,Ponderosa Pine Meadow
6,Ambient,24,-1110.8245841046269,866.2841427073325,176.82951015811085,0.08629166666666667,0.011464421965999541,0.0023401653343878364,2018-06-07,Ponderosa Pine Meadow
7,Exclusion,24,-336.5513563222745,100.96784428777892,20.609974911153632,0.09566666666666666,0.004114308718592233,8.398297504029231e-4,2018-06-07,Ponderosa Pine Meadow
9,Addition,24,-14473.127468672332,11991.95835835987,2447.848249557125,0.06191666666666667,0.008885340475317692,0.001813712529618908,2018-06-07,Ponderosa Pine Meadow
11,Ambient,24,-1062.0615201742112,618.2653089860665,126.20287772333687,0.08383333333333333,0.007203058931524474,0.0014703182474526632,2018-06-07,Ponderosa Pine Meadow
12,Addition,24,-606.1365373949351,385.09124693786464,78.60642161749028,0.09079166666666666,0.008397614395543049,0.0017141558604775882,2018-06-07,Ponderosa Pine Meadow
1,Exclusion,24,-685.6401589166211,294.913147622971,60.19889417619739,0.08766666666666667,0.005305179312354283,0.0010829151924364444,2018-06-08,Ponderosa Pine Meadow
3,Addition,24,-29657262.950342614,66672495.6014356,13609466.175122757,0.038,0.016197154876303323,0.0033062303943146277,2018-06-08,Ponderosa Pine Meadow
4,Exclusion,24,-537.4485787796278,154.12992161676178,31.461638504686103,0.08983333333333333,0.0036435370615434384,7.437338883084178e-4,2018-06-08,Ponderosa Pine Meadow
5,Ambient,24,-636.2288965329005,398.75550075090786,81.3956257473099,0.09025,0.00847117875889875,0.001729172123267102,2018-06-08,Ponderosa Pine Meadow
6,Ambient,24,-1300.4538603815895,1103.5656026176143,225.26438534168193,0.08541666666666667,0.012303822900668495,0.002511507332684021,2018-06-08,Ponderosa Pine Meadow
7,Exclusion,24,-363.2201256157068,101.18474267970676,20.65424911000808,0.094625,0.003853992847627671,7.866929957519761e-4,2018-06-08,Ponderosa Pine Meadow
9,Addition,24,-15790.433874479397,13425.537015108079,2740.4762674885937,0.061,0.0083457877946329,0.0017035767998665274,2018-06-08,Ponderosa Pine Meadow
11,Ambient,24,-1049.3876029673695,574.408862638024,117.2507180996326,0.08383333333333333,0.0070567061331243885,0.0014404441075769447,2018-06-08,Ponderosa Pine Meadow
12,Addition,24,-666.7276067709706,440.57692644305297,89.93238851909976,0.09,0.008861249298515122,0.0018087949387464522,2018-06-08,Ponderosa Pine Meadow
1,Exclusion,24,-765.6111720488043,335.5991700523019,68.50389372747175,0.08633333333333333,0.004992748364566759,0.0010191404922753136,2018-06-09,Ponderosa Pine Meadow
3,Addition,24,-27008184.300305482,63796557.92940979,13022417.856080176,0.03729166666666667,0.015261429549162752,0.003115226261740189,2018-06-09,Ponderosa Pine Meadow
4,Exclusion,24,-606.8125009714721,184.61579149133485,37.684540634485224,0.08845833333333333,0.003764585162972855,7.684427285446457e-4,2018-06-09,Ponderosa Pine Meadow
5,Ambient,24,-707.4934852270367,440.5558596018367,89.92808826814375,0.08891666666666667,0.00825104297315967,0.0016842370941681523,2018-06-09,Ponderosa Pine Meadow
6,Ambient,24,-1532.6805039702435,1399.3379861547596,285.63867031441276,0.08375,0.0119682551123705,0.002443009844730323,2018-06-09,Ponderosa Pine Meadow
7,Exclusion,24,-404.5836223706262,113.70266839608108,23.209459996939806,0.09329166666666666,0.003861506426779321,7.882266986739391e-4,2018-06-09,Ponderosa Pine Meadow
9,Addition,24,-17898.68913882783,15150.237359152348,3092.5292509978485,0.060083333333333336,0.008282599185965859,0.0016906784791339729,2018-06-09,Ponderosa Pine Meadow
11,Ambient,24,-1194.4090667766193,679.2344330785692,138.64814806425852,0.082375,0.006742548221684375,0.001376316892436403,2018-06-09,Ponderosa Pine Meadow
12,Addition,24,-716.2532196227701,484.67503555178075,98.93387734726328,0.08916666666666667,0.00875098338159361,0.0017862870027066332,2018-06-09,Ponderosa Pine Meadow
1,Exclusion,24,-758.5116923268853,270.9178547654952,55.30087553207527,0.08612500000000001,0.004376940563413234,8.934392512376951e-4,2018-06-10,Ponderosa Pine Meadow
3,Addition,24,-4120598.1181451553,6238145.440955622,1273356.105967537,0.03770833333333334,0.012993239602282368,0.0026522339276095703,2018-06-10,Ponderosa Pine Meadow
4,Exclusion,24,-668.8087126056698,195.78490909460936,39.96442721824855,0.08729166666666667,0.003653219743288598,7.457103574432014e-4,2018-06-10,Ponderosa Pine Meadow
5,Ambient,24,-719.6659848238105,400.9630170344487,81.84623312177324,0.08825,0.007594334272566508,0.001550186991993201,2018-06-10,Ponderosa Pine Meadow
6,Ambient,24,-1287.787057726221,902.8814111242966,184.2998962915472,0.08375,0.010359830450182175,0.002114691535391173,2018-06-10,Ponderosa Pine Meadow
7,Exclusion,24,-437.3006803978101,120.00943072516759,24.496822466545535,0.09229166666666666,0.003653219743288603,7.457103574432024e-4,2018-06-10,Ponderosa Pine Meadow
9,Addition,24,-44022.426416393304,64853.31099298915,13238.126671904538,0.05608333333333333,0.009762023430072035,0.0019926646883975424,2018-06-10,Ponderosa Pine Meadow
11,Ambient,24,-1127.110381077647,522.4876674188139,106.6523485060911,0.08245833333333333,0.0059780698256694615,0.0012202683933015808,2018-06-10,Ponderosa Pine Meadow
12,Addition,24,-683.3931449615675,394.9893336752308,80.62686011218668,0.08891666666666667,0.007626707459098368,0.0015567951410224506,2018-06-10,Ponderosa Pine Meadow
1,Exclusion,24,-902.3792989954903,451.04893205676245,92.0699777138622,0.084875,0.00573556789955753,0.0011707678949168857,2018-06-11,Ponderosa Pine Meadow
3,Addition,24,-95435956.96124645,247104170.52615425,50439927.59189668,0.035791666666666666,0.01632543805036275,0.003332416087567147,2018-06-11,Ponderosa Pine Meadow
4,Exclusion,24,-777.1077971545279,262.727804673373,53.629088557614125,0.08574999999999999,0.004088690658920996,8.346004858700312e-4,2018-06-11,Ponderosa Pine Meadow
5,Ambient,24,-924.2198597820076,654.8680337936978,133.6743776378542,0.08662500000000001,0.009107151991226697,0.0018589896157064328,2018-06-11,Ponderosa Pine Meadow
6,Ambient,24,-1948.7751546474678,1764.293268152018,360.13485529998167,0.08208333333333334,0.012971261433970323,0.0026477476527891107,2018-06-11,Ponderosa Pine Meadow
7,Exclusion,24,-489.900833518102,170.6003048702167,34.82364140793991,0.09120833333333334,0.004442670237658848,9.068562648094544e-4,2018-06-11,Ponderosa Pine Meadow
9,Addition,24,-474057.43458016333,536242.3492423274,109460.01117625299,0.041416666666666664,0.00821407417136914,0.0016766908691024118,2018-06-11,Ponderosa Pine Meadow
11,Ambient,24,-1353.5094768711374,798.8077177529977,163.05594259100067,0.081375,0.0073295856695284305,0.0014961454096967053,2018-06-11,Ponderosa Pine Meadow
12,Addition,24,-801.0706609884334,573.4835479471732,117.06183902929214,0.088375,0.009407732712115533,0.0019203453984310641,2018-06-11,Ponderosa Pine Meadow
1,Exclusion,24,-943.170211056446,440.60418919701874,89.93795350544968,0.08420833333333333,0.005413181710591659,0.0011049610896596473,2018-06-12,Ponderosa Pine Meadow
3,Addition,24,-83607045.86757347,229412721.81885743,46828675.74660516,0.036083333333333335,0.016037772442815623,0.0032736965913139657,2018-06-12,Ponderosa Pine Meadow
4,Exclusion,24,-868.8601304138738,310.90235586573493,63.46267764168694,0.08458333333333333,0.0042825903037933604,8.741800851403776e-4,2018-06-12,Ponderosa Pine Meadow
5,Ambient,24,-978.5996977706459,696.0467443890898,142.07994673989168,0.08608333333333333,0.009268538023952284,0.0018919324016889157,2018-06-12,Ponderosa Pine Meadow
6,Ambient,24,-2193.5999521718127,2097.6415074999354,428.1792797214446,0.0815,0.013455239806888227,0.0027465393244717187,2018-06-12,Ponderosa Pine Meadow
7,Exclusion,24,-519.2816377708964,188.0109481743087,38.377574090325744,0.090625,0.004780508432119457,9.758171974804253e-4,2018-06-12,Ponderosa Pine Meadow
9,Addition,24,-590390.8182826991,685412.916893119,139909.32579173284,0.040375,0.008053152231863323,0.0016438428157517224,2018-06-12,Ponderosa Pine Meadow
11,Ambient,24,-1365.6943398093345,760.278485859872,155.19119606437351,0.08104166666666666,0.006999870599218039,0.0014288426027995104,2018-06-12,Ponderosa Pine Meadow
12,Addition,24,-826.7261977304499,603.4081654798354,123.17017600453929,0.08804166666666667,0.0093737801138702,0.0019134148533358323,2018-06-12,Ponderosa Pine Meadow
1,Exclusion,24,-1031.5009143083653,419.77340659360146,85.68588781201495,0.082875,0.004599740068270397,9.389180097247611e-4,2018-06-13,Ponderosa Pine Meadow
3,Addition,24,-16886092.241986305,33946348.21588546,6929269.313313124,0.035083333333333334,0.01337394178395359,0.00272994443503114,2018-06-13,Ponderosa Pine Meadow
4,Exclusion,24,-985.9720069294133,313.22831545931604,63.93746215557069,0.083,0.0037416573867739395,7.63762615825973e-4,2018-06-13,Ponderosa Pine Meadow
5,Ambient,24,-1075.376028714398,678.9409152809042,138.5882339946998,0.08416666666666667,0.00795458121580518,0.001623722091354211,2018-06-13,Ponderosa Pine Meadow
6,Ambient,24,-2124.752275854251,1798.7071412564005,367.1595577315339,0.07991666666666666,0.01138235349189669,0.002323413177261103,2018-06-13,Ponderosa Pine Meadow
7,Exclusion,24,-544.309501957497,166.7352792324542,34.03469635333214,0.08979166666666667,0.0040430204665266815,8.252780968849638e-4,2018-06-13,Ponderosa Pine Meadow
9,Addition,24,-656091.9090888365,681495.2097287868,139109.62716554452,0.03875,0.00704180065904589,0.0014374015404213943,2018-06-13,Ponderosa Pine Meadow
11,Ambient,24,-1438.2758729308125,726.9691137413238,148.3919489524625,0.080125,0.006374627013811663,0.0013012152903666859,2018-06-13,Ponderosa Pine Meadow
12,Addition,24,-822.4028352171639,498.8530262585744,101.82794758139379,0.087,0.007851889830674108,0.001602760300141648,2018-06-13,Ponderosa Pine Meadow
1,Exclusion,24,-1089.86669515616,439.3952117675769,89.69117202106017,0.08229166666666667,0.004657664713105713,9.507418283396333e-4,2018-06-14,Ponderosa Pine Meadow
3,Addition,24,-9045809.052570364,12508054.525030367,2553195.938436217,0.035,0.012275815743726078,0.0025057903957127732,2018-06-14,Ponderosa Pine Meadow
4,Exclusion,24,-1054.335099168257,349.5061973212451,71.34265378146195,0.08233333333333333,0.00390837080109354,7.977928490226584e-4,2018-06-14,Ponderosa Pine Meadow
5,Ambient,24,-1127.7079082017774,648.996260364473,132.47580690561813,0.08320833333333333,0.007204944960515519,0.001470703231508343,2018-06-14,Ponderosa Pine Meadow
6,Ambient,24,-2149.764040428133,1791.5432834596556,365.6972413822102,0.07954166666666666,0.010958336777428232,0.0022368611278561767,2018-06-14,Ponderosa Pine Meadow
7,Exclusion,24,-584.1171407165577,160.23579655618087,32.707995007588096,0.08879166666666667,0.003413262708734938,6.967293328725465e-4,2018-06-14,Ponderosa Pine Meadow
9,Addition,24,-765046.2318392881,696532.1073562995,142179.0210407006,0.03725,0.006166177027172896,0.00125866561502044,2018-06-14,Ponderosa Pine Meadow
11,Ambient,24,-1550.5623284920505,693.7068970118411,141.60232739403762,0.078875,0.005326818938165629,0.0010873323625583242,2018-06-14,Ponderosa Pine Meadow
12,Addition,24,-816.0445254970069,442.89570517710365,90.40570724616984,0.08654166666666667,0.006934345313548802,0.0014154673098711993,2018-06-14,Ponderosa Pine Meadow
1,Exclusion,24,-1232.7763632791275,397.01486663235477,81.0403202956987,0.08058333333333334,0.003634576306467679,7.419047818379458e-4,2018-06-15,Ponderosa Pine Meadow
3,Addition,24,-6034990.457283451,9577005.680527782,1954898.0984190863,0.03333333333333333,0.009225044676063218,0.001883054359227785,2018-06-15,Ponderosa Pine Meadow
4,Exclusion,24,-1185.135720574249,307.48665158234263,62.76544992447444,0.08079166666666666,0.0030213611482915776,6.167327618319853e-4,2018-06-15,Ponderosa Pine Meadow
5,Ambient,24,-1292.7149580105959,600.8274871946858,122.64339725546452,0.08079166666666666,0.005324097528478758,0.0010867768571321656,2018-06-15,Ponderosa Pine Meadow
6,Ambient,24,-1931.1226692607634,1370.2192900294126,279.69484135755795,0.07858333333333334,0.008355766905539557,0.0017056137773505237,2018-06-15,Ponderosa Pine Meadow
7,Exclusion,24,-638.7001137493771,135.2952288408438,27.61702294109581,0.08754166666666667,0.0026206399262753343,5.349358849116247e-4,2018-06-15,Ponderosa Pine Meadow
9,Addition,24,-1207642.1105195899,1047186.2157242937,213755.99118338252,0.034375,0.004923877051408911,0.0010050821943459673,2018-06-15,Ponderosa Pine Meadow
11,Ambient,24,-1741.6377162334345,626.8075249769905,127.94655026087077,0.07720833333333334,0.0042526632746475775,8.680712558966637e-4,2018-06-15,Ponderosa Pine Meadow
12,Addition,24,-885.8006372248985,403.68539352055194,82.40193589499857,0.08491666666666667,0.005547554625133543,0.0011323898459828328,2018-06-15,Ponderosa Pine Meadow
1,Exclusion,24,-1129.4882457277217,480.6726908235698,98.11690215069368,0.08208333333333333,0.005089773777040514,0.0010389457216622945,2018-06-16,Ponderosa Pine Meadow
3,Addition,24,-2361802.765385341,2474594.4368376667,505124.47421518166,0.03920833333333333,0.014873317710253652,0.0030360032643684757,2018-06-16,Ponderosa Pine Meadow
4,Exclusion,24,-1734.6459801776912,294.94863601078146,60.206138213024865,0.07654166666666666,0.0016412923504696383,3.350273981153227e-4,2018-06-16,Ponderosa Pine Meadow
5,Ambient,24,-1118.3617759973758,944.571208422955,192.80979053002832,0.09691666666666666,0.027084275345936302,0.005528554554215524,2018-06-16,Ponderosa Pine Meadow
6,Ambient,24,-1226.1729900117791,1195.8524996508054,244.10236931468935,0.13529166666666667,0.0772424073469595,0.015767040375354775,2018-06-16,Ponderosa Pine Meadow
7,Exclusion,24,-1128.6370388042728,581.3908087154148,118.67590187473544,0.08183333333333334,0.003829708431025354,7.81735959970572e-4,2018-06-16,Ponderosa Pine Meadow
9,Addition,24,-1709807.2798689122,1153321.700350475,235420.80626147857,0.03175,0.003220180929294394,6.573166796843851e-4,2018-06-16,Ponderosa Pine Meadow
11,Ambient,24,-1049.8094961782683,928.141406177985,189.45607119044416,0.09558333333333334,0.024248561887732403,0.0049497169684369685,2018-06-16,Ponderosa Pine Meadow
12,Addition,24,-732.9946034024711,560.2296700889906,114.3564025404822,0.09704166666666666,0.021736523394401467,0.0044369492581960825,2018-06-16,Ponderosa Pine Meadow
1,Exclusion,24,-663.9032055767101,148.23675476675885,30.2587008587201,0.087125,0.0027554294228573193,5.624496756876647e-4,2018-06-17,Ponderosa Pine Meadow
3,Addition,24,-5482.398894512295,5337.151465667855,1089.4414809028015,0.07216666666666667,0.01171274544234192,0.002390854151737246,2018-06-17,Ponderosa Pine Meadow
4,Exclusion,24,-1138.1578635764822,352.82209073231667,72.01950768967713,0.08141666666666666,0.0036465190866462435,7.443425916335881e-4,2018-06-17,Ponderosa Pine Meadow
5,Ambient,24,-22.94210198611596,2.1197745767899208,0.43269717357162196,0.13579166666666667,0.0016675722177612819,3.4039175356303803e-4,2018-06-17,Ponderosa Pine Meadow
6,Ambient,24,-0.6103383145783792,0.22172293097131476,0.04525900376283818,0.22220833333333334,0.012197573410373443,0.002489819246296215,2018-06-17,Ponderosa Pine Meadow
7,Exclusion,24,-702.7005646969465,318.40693421548076,64.99454328265486,0.08741666666666667,0.005249568650326685,0.0010715637135842791,2018-06-17,Ponderosa Pine Meadow
9,Addition,24,-475776.43158185633,463513.09094087686,94614.21349211704,0.03991666666666667,0.006697933923276618,0.0013672100369087972,2018-06-17,Ponderosa Pine Meadow
11,Ambient,24,-36.574369373730775,4.050743158225415,0.8268544847268575,0.12766666666666668,0.0018572224859501477,3.7910395245009687e-4,2018-06-17,Ponderosa Pine Meadow
12,Addition,24,-37.399101666652015,6.247722996805177,1.2753111163687383,0.12745833333333334,0.0030357173304089006,6.196632052354779e-4,2018-06-17,Ponderosa Pine Meadow
1,Exclusion,24,-716.8259370619597,241.65362879638224,49.327340420256,0.08670833333333333,0.004267971381130022,8.711960100475121e-4,2018-06-18,Ponderosa Pine Meadow
3,Addition,24,-2892.1149842742943,2178.9120305719675,444.7685557760751,0.07533333333333334,0.00940705871264703,0.001920207818865669,2018-06-18,Ponderosa Pine Meadow
4,Exclusion,24,-1096.8630637688366,406.82857503193054,83.04353513431754,0.08204166666666667,0.004206404709453208,8.586287658167074e-4,2018-06-18,Ponderosa Pine Meadow
5,Ambient,24,-28.250435093827264,6.61204042553314,1.349677100100929,0.13254166666666667,0.0041908717228163255,8.554581081965547e-4,2018-06-18,Ponderosa Pine Meadow
6,Ambient,24,-1.3578613359093188,0.3071157092122172,0.06268973163024227,0.198375,0.006472769046585448,0.001321248448917959,2018-06-18,Ponderosa Pine Meadow
7,Exclusion,24,-498.4033426388501,210.57198670441983,42.98282679582935,0.09145833333333334,0.005571504883482261,0.0011372786719963488,2018-06-18,Ponderosa Pine Meadow
9,Addition,24,-230775.20243401176,217506.83831416073,44398.397452977995,0.043666666666666666,0.007007242629976667,0.001430347412276739,2018-06-18,Ponderosa Pine Meadow
11,Ambient,24,-52.21453747897889,7.87659175495579,1.60780255932123,0.121875,0.0025590844150747104,5.223709188034827e-4,2018-06-18,Ponderosa Pine Meadow
12,Addition,24,-48.34911607859716,12.289280799726473,2.5085389387593544,0.1235,0.004252876264569561,8.681147322824314e-4,2018-06-18,Ponderosa Pine Meadow
1,Exclusion,24,-765.6714760766574,364.83682035453563,74.47200410400535,0.08654166666666667,0.005437224089285032,0.0011098687196597744,2018-06-19,Ponderosa Pine Meadow
3,Addition,24,-3544.411118762943,2811.9242987583307,573.9816439409427,0.074125,0.01035169593330736,0.0021130310840872264,2018-06-19,Ponderosa Pine Meadow
4,Exclusion,24,-1007.3984286197405,396.3438580607547,80.90335124457755,0.08308333333333333,0.004510053182629326,9.206107508547634e-4,2018-06-19,Ponderosa Pine Meadow
5,Ambient,24,-27.903501244669364,7.181575567612186,1.465932974157361,0.13287500000000002,0.004637395258397621,9.466043432230266e-4,2018-06-19,Ponderosa Pine Meadow
6,Ambient,24,-2.442058503181062,0.5506608840715205,0.11240318227375885,0.1835,0.006028915830143641,0.0012306472905033315,2018-06-19,Ponderosa Pine Meadow
7,Exclusion,24,-406.3928667628814,155.4777800171172,31.73676894855233,0.09370833333333334,0.005094576542258205,0.0010399260820071054,2018-06-19,Ponderosa Pine Meadow
9,Addition,24,-117049.91307635978,102219.21425859691,20865.409736815764,0.04708333333333333,0.0069402209378856715,0.0014166666666666668,2018-06-19,Ponderosa Pine Meadow
11,Ambient,24,-72.88466212574343,13.6412356060925,2.784505558001021,0.11670833333333333,0.003085437981264875,6.29812390591829e-4,2018-06-19,Ponderosa Pine Meadow
12,Addition,24,-64.3441811882389,16.267680450524168,3.3206263668694485,0.11891666666666667,0.004200586570496062,8.574411431752394e-4,2018-06-19,Ponderosa Pine Meadow
1,Exclusion,24,-795.0382842977682,395.44620742837856,80.72011907652687,0.08625,0.005689425737048625,0.0011613491654356026,2018-06-20,Ponderosa Pine Meadow
3,Addition,24,-4194.172397956829,3267.180444787337,666.910415610697,0.07279166666666667,0.010652532528716459,0.0021744390969795934,2018-06-20,Ponderosa Pine Meadow
4,Exclusion,24,-918.043853463451,353.7155649192696,72.20188734437569,0.08404166666666667,0.00434870462138531,8.876756137064267e-4,2018-06-20,Ponderosa Pine Meadow
5,Ambient,24,-27.80388465018372,5.785659299505891,1.1809927591148157,0.13270833333333334,0.0037239432894699714,7.601467408552453e-4,2018-06-20,Ponderosa Pine Meadow
6,Ambient,24,-5.148219474345118,1.6691497928574084,0.34071377473107406,0.166625,0.006566135121575139,0.00134030671916889,2018-06-20,Ponderosa Pine Meadow
7,Exclusion,24,-365.02342940103375,134.93751102621354,27.544004097950175,0.095,0.005073374659413853,0.0010355982657941944,2018-06-20,Ponderosa Pine Meadow
9,Addition,24,-70313.08407900462,55082.022693226776,11243.57079990077,0.049541666666666664,0.006358692555430931,0.0012979626826699852,2018-06-20,Ponderosa Pine Meadow
11,Ambient,24,-95.97717987983681,19.249234296934123,3.9292334972308582,0.11258333333333334,0.0033220824619593606,6.781172429374451e-4,2018-06-20,Ponderosa Pine Meadow
12,Addition,24,-92.36097025558799,30.934499704117986,6.314478310280522,0.11379166666666667,0.005445214625599304,0.0011114997810548698,2018-06-20,Ponderosa Pine Meadow
1,Exclusion,24,-845.1774242886909,434.15137418840527,88.62077815747669,0.08562499999999999,0.0057241859113612015,0.0011684445563052701,2018-06-21,Ponderosa Pine Meadow
3,Addition,24,-7249.180698478037,7058.371299399129,1440.7840082194452,0.06916666666666667,0.01120429524263164,0.0022870671893283805,2018-06-21,Ponderosa Pine Meadow
4,Exclusion,24,-851.5072059510996,326.79428519976875,66.70660413308285,0.08491666666666667,0.004529292743202096,9.245380097113182e-4,2018-06-21,Ponderosa Pine Meadow
5,Ambient,24,-35.089703789609004,7.154102419339863,1.4603250412494428,0.12866666666666668,0.0036435370615434397,7.437338883084181e-4,2018-06-21,Ponderosa Pine Meadow
6,Ambient,24,-13.550695222725292,4.916422210536895,1.003560481325127,0.146625,0.005799643917105371,0.001183847357228705,2018-06-21,Ponderosa Pine Meadow
7,Exclusion,24,-368.1255352005081,122.37756572918707,24.980216000034826,0.09470833333333334,0.004610754598871481,9.411663413688384e-4,2018-06-21,Ponderosa Pine Meadow
9,Addition,24,-51782.45713657846,37230.30317487778,7599.603812297593,0.051083333333333335,0.005984884341381222,0.0012216594004964135,2018-06-21,Ponderosa Pine Meadow
11,Ambient,24,-130.8588083518327,31.35664663359305,6.400648691421905,0.10820833333333334,0.00390071528186113,7.96230172703036e-4,2018-06-21,Ponderosa Pine Meadow
12,Addition,24,-143.26402688999826,60.09411627235849,12.266660117563484,0.107875,0.006408638870611534,0.0013081579315637104,2018-06-21,Ponderosa Pine Meadow
1,Exclusion,24,-928.1722412501732,439.2351924551497,89.65850821569036,0.084375,0.0053553102455494534,0.0010931481263245875,2018-06-22,Ponderosa Pine Meadow
3,Addition,24,-14251.601492114096,14045.875292605426,2867.1022881373888,0.06416666666666666,0.011495430724258744,0.0023464949706621997,2018-06-22,Ponderosa Pine Meadow
4,Exclusion,24,-873.3329658093737,305.10186591926424,62.278657589437195,0.08445833333333333,0.0040644713722982305,8.29656744690032e-4,2018-06-22,Ponderosa Pine Meadow
5,Ambient,24,-52.33660073070311,14.8006054458867,3.021160935556693,0.122375,0.004834769901453429,9.868932735272512e-4,2018-06-22,Ponderosa Pine Meadow
6,Ambient,24,-33.4794189341207,14.539788340155084,2.967921866787361,0.13062500000000002,0.00690187435159591,0.0014088392025177069,2018-06-22,Ponderosa Pine Meadow
7,Exclusion,24,-429.4481075173758,130.95513107908195,26.731104195253153,0.09266666666666666,0.004177232979176391,8.526741113090157e-4,2018-06-22,Ponderosa Pine Meadow
9,Addition,24,-63901.69920912452,50579.85005494954,10324.568658425838,0.05,0.006136136725419625,0.0012525336641025443,2018-06-22,Ponderosa Pine Meadow
11,Ambient,24,-188.46089075771522,49.7312665852049,10.151352283006268,0.10316666666666667,0.00394160270499932,8.045762830018553e-4,2018-06-22,Ponderosa Pine Meadow
12,Addition,24,-220.962621572986,104.45846206622566,21.32249428151046,0.10220833333333333,0.006795005625404246,0.001387024715131808,2018-06-22,Ponderosa Pine Meadow
1,Exclusion,24,-1076.4448187855232,498.1959389010463,101.69382018619567,0.08266666666666667,0.005096176458164847,0.0010402526634739916,2018-06-23,Ponderosa Pine Meadow
3,Addition,24,-40442.06430253489,45001.45699997297,9185.883944311005,0.057499999999999996,0.0115608033420279,0.0023598391003859026,2018-06-23,Ponderosa Pine Meadow
4,Exclusion,24,-991.824988094943,355.57341633217266,72.58111967600246,0.083125,0.004266273192907566,8.708493688281602e-4,2018-06-23,Ponderosa Pine Meadow
5,Ambient,24,-76.96853543273247,24.576814880353883,5.016721329975652,0.11645833333333333,0.005183411388573011,0.0010580594190779252,2018-06-23,Ponderosa Pine Meadow
6,Ambient,24,-77.59947067840862,37.00805320605428,7.554237227383672,0.11750000000000001,0.007918058611421934,0.001616266945952837,2018-06-23,Ponderosa Pine Meadow
7,Exclusion,24,-503.02041229514845,176.6996122757855,36.06865731860843,0.09091666666666667,0.00451968320038961,9.225764699986498e-4,2018-06-23,Ponderosa Pine Meadow
9,Addition,24,-78912.42711602486,64875.40676081029,13242.636951624272,0.049125,0.006694010950745124,0.0013664092634940379,2018-06-23,Ponderosa Pine Meadow
11,Ambient,24,-289.4045749133048,102.29134384893669,20.880133127789797,0.097875,0.004954685968200028,0.0010113710381514757,2018-06-23,Ponderosa Pine Meadow
12,Addition,24,-332.4851326543523,185.93566129367736,37.95395792970582,0.09745833333333333,0.00762136109415741,0.0015557038188487799,2018-06-23,Ponderosa Pine Meadow
1,Exclusion,24,-1222.3362565982632,599.6715537054818,122.40744332003578,0.0815,0.0054930786489434365,0.0011212699839073523,2018-06-24,Ponderosa Pine Meadow
3,Addition,24,-92182.61498201668,120284.56698291801,24552.984419981152,0.0535,0.01216552506059644,0.00248327740429189,2018-06-24,Ponderosa Pine Meadow
4,Exclusion,24,-1109.2736593594545,404.9650729073529,82.66314935600025,0.08191666666666667,0.004241786607455448,8.65851065503098e-4,2018-06-24,Ponderosa Pine Meadow
5,Ambient,24,-107.73293983565979,39.203170335177624,8.002313635049948,0.11170833333333333,0.005967150413553443,0.0012180394776369634,2018-06-24,Ponderosa Pine Meadow
6,Ambient,24,-133.40571325404707,72.03652017912907,14.704393107047508,0.11008333333333334,0.008855932262155353,0.0018077096032443473,2018-06-24,Ponderosa Pine Meadow
7,Exclusion,24,-565.3277416396016,188.91866758872447,38.56286153990379,0.0895,0.0045012075674442506,9.188051472160594e-4,2018-06-24,Ponderosa Pine Meadow
9,Addition,24,-94841.22021325583,86582.48247659771,17673.575227594196,0.04870833333333333,0.007468654303249634,0.0015245326756836185,2018-06-24,Ponderosa Pine Meadow
11,Ambient,24,-384.0812010878812,151.7220765364369,30.970139185813878,0.0945,0.005381126437757289,0.0010984178344921553,2018-06-24,Ponderosa Pine Meadow
12,Addition,24,-421.64883285865403,223.56617389605515,45.63525414930562,0.09441666666666666,0.0075349427548482804,0.0015380637492049406,2018-06-24,Ponderosa Pine Meadow
1,Exclusion,24,-1275.603874721836,648.7240369118357,132.42023952603645,0.08116666666666666,0.005707863886335021,0.001165112836898347,2018-06-25,Ponderosa Pine Meadow
3,Addition,24,-151406.44207556234,185241.30975824798,37812.224016045824,0.051291666666666666,0.012919412985273673,0.0026371641325173053,2018-06-25,Ponderosa Pine Meadow
4,Exclusion,24,-1215.8325604707945,470.7201086765217,96.08533982707691,0.08104166666666666,0.004486493417849378,9.158016340071912e-4,2018-06-25,Ponderosa Pine Meadow
5,Ambient,24,-140.87220267135461,59.93626906715867,12.234439691724821,0.10816666666666666,0.006551910884000489,0.0013374032088323887,2018-06-25,Ponderosa Pine Meadow
6,Ambient,24,-204.31744008648874,127.33977082332497,25.993121873341263,0.10495833333333333,0.00987521784753288,0.0020157704021067637,2018-06-25,Ponderosa Pine Meadow
7,Exclusion,24,-593.125383031941,188.5525422287687,38.488126513755084,0.088875,0.004347037972048873,8.873354103352252e-4,2018-06-25,Ponderosa Pine Meadow
9,Addition,24,-88223.30728217054,78473.30050879988,16018.295389887271,0.04883333333333333,0.007062864714194551,0.001441701222673733,2018-06-25,Ponderosa Pine Meadow
11,Ambient,24,-475.5292416356714,194.32069434077843,39.66554563318683,0.09204166666666666,0.005759522675471935,0.0011756576430746362,2018-06-25,Ponderosa Pine Meadow
12,Addition,24,-494.68504368514687,285.70644792638006,58.31958447022369,0.09291666666666666,0.008245771863396924,0.0016831611333934084,2018-06-25,Ponderosa Pine Meadow
1,Exclusion,24,-1371.1240712524416,780.880397013367,159.39654356872487,0.08066666666666666,0.0060768031259770166,0.001240422243832788,2018-06-26,Ponderosa Pine Meadow
3,Addition,24,-308427.4813997692,404139.18591270456,82494.56587915948,0.04758333333333333,0.01255913548210907,0.0025636227951375363,2018-06-26,Ponderosa Pine Meadow
4,Exclusion,24,-1343.8312901784686,511.5250915908493,104.4146220856676,0.07991666666666666,0.004272425913741021,8.721052877091399e-4,2018-06-26,Ponderosa Pine Meadow
5,Ambient,24,-183.67641625630904,77.51990486045483,15.823684318100996,0.10445833333333333,0.0064738884670696925,0.0013214769496674604,2018-06-26,Ponderosa Pine Meadow
6,Ambient,24,-345.109401951395,239.82094631079894,48.953245674404776,0.098875,0.010670204349944068,0.00217804634238237,2018-06-26,Ponderosa Pine Meadow
7,Exclusion,24,-653.6350266250894,206.27922084902332,42.106569634915715,0.08766666666666667,0.004007239824928468,8.179744040028784e-4,2018-06-26,Ponderosa Pine Meadow
9,Addition,24,-107490.40521149806,97139.58297943375,19828.534343863197,0.04779166666666667,0.00724106145634,0.0014780754803472877,2018-06-26,Ponderosa Pine Meadow
11,Ambient,24,-569.3772581903543,248.216694558231,50.667020608994335,0.09,0.005875520328484518,0.0011993355648447397,2018-06-26,Ponderosa Pine Meadow
12,Addition,24,-628.244687474172,375.85306785143246,76.72068620797282,0.090125,0.008098912970537948,0.0016531836874188622,2018-06-26,Ponderosa Pine Meadow
1,Exclusion,24,-1638.921115619906,942.8061928075044,192.44950822620348,0.078875,0.006131263434590607,0.0012515389077776043,2018-06-27,Ponderosa Pine Meadow
3,Addition,24,-1281713.9893638175,2196637.734047467,448386.7998466461,0.043666666666666666,0.01415954637773359,0.002890305301226761,2018-06-27,Ponderosa Pine Meadow
4,Exclusion,24,-1552.2723554319573,608.5589732824562,124.22158024450323,0.0785,0.004481847445165793,9.148532788043835e-4,2018-06-27,Ponderosa Pine Meadow
5,Ambient,24,-261.2081453518222,130.5968379527375,26.65796791709562,0.10020833333333333,0.0071807663795100205,0.0014657677993276746,2018-06-27,Ponderosa Pine Meadow
6,Ambient,24,-595.231620877291,454.19451468008475,92.71206707810427,0.09341666666666666,0.01203948816861908,0.002457550231449322,2018-06-27,Ponderosa Pine Meadow
7,Exclusion,24,-805.3123469217446,350.8540108133098,71.61777505846172,0.08575,0.004971658808119058,0.0010148356045921062,2018-06-27,Ponderosa Pine Meadow
9,Addition,24,-162176.7335498634,155411.2004120405,31723.17844357617,0.04583333333333334,0.00760244049297825,0.0015518416673058093,2018-06-27,Ponderosa Pine Meadow
11,Ambient,24,-799.2676736744386,405.4150259348806,82.75499563313885,0.08658333333333333,0.006730312136095574,0.0013738192119246042,2018-06-27,Ponderosa Pine Meadow
12,Addition,24,-890.4485141018532,621.0813148706748,126.77769251750061,0.08683333333333333,0.00881533578075936,0.0017994228811799662,2018-06-27,Ponderosa Pine Meadow
1,Exclusion,24,-1856.4480249362146,975.7198386660067,199.16797805353676,0.07729166666666668,0.00553627693661007,0.0011300877974527869,2018-06-28,Ponderosa Pine Meadow
3,Addition,24,-2565422.036374276,4655774.377361181,950355.9651715793,0.04058333333333333,0.01331529577025142,0.0027179733676129243,2018-06-28,Ponderosa Pine Meadow
4,Exclusion,24,-1754.5802611962833,713.7319919059762,145.68993277249126,0.07729166666666666,0.0045346891621258325,9.256395491114393e-4,2018-06-28,Ponderosa Pine Meadow
5,Ambient,24,-355.9205392164074,194.11783857001012,39.62413787237339,0.0965,0.00743668930546967,0.0015180078478344429,2018-06-28,Ponderosa Pine Meadow
6,Ambient,24,-804.7330494396607,603.8602579006413,123.26245898350213,0.08954166666666666,0.011325151565034988,0.0023117368828348387,2018-06-28,Ponderosa Pine Meadow
7,Exclusion,24,-891.8065106715015,377.8864874946718,77.13575625454686,0.08454166666666667,0.004772923328679109,9.742688947241685e-4,2018-06-28,Ponderosa Pine Meadow
9,Addition,24,-274384.8999280317,285732.2725911897,58324.85590785386,0.043375,0.007643198169671486,0.0015601612932224557,2018-06-28,Ponderosa Pine Meadow
11,Ambient,24,-1000.6593720997273,504.08957708938334,102.89685404369622,0.084,0.0064605828246979856,0.001318760946791574,2018-06-28,Ponderosa Pine Meadow
12,Addition,24,-1042.8627580359941,717.1370745539929,146.38499235746175,0.08495833333333333,0.00848773625100749,0.0017325519071909829,2018-06-28,Ponderosa Pine Meadow
1,Exclusion,24,-2047.7625953083564,1031.1077623474978,210.47399063119258,0.07620833333333334,0.005348540367050716,0.0010917662306627086,2018-06-29,Ponderosa Pine Meadow
3,Addition,24,-4797581.200319682,9501570.488430155,1939499.9543117515,0.038375,0.012682793890526062,0.002588864462056396,2018-06-29,Ponderosa Pine Meadow
4,Exclusion,24,-1972.2349147202597,722.2106967292214,147.42064114721003,0.07591666666666666,0.004031578250314116,8.22942464281015e-4,2018-06-29,Ponderosa Pine Meadow
5,Ambient,24,-458.53238290775374,244.80184882150363,49.96996814188595,0.09341666666666666,0.007575226595357693,0.0015462866537155838,2018-06-29,Ponderosa Pine Meadow
6,Ambient,24,-1106.2458071258627,807.665168932655,164.86396224198177,0.08554166666666667,0.010450625804713561,0.0021332250595259223,2018-06-29,Ponderosa Pine Meadow
7,Exclusion,24,-965.2398683204929,378.85567902477754,77.33359164719573,0.08358333333333333,0.004661746889093294,9.515750990237846e-4,2018-06-29,Ponderosa Pine Meadow
9,Addition,24,-362593.4577133324,362275.97528571443,73949.27379326081,0.04125,0.0068031322709214,0.0013886835597015999,2018-06-29,Ponderosa Pine Meadow
11,Ambient,24,-1117.5522879174357,508.0872770140803,103.71288112371876,0.0825,0.005890301535058544,0.0012023527660021596,2018-06-29,Ponderosa Pine Meadow
12,Addition,24,-1151.7981023750147,709.9355418399545,144.91498564784885,0.083375,0.007856387597805783,0.0016036784030128534,2018-06-29,Ponderosa Pine Meadow
1,Exclusion,24,-2393.4981693546633,1425.7586989928961,291.03177573891566,0.07525,0.006277980844050169,0.0012814874735741807,2018-06-30,Ponderosa Pine Meadow
3,Addition,24,-5226353.890397908,9619475.677924056,1963567.2503356028,0.04025,0.014741983820250304,0.0030091948463315575,2018-06-30,Ponderosa Pine Meadow
4,Exclusion,24,-2347.705869097474,1054.5776926575456,215.2647700943841,0.07454166666666667,0.0047179506113369275,9.630476357856191e-4,2018-06-30,Ponderosa Pine Meadow
5,Ambient,24,-605.648341967898,388.7735613125995,79.3580708917083,0.09104166666666666,0.008912517658579573,0.001819260048922051,2018-06-30,Ponderosa Pine Meadow
6,Ambient,24,-1546.6544599086137,1427.588044619025,291.40518935118297,0.08391666666666667,0.012268434812706272,0.00250428376947734,2018-06-30,Ponderosa Pine Meadow
7,Exclusion,24,-1091.3459280051893,479.49948290584473,97.87742208730872,0.0825,0.005208688393694586,0.0010632190661423898,2018-06-30,Ponderosa Pine Meadow
9,Addition,24,-474919.1124774466,539199.4521869109,110063.62728717893,0.04158333333333333,0.008376554582086042,0.0017098570440569328,2018-06-30,Ponderosa Pine Meadow
11,Ambient,24,-1402.3158479779404,770.4257990646018,157.2625076986897,0.08075,0.006998447032704128,0.0014285520185016777,2018-06-30,Ponderosa Pine Meadow
12,Addition,24,-1441.3396876167512,1086.416450727559,221.76382937067186,0.08216666666666667,0.00929079332348482,0.0018964752456828754,2018-06-30,Ponderosa Pine Meadow
1,Exclusion,24,-2524.129026592399,1568.1502417713098,320.0973276968154,0.074875,0.0064626855368202845,0.0013191901611062072,2018-07-01,Ponderosa Pine Meadow
3,Addition,24,-5719311.932579927,10087323.61456503,2059066.3105009645,0.04025,0.015094629047676413,0.0030811782519500324,2018-07-01,Ponderosa Pine Meadow
4,Exclusion,24,-2437.2912902982666,1102.533395920697,225.05368703197104,0.07420833333333333,0.004791107402775221,9.779807033058715e-4,2018-07-01,Ponderosa Pine Meadow
5,Ambient,24,-708.0655080805147,467.1479585943747,95.35617774491848,0.08933333333333333,0.008942651424088585,0.0018254110780491976,2018-07-01,Ponderosa Pine Meadow
6,Ambient,24,-1943.9436614270512,1772.2612751992913,361.7613179277083,0.08208333333333334,0.012893937458682114,0.00263196396242747,2018-07-01,Ponderosa Pine Meadow
7,Exclusion,24,-1152.7394675259493,504.4879735988013,102.97817639064456,0.08191666666666667,0.0052246628072321905,0.0010664798296513348,2018-07-01,Ponderosa Pine Meadow
9,Addition,24,-351529.09947195934,387043.52781531564,79004.92928285262,0.042708333333333334,0.008195858798763882,0.0016729726717392825,2018-07-01,Ponderosa Pine Meadow
11,Ambient,24,-1651.403015052996,1025.784917125158,209.3874693999806,0.07941666666666666,0.007389279347498124,0.0015083303306880193,2018-07-01,Ponderosa Pine Meadow
12,Addition,24,-1602.17266417631,1311.1927050836823,267.64609015955074,0.08154166666666667,0.009753390343280934,0.0019909024669355958,2018-07-01,Ponderosa Pine Meadow
1,Exclusion,24,-2740.37659054318,1832.2141852972256,373.999154455616,0.07433333333333333,0.00676092781558391,0.0013800686113308556,2018-07-02,Ponderosa Pine Meadow
3,Addition,24,-6386855.543706375,10809941.304011483,2206570.0286886953,0.03895833333333333,0.014585517434790569,0.0029772562791420595,2018-07-02,Ponderosa Pine Meadow
4,Exclusion,24,-2608.609413469413,1116.3164241741335,227.8671358929113,0.07345833333333333,0.004615467065409962,9.421282695729399e-4,2018-07-02,Ponderosa Pine Meadow
5,Ambient,24,-811.3383570738463,523.0521624383593,106.76757556944351,0.08766666666666667,0.008731087220843176,0.0017822257159000538,2018-07-02,Ponderosa Pine Meadow
6,Ambient,24,-2499.257733706845,2325.7041365060563,474.73236892666614,0.07975,0.012857919231217846,0.002624611772533557,2018-07-02,Ponderosa Pine Meadow
7,Exclusion,24,-1206.757073884301,551.6126648666402,112.59746371501085,0.08158333333333333,0.005578816039788111,0.0011387710555279373,2018-07-02,Ponderosa Pine Meadow
9,Addition,24,-330062.45338260574,415112.944939034,84734.57506039017,0.04729166666666667,0.013043336351885043,0.0026624598838011146,2018-07-02,Ponderosa Pine Meadow
11,Ambient,24,-1812.9335539394824,1137.6486058216828,232.2215492376496,0.07858333333333334,0.007580963955378868,0.001547457787425794,2018-07-02,Ponderosa Pine Meadow
12,Addition,24,-1740.7129789214587,1397.249082065555,285.21227455273237,0.08054166666666666,0.009509625177392258,0.0019411441108112498,2018-07-02,Ponderosa Pine Meadow
1,Exclusion,24,-3060.1929276729647,1998.6732323876888,407.97746515907863,0.073125,0.006482836872314733,0.0013233035352392933,2018-07-03,Ponderosa Pine Meadow
3,Addition,24,-30462502.64531914,66601238.60018371,13594920.900650423,0.035291666666666666,0.014177382988612429,0.0028939461841762386,2018-07-03,Ponderosa Pine Meadow
4,Exclusion,24,-2987.479033405521,1279.5740083577045,261.19195071701284,0.072125,0.004475173059563559,9.134908755483792e-4,2018-07-03,Ponderosa Pine Meadow
5,Ambient,24,-1007.5867722832525,713.7537056406001,145.69436507001114,0.08574999999999999,0.009246621004453467,0.0018874586088176882,2018-07-03,Ponderosa Pine Meadow
6,Ambient,24,-3419.9465231308673,3607.746646762711,736.4282004838055,0.07725,0.012674006264106417,0.0025870706953248683,2018-07-03,Ponderosa Pine Meadow
7,Exclusion,24,-1336.069526885998,520.8646715174011,106.3210558550003,0.080125,0.00474856957867085,9.692977063205405e-4,2018-07-03,Ponderosa Pine Meadow
9,Addition,24,-5904.302260070301,4788.029915608017,977.3525138684038,0.06770833333333333,0.007006079140827359,0.0014301099160486498,2018-07-03,Ponderosa Pine Meadow
11,Ambient,24,-2221.4552776426835,1431.1961487117335,292.14169051501494,0.0765,0.007336626401590973,0.001497582593110779,2018-07-03,Ponderosa Pine Meadow
12,Addition,24,-1995.9323562124487,1518.6156557560473,309.98612266703236,0.07879166666666666,0.009069677941967644,0.0018513402574330492,2018-07-03,Ponderosa Pine Meadow
1,Exclusion,24,-3406.2510511775117,1929.5903435909386,393.8759795332894,0.07145833333333333,0.0052913314397982185,0.0010800885072876569,2018-07-04,Ponderosa Pine Meadow
3,Addition,24,-84693238.59557168,229193120.35080016,46783849.784646295,0.032875,0.013125854009482997,0.002679303730124838,2018-07-04,Ponderosa Pine Meadow
4,Exclusion,24,-3470.7499861734327,1509.4544936188454,308.11610827644483,0.070625,0.0040840357278171474,8.336503020373446e-4,2018-07-04,Ponderosa Pine Meadow
5,Ambient,24,-1110.318323978203,703.5281110072615,143.60707430599268,0.08366666666666667,0.00749299189484627,0.0015295005657652858,2018-07-04,Ponderosa Pine Meadow
6,Ambient,24,-2826.624504194514,2386.2125190813217,487.0835907992089,0.07675,0.01055523772722627,0.0021545788787898984,2018-07-04,Ponderosa Pine Meadow
7,Exclusion,24,-1590.732566107085,656.6583611905717,134.0398266874264,0.07829166666666666,0.0045058335779169754,9.197494276496383e-4,2018-07-04,Ponderosa Pine Meadow
9,Addition,24,-7388.5859346675925,4630.7184958166445,945.2414547682682,0.06525,0.006421770039076655,0.0013108383201025499,2018-07-04,Ponderosa Pine Meadow
11,Ambient,24,-2571.157690125002,1540.0265290758134,314.35659888209875,0.07454166666666667,0.0062761049030129485,0.0012811045487134526,2018-07-04,Ponderosa Pine Meadow
12,Addition,24,-2227.6386589698345,1532.2814136447537,312.775633815011,0.07675,0.0075253195800981535,0.0015360994268846535,2018-07-04,Ponderosa Pine Meadow
1,Exclusion,24,-3373.352434441522,2140.8955637675963,437.00847698489474,0.072125,0.006326703242056124,0.0012914328914207962,2018-07-05,Ponderosa Pine Meadow
3,Addition,24,-28342775.20767326,63734003.578067,13009649.002581792,0.035791666666666666,0.014237058705354494,0.002906127438847316,2018-07-05,Ponderosa Pine Meadow
4,Exclusion,24,-3534.1342114707804,1635.7661253064027,333.89936212751803,0.07066666666666667,0.004612522338031607,9.415271796138921e-4,2018-07-05,Ponderosa Pine Meadow
5,Ambient,24,-1070.3385417185445,723.8427799407464,147.75378873770995,0.08466666666666667,0.00854993855389396,0.0017452488990991413,2018-07-05,Ponderosa Pine Meadow
6,Ambient,24,-2829.1444366716887,2519.7153280086577,514.3347375575632,0.078,0.01226873013520286,0.0025043440519295235,2018-07-05,Ponderosa Pine Meadow
7,Exclusion,24,-1551.0520735950229,759.4834920512617,155.02891863272626,0.07904166666666666,0.005575405359930007,0.0011380748534172422,2018-07-05,Ponderosa Pine Meadow
9,Addition,24,-9495.988304100016,5400.969074387173,1102.4681957333783,0.062875,0.005987759252806112,0.0012222462393336364,2018-07-05,Ponderosa Pine Meadow
11,Ambient,24,-2585.423421367624,1588.595603002062,324.27071958200077,0.07483333333333334,0.007007242629976666,0.0014303474122767388,2018-07-05,Ponderosa Pine Meadow
12,Addition,24,-2104.9050594578757,1604.3730106280364,327.49126942762854,0.07829166666666666,0.009033652863486119,0.0018439866690810947,2018-07-05,Ponderosa Pine Meadow
1,Exclusion,24,-3199.2501359713015,1774.0539263855883,362.1272413188102,0.07204166666666667,0.0053849966022085,0.0010992078285026656,2018-07-06,Ponderosa Pine Meadow
3,Addition,24,-5906956.479532929,9645710.967464872,1968922.5063880342,0.036041666666666666,0.011888902997869636,0.0024268121621854877,2018-07-06,Ponderosa Pine Meadow
4,Exclusion,24,-3537.1355069091524,1353.6953004673992,276.32189611239056,0.07029166666666667,0.003804792934623683,7.766501055645516e-4,2018-07-06,Ponderosa Pine Meadow
5,Ambient,24,-1111.0251915570934,679.5172120149748,138.70587007294193,0.08366666666666667,0.007699049442550722,0.0015715618865590451,2018-07-06,Ponderosa Pine Meadow
6,Ambient,24,-3391.367589244258,3176.0264771622465,648.3036898847263,0.07595833333333334,0.011648769917021715,0.0023777952023154958,2018-07-06,Ponderosa Pine Meadow
7,Exclusion,24,-1400.5634761954107,520.5765118438901,106.26223550795454,0.0795,0.004373835248681493,8.928053815224025e-4,2018-07-06,Ponderosa Pine Meadow
9,Addition,24,-12182.772299828926,7838.065459275863,1599.9384121466123,0.06133333333333334,0.006611364830920786,0.001349539194928159,2018-07-06,Ponderosa Pine Meadow
11,Ambient,24,-2639.5507216024553,1595.6665654028852,325.7140737380359,0.074625,0.007057604594244113,0.0014406275051850326,2018-07-06,Ponderosa Pine Meadow
12,Addition,24,-2006.4185365367964,1393.1278364828102,284.37102882086367,0.07808333333333334,0.008182253684793622,0.0016701955394793201,2018-07-06,Ponderosa Pine Meadow
1,Exclusion,24,-3334.9518744179927,1733.5297066977878,353.8552696138469,0.071375,0.0047986637632828014,9.795231389355457e-4,2018-07-07,Ponderosa Pine Meadow
3,Addition,24,-7216889.328578768,10037207.159483379,2048836.331945368,0.030333333333333334,0.0074347402321023005,0.0015176099948993342,2018-07-07,Ponderosa Pine Meadow
4,Exclusion,24,-4139.641396734341,1249.6002694308704,255.07358687916775,0.06854166666666667,0.0029485319363558083,6.018665611976813e-4,2018-07-07,Ponderosa Pine Meadow
5,Ambient,24,-1062.3814372665381,719.4440087105078,146.8558933202667,0.08433333333333333,0.007585264127507887,0.0015483355563859801,2018-07-07,Ponderosa Pine Meadow
6,Ambient,24,-3047.4292885770287,3935.0868521008474,803.2462400984977,0.08941666666666667,0.02439871106122771,0.0049803660401339794,2018-07-07,Ponderosa Pine Meadow
7,Exclusion,24,-2026.9025131410294,550.9470626725829,112.46159823608438,0.07520833333333334,0.0026536138880151106,5.41666666666667e-4,2018-07-07,Ponderosa Pine Meadow
9,Addition,24,-14008.966145901275,9665.913431511935,1973.0463170932198,0.059958333333333336,0.005512666573775636,0.0011252683523205922,2018-07-07,Ponderosa Pine Meadow
11,Ambient,24,-2456.5131968696064,1735.6007679854356,354.27802322891097,0.07608333333333334,0.007928576091618195,0.0016184138176078926,2018-07-07,Ponderosa Pine Meadow
12,Addition,24,-2086.2211184888088,1369.83919504165,279.617254793074,0.07670833333333334,0.00620994410579527,0.0012675995325335308,2018-07-07,Ponderosa Pine Meadow
1,Exclusion,24,-2780.0717279847436,987.4322400141698,201.55876196734386,0.07241666666666667,0.003450477807702761,7.043258331390751e-4,2018-07-08,Ponderosa Pine Meadow
3,Addition,24,-3853263.1968417442,7164255.562700459,1462397.5429593418,0.03970833333333333,0.013026658841764073,0.0026590556013030746,2018-07-08,Ponderosa Pine Meadow
4,Exclusion,24,-4383.7207499186625,1597.5030062379722,326.08893565376707,0.06820833333333333,0.003361924483370208,6.862499615022467e-4,2018-07-08,Ponderosa Pine Meadow
5,Ambient,24,-402.1709702881495,166.0732963590272,33.89956966513567,0.09404166666666666,0.005652849736630858,0.001153883120614323,2018-07-08,Ponderosa Pine Meadow
6,Ambient,24,-65.16051140502836,20.17305027436089,4.117806643974698,0.11900000000000001,0.005149926128638621,0.0010512242690159487,2018-07-08,Ponderosa Pine Meadow
7,Exclusion,24,-1970.5796358684102,699.4162953560924,142.76775345084653,0.07595833333333334,0.004257772092116466,8.691140888956465e-4,2018-07-08,Ponderosa Pine Meadow
9,Addition,24,-20864.711239981516,27330.57291959469,5578.829835911241,0.058208333333333334,0.005748188120326846,0.0011733439866940605,2018-07-08,Ponderosa Pine Meadow
11,Ambient,24,-861.0956380028975,215.0198279290301,43.890738583930265,0.08425,0.0029818290272626406,6.086633014177484e-4,2018-07-08,Ponderosa Pine Meadow
12,Addition,24,-1014.178973079051,486.7314213090704,99.35363533223715,0.08358333333333333,0.005822868459912972,0.001188588047177709,2018-07-08,Ponderosa Pine Meadow
1,Exclusion,24,-2099.9441516958987,780.534082163662,159.32585234604772,0.07525,0.003836325234433054,7.830866093103365e-4,2018-07-09,Ponderosa Pine Meadow
3,Addition,24,-859038.04499684,1060402.2679524256,216453.7065477905,0.041625,0.01180203556503118,0.002409080421708846,2018-07-09,Ponderosa Pine Meadow
4,Exclusion,24,-3716.725150373332,1190.6330505439958,243.03695372718025,0.06958333333333333,0.0031056283641530363,6.339337352407803e-4,2018-07-09,Ponderosa Pine Meadow
5,Ambient,24,-251.7105562369774,106.58723589864344,21.75702842044484,0.10012499999999999,0.00600226406558754,0.0012252070218443949,2018-07-09,Ponderosa Pine Meadow
6,Ambient,24,-42.87184910464489,20.79597077914214,4.244959759560615,0.127125,0.008818520530555344,0.001800072965509849,2018-07-09,Ponderosa Pine Meadow
7,Exclusion,24,-1634.8223794820597,484.13674000412914,98.82399822871673,0.077625,0.0037278330341412565,7.609407316614418e-4,2018-07-09,Ponderosa Pine Meadow
9,Addition,24,-19132.080034533512,32107.80130826187,6553.977497325647,0.06025,0.006236289309182673,0.001272977224655946,2018-07-09,Ponderosa Pine Meadow
11,Ambient,24,-623.3722194873677,127.13700685857077,25.951732852351974,0.08779166666666666,0.0024668086523960946,5.035352076210857e-4,2018-07-09,Ponderosa Pine Meadow
12,Addition,24,-748.7881886021629,350.3039665091145,71.50549773502817,0.086875,0.005682256900058361,0.001159885832712658,2018-07-09,Ponderosa Pine Meadow
1,Exclusion,24,-2000.767111902156,417.04343387390054,85.1286344640995,0.07516666666666666,0.0019034674690672024,3.8854367010013075e-4,2018-07-10,Ponderosa Pine Meadow
3,Addition,24,-590552.4148674539,902911.0233624252,184305.9408643436,0.055375,0.020748624888956103,0.004235295320196145,2018-07-10,Ponderosa Pine Meadow
4,Exclusion,24,-4038.5710060670476,760.4458940607298,155.2253681202784,0.06845833333333334,0.0017440374613713608,3.560001560548968e-4,2018-07-10,Ponderosa Pine Meadow
5,Ambient,24,-156.7371187377596,32.468811695336605,6.627668434007126,0.10545833333333333,0.002888946952222147,5.897038272427395e-4,2018-07-10,Ponderosa Pine Meadow
6,Ambient,24,-26.15800831048294,5.1588980188374665,1.0530556484339029,0.13370833333333335,0.003290026650700395,6.715738778644928e-4,2018-07-10,Ponderosa Pine Meadow
7,Exclusion,24,-1910.7083058190522,519.5458882992375,106.05186035784644,0.07579166666666666,0.002570385974512588,5.246778399635273e-4,2018-07-10,Ponderosa Pine Meadow
9,Addition,24,-16527.24890504029,18249.306652154417,3725.124121446422,0.059291666666666666,0.005393064520987695,0.0011008546855272696,2018-07-10,Ponderosa Pine Meadow
11,Ambient,24,-577.8058457566008,123.57126605906538,25.223879059534312,0.08870833333333333,0.0025956345737756926,5.298316887064121e-4,2018-07-10,Ponderosa Pine Meadow
12,Addition,24,-430.4320935574688,301.6729393284573,61.57873088002568,0.09566666666666666,0.009499046481514395,0.0019389847435575126,2018-07-10,Ponderosa Pine Meadow
1,Exclusion,24,-2119.561746406396,954.7576599713806,194.88909124529718,0.07554166666666667,0.004699483474546561,9.592780472734044e-4,2018-07-11,Ponderosa Pine Meadow
3,Addition,24,-1590.5885553271416,1207.3941085561398,246.458290367092,0.081125,0.008862782466216705,0.0018091078952930351,2018-07-11,Ponderosa Pine Meadow
4,Exclusion,24,-3929.7638332364468,813.4497141561025,166.04472759127344,0.06875,0.001961587644474881,4.0040740122595305e-4,2018-07-11,Ponderosa Pine Meadow
5,Ambient,24,-91.86715926058048,62.16444296068127,12.689263783168228,0.11850000000000001,0.013947105044791012,0.0028469408957279255,2018-07-11,Ponderosa Pine Meadow
6,Ambient,24,-15.701491579297832,13.02432257235717,2.6585787123073588,0.16033333333333333,0.03176088196490151,0.006483162882897791,2018-07-11,Ponderosa Pine Meadow
7,Exclusion,24,-1615.003528041593,356.7958891469836,72.83065589439502,0.07741666666666666,0.002430184581765197,4.960593505086399e-4,2018-07-11,Ponderosa Pine Meadow
9,Addition,24,-10994.804586941655,14693.903554528075,2999.3805031884835,0.06483333333333334,0.007676427309099206,0.0015669441629049315,2018-07-11,Ponderosa Pine Meadow
11,Ambient,24,-313.1424698215549,236.43752112870882,48.26260690115444,0.10375,0.016358085356231,0.003339080190971629,2018-07-11,Ponderosa Pine Meadow
12,Addition,24,-104.4040272174647,52.71999570417323,10.761424059745462,0.113375,0.008479194485942329,0.0017308083266982849,2018-07-11,Ponderosa Pine Meadow
1,Exclusion,24,-1542.37002636236,533.0857499951778,108.81567305308882,0.07829166666666666,0.0036887510159905124,7.529631481124823e-4,2018-07-12,Ponderosa Pine Meadow
3,Addition,24,-455.52821541948464,280.2968932632823,57.21536374853345,0.09570833333333334,0.012041519356202403,0.0024579648458785738,2018-07-12,Ponderosa Pine Meadow
4,Exclusion,24,-3795.7187121651323,544.8761229944256,111.22237286352592,0.06895833333333334,0.0014288690166235176,2.916666666666661e-4,2018-07-12,Ponderosa Pine Meadow
5,Ambient,24,-18.290549081713706,11.03679756083916,2.2528768682041602,0.148,0.021186542077870827,0.004324684792065733,2018-07-12,Ponderosa Pine Meadow
6,Ambient,24,-1.0422992300524214,0.67366251103568775,0.1375107842399564,0.21845833333333334,0.03399613682230056,0.006939432370039894,2018-07-12,Ponderosa Pine Meadow
7,Exclusion,24,-1403.2621685745157,294.67393973353865,60.15006607023428,0.078875,0.0025760181608865656,5.258275051929025e-4,2018-07-12,Ponderosa Pine Meadow
9,Addition,24,-16529.55472171071,19756.339835886243,4032.7459819118376,0.06275,0.009542809722052743,0.0019479178776249822,2018-07-12,Ponderosa Pine Meadow
11,Ambient,24,-38.2664322602526,24.383424094284667,4.977245601073542,0.14116666666666666,0.03142370562747683,0.006414337051228545,2018-07-12,Ponderosa Pine Meadow
12,Addition,24,-41.31096164708218,16.975138926491326,3.4650357235633296,0.12758333333333333,0.008747256298612909,0.0017855262150789893,2018-07-12,Ponderosa Pine Meadow
1,Exclusion,24,-1213.7732492812668,304.0030102583641,62.05435461692268,0.08045833333333334,0.0026206399262753395,5.349358849116257e-4,2018-07-13,Ponderosa Pine Meadow
3,Addition,24,-66.8496432079463,25.83665028718067,5.273884155527092,0.11904166666666667,0.006174837907864932,0.0012604335098886576,2018-07-13,Ponderosa Pine Meadow
4,Exclusion,24,-2755.9461552018893,1112.7683858661817,227.1428956060505,0.07270833333333333,0.003950554905069792,8.064036431891856e-4,2018-07-13,Ponderosa Pine Meadow
5,Ambient,24,-3.116772511249756,0.24581018910821348,0.050175794741013524,0.177,0.0019110661718118199,3.900947488027473e-4,2018-07-13,Ponderosa Pine Meadow
6,Ambient,24,-0.20704912206579434,0.05572194460791478,0.011374194313751642,0.25508333333333333,0.009721856445845277,0.0019844656370757107,2018-07-13,Ponderosa Pine Meadow
7,Exclusion,24,-1032.491252411254,364.3065441542895,74.36376192789326,0.08258333333333334,0.0038551678096523517,7.86932833870944e-4,2018-07-13,Ponderosa Pine Meadow
9,Addition,24,-6170.957296548048,5439.837750962848,1110.4022311156841,0.06929166666666667,0.009466091276655377,0.0019322577905347223,2018-07-13,Ponderosa Pine Meadow
11,Ambient,24,-3.0890436036739475,0.5969634265859487,0.12185464918658169,0.17762499999999998,0.004697941269738595,9.589632460352057e-4,2018-07-13,Ponderosa Pine Meadow
12,Addition,24,-16.332259972711192,1.3274454323669773,0.270963664223941,0.14204166666666665,0.0015174110293140863,3.0974022932424327e-4,2018-07-13,Ponderosa Pine Meadow
1,Exclusion,24,-1258.4046814710337,314.5726280518632,64.2118688144489,0.08008333333333334,0.002668930198749513,5.447930955034334e-4,2018-07-14,Ponderosa Pine Meadow
3,Addition,24,-64.37474416421699,9.44309401213593,1.9275634935720176,0.1185,0.002206709137469478,4.5044261646145004e-4,2018-07-14,Ponderosa Pine Meadow
4,Exclusion,24,-2320.7890539921154,418.61929708327744,85.45030619471602,0.07366666666666666,0.0017610932046210174,3.5948164506702826e-4,2018-07-14,Ponderosa Pine Meadow
5,Ambient,24,-3.1865400819838237,0.4251427633062253,0.08678190316142462,0.17662499999999998,0.0031320572486299913,6.393285086940722e-4,2018-07-14,Ponderosa Pine Meadow
6,Ambient,24,-0.25090518697680575,0.02693143733004253,0.005497356624862264,0.24745833333333334,0.0036472642119654676,7.444946897024654e-4,2018-07-14,Ponderosa Pine Meadow
7,Exclusion,24,-724.0040572150214,79.30638711575493,16.188348481436144,0.085875,0.0013290238326779823,2.7128585383825874e-4,2018-07-14,Ponderosa Pine Meadow
9,Addition,24,-3994.7374874877837,3692.6241852848466,753.7537554840269,0.0735,0.010367172269696554,0.0021161901780239927,2018-07-14,Ponderosa Pine Meadow
11,Ambient,24,-4.073281501618007,0.43447663861890645,0.08868717248132708,0.170875,0.0023831382305873295,4.8645605428817635e-4,2018-07-14,Ponderosa Pine Meadow
12,Addition,24,-17.243829252677,1.9203414912131107,0.391988065447289,0.14108333333333334,0.002124733572385757,4.3370942430883097e-4,2018-07-14,Ponderosa Pine Meadow
1,Exclusion,24,-708.8156384439351,759.1892245783799,154.9688515363547,0.154625,0.0775739829200935,0.015834722955800542,2018-07-15,Ponderosa Pine Meadow
3,Addition,24,-33.69220232508861,35.3819201518545,7.222304207661753,0.17695833333333333,0.06051264989323678,0.01235209293517609,2018-07-15,Ponderosa Pine Meadow
4,Exclusion,24,-1320.2562058600413,1124.8494246951611,229.6089273305297,0.08579166666666667,0.012690219330912559,0.00259038017372826,2018-07-15,Ponderosa Pine Meadow
5,Ambient,24,-1.4890238218088725,1.5061278623599892,0.30743706251422903,0.25125,0.07477517025695443,0.015263417713272973,2018-07-15,Ponderosa Pine Meadow
6,Ambient,24,-0.1463274571074042,0.13026573649586068,0.02659038211522559,0.28991666666666666,0.04538331111252497,0.009263829588638979,2018-07-15,Ponderosa Pine Meadow
7,Exclusion,24,-383.26385954812355,374.5028272729775,76.44506950403823,0.113,0.02869328053440538,0.005856991362985517,2018-07-15,Ponderosa Pine Meadow
9,Addition,24,-1252.622298591518,2231.5790472866975,455.5191655448852,0.102375,0.027528345075734133,0.005619199908233881,2018-07-15,Ponderosa Pine Meadow
11,Ambient,24,-2.2486821444883547,2.135690923785135,0.43594608429723486,0.211875,0.043727727249821505,0.008925884947804854,2018-07-15,Ponderosa Pine Meadow
12,Addition,24,-8.499777160723706,8.510671784228846,1.7372336033052307,0.19766666666666666,0.05744310354539992,0.011725524410674095,2018-07-15,Ponderosa Pine Meadow
1,Exclusion,24,-0.8488044639872413,0.13570531839630268,0.027700732121072397,0.21070833333333333,0.0047774758358697,9.7519817136311e-4,2018-07-16,Ponderosa Pine Meadow
3,Addition,24,-0.4358069473762681,0.11107909924198592,0.02267392618590327,0.231125,0.00940079783848158,0.001918929823278242,2018-07-16,Ponderosa Pine Meadow
4,Exclusion,24,-229.4063971040177,52.47484433788119,10.71138274664866,0.10033333333333333,0.00310212643291615,6.3321890652039e-4,2018-07-16,Ponderosa Pine Meadow
5,Ambient,24,-0.040454677704291266,0.005286554933021921,0.0010791135069247507,0.3155,0.005912404057498988,0.0012068644245027847,2018-07-16,Ponderosa Pine Meadow
6,Ambient,24,-0.0331773827183683,0.006523192261966855,0.0013315410446575343,0.3245,0.009311050003834863,0.0019006101232445641,2018-07-16,Ponderosa Pine Meadow
7,Exclusion,24,-11.386534394384336,1.6482308901061078,0.3364437215877749,0.14916666666666667,0.0028539319431675134,5.825564184491741e-4,2018-07-16,Ponderosa Pine Meadow
9,Addition,24,-10.333598282447936,2.864255348001888,0.584663674636874,0.15170833333333333,0.005551961397769161,0.0011332893746803098,2018-07-16,Ponderosa Pine Meadow
11,Ambient,24,-0.2456178628670206,0.06311535364387717,0.012883367613567502,0.24941666666666668,0.010073282210518765,0.002056200120902165,2018-07-16,Ponderosa Pine Meadow
12,Addition,24,-0.23171991191438573,0.04934049860814432,0.010071587103704767,0.2507916666666667,0.007801778875563477,0.0015925314442629347,2018-07-16,Ponderosa Pine Meadow
1,Exclusion,24,-1.2637828854620226,0.20444938012231026,0.04173305496066483,0.19983333333333334,0.004290197792812032,8.757329573336753e-4,2018-07-17,Ponderosa Pine Meadow
3,Addition,24,-0.3611386997443032,0.044202766151013054,0.009022851857462495,0.23583333333333334,0.003963602518862879,8.090669762020159e-4,2018-07-17,Ponderosa Pine Meadow
4,Exclusion,24,-146.98652504733172,32.34877032443881,6.603165091780144,0.10641666666666666,0.003174855925066137,6.480647519386584e-4,2018-07-17,Ponderosa Pine Meadow
5,Ambient,24,-0.041943833959221445,0.004260334410442291,8.696371199337175e-4,0.3137916666666667,0.004170071072970246,8.512121933264551e-4,2018-07-17,Ponderosa Pine Meadow
6,Ambient,24,-0.03518911640573441,0.0055558077905509635,0.0011340745163191215,0.32154166666666667,0.006750067095748126,0.0013778516761777727,2018-07-17,Ponderosa Pine Meadow
7,Exclusion,24,-6.319365192089346,0.9772501160888495,0.19948034462444225,0.16133333333333333,0.0032526466369600547,6.639437145109879e-4,2018-07-17,Ponderosa Pine Meadow
9,Addition,24,-5.551560971071932,0.6161052471493821,0.12576195694727554,0.164,0.002377430106868231,4.852908884131373e-4,2018-07-17,Ponderosa Pine Meadow
11,Ambient,24,-0.21553316801200828,0.0180323246326502,0.0036808328521844252,0.2524166666666667,0.0028577380332470434,5.833333333333338e-4,2018-07-17,Ponderosa Pine Meadow
12,Addition,24,-0.2177974685860269,0.03922971204795251,0.008007731439483112,0.25254166666666666,0.006157209748259194,0.0012568351768771243,2018-07-17,Ponderosa Pine Meadow
1,Exclusion,24,-1.9434045802192335,0.15374341042493048,0.03138274223803096,0.18845833333333334,0.00195557545554214,3.991801682990844e-4,2018-07-18,Ponderosa Pine Meadow
3,Addition,24,-0.31577985663604213,0.05041960124502062,0.010291858007074665,0.24020833333333333,0.004745516572116449,9.686745139672358e-4,2018-07-18,Ponderosa Pine Meadow
4,Exclusion,24,-130.0274548780059,22.087807565381162,4.50865483933082,0.108,0.0024316750354973172,4.963635881027166e-4,2018-07-18,Ponderosa Pine Meadow
5,Ambient,24,-0.03780542402704686,0.004458489499975979,9.100853582081385e-4,0.3182083333333333,0.004606037310980553,9.402034290102898e-4,2018-07-18,Ponderosa Pine Meadow
6,Ambient,24,-0.030452520564815413,0.004347926452202798,8.875167705872007e-4,0.327625,0.0057846310618516715,0.0011807828709825528,2018-07-18,Ponderosa Pine Meadow
7,Exclusion,24,-4.781835399483898,1.0275192506749387,0.20974148875337664,0.16766666666666666,0.004603086551119953,9.3960110767596e-4,2018-07-18,Ponderosa Pine Meadow
9,Addition,24,-4.783938418909772,0.8099396136446235,0.16532823132468963,0.16745833333333335,0.003623344199549056,7.396120376140282e-4,2018-07-18,Ponderosa Pine Meadow
11,Ambient,24,-0.1859152921439348,0.02600895795975714,0.0053090563119086685,0.257625,0.004499396094743309,9.184353818993687e-4,2018-07-18,Ponderosa Pine Meadow
12,Addition,24,-0.19216818564792848,0.03048606667324179,0.006222942301159155,0.25658333333333333,0.005003621876606786,0.0010213600386261533,2018-07-18,Ponderosa Pine Meadow
1,Exclusion,24,-2.1414399667417947,0.7154004711855931,0.14603050967928025,0.18766666666666668,0.00919199399603745,0.001876307917418191,2018-07-19,Ponderosa Pine Meadow
3,Addition,24,-0.2701188027737792,0.06569197165105227,0.013409317561871322,0.24604166666666666,0.008902755639183557,0.0018172673850571017,2018-07-19,Ponderosa Pine Meadow
4,Exclusion,24,-94.10509953012046,37.560034089080446,7.666909853315756,0.114,0.006691980924633017,0.0013659948861491054,2018-07-19,Ponderosa Pine Meadow
5,Ambient,24,-0.03664428393659985,0.005792986684078329,0.0011824884552274501,0.3199166666666667,0.007643790697807218,0.001560282242521688,2018-07-19,Ponderosa Pine Meadow
6,Ambient,24,-0.03058095396321834,0.004730721853313052,9.656545546375458e-4,0.327625,0.007276002844371651,0.0014852078613124657,2018-07-19,Ponderosa Pine Meadow
7,Exclusion,23,-3.3816031459244487,0.4358187735630803,0.09087449620457864,0.17521739130434782,0.0029688767655481835,6.190535991759429e-4,2018-07-19,Ponderosa Pine Meadow
9,Addition,24,-4.014742261940064,0.34816259197112476,0.07106839148783958,0.17116666666666666,0.002098999071331199,4.284563912780991e-4,2018-07-19,Ponderosa Pine Meadow
11,Ambient,23,-0.16713051842850343,0.04762798077707698,0.009931120504453828,0.2629565217391304,0.012484456739444106,0.002603189181846086,2018-07-19,Ponderosa Pine Meadow
12,Addition,23,-0.1534170207573535,0.04813221648694087,0.01003626091804275,0.2661304347826087,0.012563671828027489,0.0026197066696265294,2018-07-19,Ponderosa Pine Meadow
1,Exclusion,24,-1.3401669417719504,0.17676079186836074,0.03608114555064849,0.19816666666666669,0.0035833754631834102,7.314534534673903e-4,2018-07-20,Ponderosa Pine Meadow
3,Addition,24,-0.22282963041618756,0.04888673365193909,0.009978962719883168,0.25216666666666665,0.008148975217869385,0.0016634026008637813,2018-07-20,Ponderosa Pine Meadow
4,Exclusion,24,-33.01119295616336,6.48233313841088,1.323200710986745,0.12966666666666668,0.0033965028903355865,6.933082492675364e-4,2018-07-20,Ponderosa Pine Meadow
5,Ambient,24,-0.03544860299095757,0.0052546526545273866,0.0010726014815961027,0.32116666666666666,0.006417819395799598,0.0013100318984205041,2018-07-20,Ponderosa Pine Meadow
6,Ambient,24,-0.026627300694997757,0.009031332740228775,0.0018435130759043568,0.33675,0.01909757553472031,0.0038982762820270306,2018-07-20,Ponderosa Pine Meadow
7,Exclusion,24,-1.626462870803822,0.23804311725500615,0.04859034783802258,0.19316666666666668,0.0036195924184032574,7.388462084945448e-4,2018-07-20,Ponderosa Pine Meadow
9,Addition,24,-3.1726591098281265,0.2577949745078865,0.052622178816509914,0.17658333333333331,0.0018862584696941085,3.850308978128011e-4,2018-07-20,Ponderosa Pine Meadow
11,Ambient,24,-0.1489287335120276,0.03349937970861466,0.00683803224882088,0.266125,0.00910953871785909,0.0018594768042401722,2018-07-20,Ponderosa Pine Meadow
12,Addition,24,-0.12717364559271566,0.03233469229654309,0.0066002914263693785,0.27195833333333336,0.009719899653564444,0.0019840662085239898,2018-07-20,Ponderosa Pine Meadow
1,Exclusion,24,-2.1118036936272038,0.3355581299904359,0.06849551645992309,0.18666666666666668,0.004124862755731785,8.419840842127802e-4,2018-07-21,Ponderosa Pine Meadow
3,Addition,24,-0.30077096656411834,0.01701028808918022,0.0034722105163528185,0.24141666666666667,0.0017916877315917073,3.657267267336956e-4,2018-07-21,Ponderosa Pine Meadow
4,Exclusion,24,-32.27522898918408,3.2114049414128654,0.6555252886595023,0.12979166666666667,0.0018172881532338408,3.7095239091897316e-4,2018-07-21,Ponderosa Pine Meadow
5,Ambient,24,-0.044696351290993856,0.001714722495263997,3.5001626365572814e-4,0.31095833333333334,0.0015457984194658734,3.1553478107434216e-4,2018-07-21,Ponderosa Pine Meadow
6,Ambient,24,-0.03854797082928956,0.0021329105225519275,4.353785372721046e-4,0.31716666666666665,0.0022586388102931215,4.610427165387502e-4,2018-07-21,Ponderosa Pine Meadow
7,Exclusion,24,-1.4312302288264187,0.09591273588239232,0.01957810522884934,0.19625,0.001725763851042553,3.5227007096622754e-4,2018-07-21,Ponderosa Pine Meadow
9,Addition,24,-3.737999183750382,0.11166399718849995,0.02279331797928336,0.17270833333333332,6.902530516863506e-4,1.4089731416920857e-4,2018-07-21,Ponderosa Pine Meadow
11,Ambient,24,-0.20275335484467527,0.012746059128791508,0.0026017784247402242,0.2544166666666667,0.0021450988964060204,4.3786647866683856e-4,2018-07-21,Ponderosa Pine Meadow
12,Addition,24,-0.18491279435537195,0.016694848130008363,0.003407821604314868,0.257625,0.0030760293434457264,6.278918604391984e-4,2018-07-21,Ponderosa Pine Meadow
1,Exclusion,24,-3.4255377158581624,0.6337044401076649,0.12935437716665685,0.17516666666666666,0.004488310098047131,9.161724622997174e-4,2018-07-22,Ponderosa Pine Meadow
3,Addition,24,-0.34432114361427324,0.020829417022499505,0.004251786945397156,0.237125,0.001848912723973077,3.7740772938944653e-4,2018-07-22,Ponderosa Pine Meadow
4,Exclusion,24,-31.745494659508335,6.163637916837597,1.2581473212935976,0.13033333333333333,0.0033708038864015406,6.880624620561873e-4,2018-07-22,Ponderosa Pine Meadow
5,Ambient,24,-0.050931417450910295,0.004017390117810943,8.200463238613675e-4,0.3057083333333333,0.003057125200699775,6.240330684598387e-4,2018-07-22,Ponderosa Pine Meadow
6,Ambient,24,-0.05036406916901053,0.011002951743186568,0.0022459681196061493,0.30704166666666666,0.008569303998254053,0.0017492018538761817,2018-07-22,Ponderosa Pine Meadow
7,Exclusion,24,-1.632215907799496,0.12692478539867474,0.025908413328250824,0.19287500000000002,0.001962972457668529,4.0069007503541233e-4,2018-07-22,Ponderosa Pine Meadow
9,Addition,24,-3.677942160692484,0.12437493960890499,0.025387928235940833,0.1730833333333333,7.755316082290392e-4,1.5830472663009781e-4,2018-07-22,Ponderosa Pine Meadow
11,Ambient,24,-0.24688146792442622,0.030200389233128146,0.006164628637883911,0.24804166666666666,0.004005204946899309,8.175590362645252e-4,2018-07-22,Ponderosa Pine Meadow
12,Addition,24,-0.24337268202956808,0.0423956816299063,0.008653982274229725,0.24879166666666666,0.0057481881203268505,0.0011733439866940616,2018-07-22,Ponderosa Pine Meadow
1,Exclusion,24,-5.679715311397518,0.9876464521104797,0.20160248782840148,0.16375,0.004045931934349777,8.258723977657235e-4,2018-07-23,Ponderosa Pine Meadow
3,Addition,24,-0.4588708203687722,0.027452561546044314,0.005603730660013288,0.22825,0.0018237562766229881,3.722726910770375e-4,2018-07-23,Ponderosa Pine Meadow
4,Exclusion,24,-29.56034104116878,3.865468500228554,0.78903545353011,0.13137500000000002,0.00226144432493542,0.00046161538981704504,2018-07-23,Ponderosa Pine Meadow
5,Ambient,24,-0.06784161050604731,0.0032653094183755977,6.665284939436943e-4,0.2942083333333333,0.0018645238736370005,3.805943419706826e-4,2018-07-23,Ponderosa Pine Meadow
6,Ambient,24,-0.08004121888570478,0.012903794651056651,0.002633976053395309,0.28829166666666667,0.006017938161043594,0.0012284064831816455,2018-07-23,Ponderosa Pine Meadow
7,Exclusion,24,-2.037261354462349,0.35730002192200494,0.07293356156617965,0.187625,0.004460576098491631,9.105112833465881e-4,2018-07-23,Ponderosa Pine Meadow
9,Addition,24,-4.177581308922841,0.2446670626724288,0.04994245503441695,0.17020833333333335,0.0013506573815438227,2.757017835088316e-4,2018-07-23,Ponderosa Pine Meadow
11,Ambient,24,-0.33177766952179644,0.044012514471457716,0.008984016895994323,0.23854166666666665,0.0042321663346397325,8.638873355376921e-4,2018-07-23,Ponderosa Pine Meadow
12,Addition,24,-0.35730504490475984,0.05341274802437831,0.010902831534964762,0.23629166666666668,0.004777475835869687,9.751981713631073e-4,2018-07-23,Ponderosa Pine Meadow
1,Exclusion,24,-9.205048002258213,1.3614147077405583,0.27789761352372133,0.15345833333333334,0.003064227921291627,6.254829052294717e-4,2018-07-24,Ponderosa Pine Meadow
3,Addition,24,-0.5120546939275538,0.07208031224206211,0.014713332124461659,0.22520833333333334,0.004170071072970246,8.512121933264551e-4,2018-07-24,Ponderosa Pine Meadow
4,Exclusion,24,-29.869371569059368,3.5681231675276877,0.7283400916538413,0.13116666666666668,0.002057154359296118,4.1991487520146183e-4,2018-07-24,Ponderosa Pine Meadow
5,Ambient,24,-0.08789874633825014,0.008861836587142733,0.0018089148185355677,0.28441666666666665,0.00377539709016226,7.706497039404928e-4,2018-07-24,Ponderosa Pine Meadow
6,Ambient,24,-0.12119595251961564,0.019733648033398186,0.004028114037125191,0.27287500000000003,0.006038373665295913,0.0012325778630195335,2018-07-24,Ponderosa Pine Meadow
7,Exclusion,24,-2.9016088824541004,0.5997421268006721,0.12242184899276788,0.17916666666666667,0.004975301316343146,0.0010155791284698484,2018-07-24,Ponderosa Pine Meadow
9,Addition,24,-4.153493629124682,0.627617710209172,0.12811192862886933,0.17058333333333334,0.0034880749227427154,7.120003121097924e-4,2018-07-24,Ponderosa Pine Meadow
11,Ambient,24,-0.48124418316357775,0.08954235673933054,0.01827775703146853,0.22733333333333333,0.00572307812181573,0.0011682184297112039,2018-07-24,Ponderosa Pine Meadow
12,Addition,24,-0.27936059180730993,0.17905618778363872,0.03654969127982347,0.2535,0.026236383632028185,0.005355479382864793,2018-07-24,Ponderosa Pine Meadow
1,Exclusion,24,-14.897000515202162,2.0692297158210833,0.4223797470304912,0.14391666666666666,0.0026196028020636464,5.347241828184145e-4,2018-07-25,Ponderosa Pine Meadow
3,Addition,24,-0.5427701503167265,0.07049543969544897,0.014389821370582697,0.22341666666666668,0.0037173701160511537,7.588049974496679e-4,2018-07-25,Ponderosa Pine Meadow
4,Exclusion,24,-31.473140324487208,2.068626630520293,0.4222566427589654,0.13016666666666668,0.0011293194051465608,2.305213582693751e-4,2018-07-25,Ponderosa Pine Meadow
5,Ambient,24,-0.11813318036716722,0.01030875931497071,0.002104266683570108,0.2734166666666667,0.0031885210782848345,6.508541396588885e-4,2018-07-25,Ponderosa Pine Meadow
6,Ambient,24,-0.17246196610533931,0.02746904667014666,0.005607095671879722,0.26033333333333336,0.00539457591246637,0.001101163197020965,2018-07-25,Ponderosa Pine Meadow
7,Exclusion,24,-4.387614513335776,1.0657671655199594,0.2175488116780202,0.16983333333333334,0.005776012364995388,0.0011790235868537509,2018-07-25,Ponderosa Pine Meadow
9,Addition,24,-3.3986235043044837,0.14188505828983167,0.02896216624459467,0.17491666666666666,9.743076322798885e-4,1.988797126320793e-4,2018-07-25,Ponderosa Pine Meadow
11,Ambient,24,-0.6435133695082493,0.10313139307245416,0.02105160745749305,0.21858333333333332,0.004763234803901807,9.722912328854434e-4,2018-07-25,Ponderosa Pine Meadow
12,Addition,24,-0.13865184269663672,0.01664742386733233,0.0033981411672328677,0.2677916666666667,0.004273061896464235,8.722351071388983e-4,2018-07-25,Ponderosa Pine Meadow
1,Exclusion,24,-22.91997308974461,2.4891900290689324,0.5081037870035426,0.13583333333333333,0.0018572224859501477,3.7910395245009687e-4,2018-07-26,Ponderosa Pine Meadow
3,Addition,24,-0.6884624418895603,0.031100292339514807,0.006348320590266648,0.21625,0.0012937979144666543,2.6409539339336145e-4,2018-07-26,Ponderosa Pine Meadow
4,Exclusion,24,-35.283005526124036,2.4194847761650173,0.49387526183635533,0.12820833333333334,0.001141287094417553,2.329642526122177e-4,2018-07-26,Ponderosa Pine Meadow
5,Ambient,24,-0.16484762325560273,0.019667692914593367,0.004014651004875487,0.2617083333333333,0.004227026569964806,8.628381854667295e-4,2018-07-26,Ponderosa Pine Meadow
6,Ambient,24,-0.24209700382408003,0.0477367171732287,0.009744216589163775,0.24916666666666668,0.006869381762364174,0.0014022066805144064,2018-07-26,Ponderosa Pine Meadow
7,Exclusion,24,-6.85640406943412,1.402614889461649,0.2863075654009392,0.15983333333333333,0.004517277620586243,9.220854330775004e-4,2018-07-26,Ponderosa Pine Meadow
9,Addition,24,-4.035010263956379,0.34223131057616224,0.06985767374296281,0.17104166666666668,0.0019444271910897641,3.969045383469237e-4,2018-07-26,Ponderosa Pine Meadow
11,Ambient,24,-0.8331104346605571,0.1608458753380204,0.03283252681745523,0.21141666666666667,0.005709767882791942,0.0011655014885476405,2018-07-26,Ponderosa Pine Meadow
12,Addition,24,-0.1910597589825868,0.02749789501664707,0.005612984315950473,0.25675000000000003,0.004989118594283577,0.001018399568518871,2018-07-26,Ponderosa Pine Meadow
1,Exclusion,24,-32.33367189698655,2.2822507575445274,0.46586248508870487,0.12970833333333334,0.0012328534123049206,2.5165514898301195e-4,2018-07-27,Ponderosa Pine Meadow
3,Addition,24,-1.048673591866417,0.31078430835271675,0.06343858129399535,0.20566666666666666,0.00758526412750788,0.0015483355563859788,2018-07-27,Ponderosa Pine Meadow
4,Exclusion,24,-41.57596652189126,4.398503709720023,0.8978408100460795,0.1255,0.0017194539072421919,3.509820590815173e-4,2018-07-27,Ponderosa Pine Meadow
5,Ambient,24,-0.22464485305380616,0.027655163487890648,0.005645086608215001,0.25116666666666665,0.003985480895828572,8.135328811992e-4,2018-07-27,Ponderosa Pine Meadow
6,Ambient,24,-0.29459522054093173,0.10462594210440374,0.021356681001146967,0.244125,0.011062323444918793,0.002258087317473205,2018-07-27,Ponderosa Pine Meadow
7,Exclusion,24,-11.00066893215911,2.4918846404717616,0.5086538222528774,0.15016666666666667,0.00441998098231859,9.022248399571752e-4,2018-07-27,Ponderosa Pine Meadow
9,Addition,24,-4.68540586764754,0.24588040164524932,0.05019012681512053,0.16762500000000002,0.0011726039399558585,2.3935677693908477e-4,2018-07-27,Ponderosa Pine Meadow
11,Ambient,24,-1.0060869911300294,0.13103702374128517,0.026747820464926155,0.20583333333333334,0.0034473262060638293,7.036825151484166e-4,2018-07-27,Ponderosa Pine Meadow
12,Addition,24,-0.24358765509359123,0.026503766042182283,0.005410058588787551,0.24841666666666667,0.0033997016066844416,6.939611845080859e-4,2018-07-27,Ponderosa Pine Meadow
1,Exclusion,24,-38.74629925008648,4.446443296634884,0.9076264372478475,0.12670833333333334,0.0020103896803024715,4.1036907507483806e-4,2018-07-28,Ponderosa Pine Meadow
3,Addition,24,-1.1956100667355924,0.4523036215998097,0.09232609014436816,0.20345833333333332,0.0117768349134948,0.0024039363602546943,2018-07-28,Ponderosa Pine Meadow
4,Exclusion,24,-56.531375394100195,8.439244710669046,1.7226536129684182,0.12058333333333333,0.0024301845817651935,4.960593505086391e-4,2018-07-28,Ponderosa Pine Meadow
5,Ambient,24,-0.1950743391423182,0.0857772440835307,0.017509206628901458,0.25995833333333335,0.01734177957536596,0.0035398759326221454,2018-07-28,Ponderosa Pine Meadow
6,Ambient,24,-0.17584997830304533,0.12194948063745169,0.02489283349659781,0.27025,0.028623872675732076,0.005842823543161451,2018-07-28,Ponderosa Pine Meadow
7,Exclusion,24,-16.324237685598348,2.875626814588338,0.5869848655338665,0.14229166666666665,0.003236734353536332,6.606956332584322e-4,2018-07-28,Ponderosa Pine Meadow
9,Addition,24,-5.261683608136687,0.36095858055494245,0.07368036171990892,0.16508333333333333,0.0014719601443879758,3.0046260628866607e-4,2018-07-28,Ponderosa Pine Meadow
11,Ambient,24,-0.7279316085290337,0.4107661043750209,0.08384727994580152,0.221375,0.020673050089428022,0.0042198686788414005,2018-07-28,Ponderosa Pine Meadow
12,Addition,24,-0.20955213500627068,0.05867164855249032,0.011976300110125378,0.25475000000000003,0.009896200412718804,0.0020200534502901137,2018-07-28,Ponderosa Pine Meadow
1,Exclusion,24,-33.71583651869596,6.124504197095631,1.2501591842015227,0.12925,0.0031242390377846266,6.377326230880191e-4,2018-07-29,Ponderosa Pine Meadow
3,Addition,24,-0.5328859681565741,0.1055425093362576,0.021543774503896735,0.224375,0.006184219046685795,0.0012623484268317684,2018-07-29,Ponderosa Pine Meadow
4,Exclusion,24,-63.441206416359265,9.057849307717637,1.8489257475775054,0.11875,0.002453923212008633,5.009049781160581e-4,2018-07-29,Ponderosa Pine Meadow
5,Ambient,24,-0.08873724183289056,0.019694517764472393,0.004020126604428019,0.28500000000000003,0.009268928928320711,0.0018920121947089883,2018-07-29,Ponderosa Pine Meadow
6,Ambient,24,-0.051437312097259914,0.01651170918503492,0.003370438523713486,0.30774999999999997,0.014416928455359584,0.002942843197820186,2018-07-29,Ponderosa Pine Meadow
7,Exclusion,24,-19.391951257827373,1.4510749310397357,0.29619942996597004,0.13883333333333334,0.0014645571126562017,2.989514687642928e-4,2018-07-29,Ponderosa Pine Meadow
9,Addition,24,-2.8882341519964396,1.5875485869809074,0.3240569983316384,0.18508333333333332,0.019300634516865582,0.0039397255231891,2018-07-29,Ponderosa Pine Meadow
11,Ambient,24,-0.28456668659314327,0.09039410035666764,0.01845161846931422,0.24525,0.011840424492977994,0.002416916528812359,2018-07-29,Ponderosa Pine Meadow
12,Addition,24,-0.12979469928976545,0.021382836186407794,0.004364753159184906,0.2704166666666667,0.006085740044075005,0.0012422464846005476,2018-07-29,Ponderosa Pine Meadow
1,Exclusion,24,-25.628120602391476,2.063955875144405,0.4213032288102748,0.13379166666666667,0.0014738050920238288,3.008392046478322e-4,2018-07-30,Ponderosa Pine Meadow
3,Addition,24,-0.3958604292388498,0.03344320835468104,0.006826566319212658,0.23283333333333334,0.0026320213205603053,5.37259102291592e-4,2018-07-30,Ponderosa Pine Meadow
4,Exclusion,24,-56.274721593523346,13.26216894910432,2.707128900657383,0.12095833333333333,0.00387274946333959,7.905216739016154e-4,2018-07-30,Ponderosa Pine Meadow
5,Ambient,24,-0.06673774468222607,0.007821807785965806,0.001596619828478737,0.2950833333333333,0.004461591319411641,9.107185144491068e-4,2018-07-30,Ponderosa Pine Meadow
6,Ambient,24,-0.045740098485942696,0.00908394532010776,0.001854252573800601,0.31083333333333335,0.008009052848884942,0.001634841066896005,2018-07-30,Ponderosa Pine Meadow
7,Exclusion,24,-17.67349865575549,2.2929372767954077,0.46804386169629536,0.14066666666666666,0.0024435659378771774,4.987908083870419e-4,2018-07-30,Ponderosa Pine Meadow
9,Addition,24,-1.460605424447869,0.14234387255607442,0.029055821314511687,0.19579166666666667,0.002519129709394424,5.142151986585008e-4,2018-07-30,Ponderosa Pine Meadow
11,Ambient,24,-0.26790107444193506,0.037760173723523,0.0077077631851233735,0.24545833333333333,0.004652994983754079,9.497886238272664e-4,2018-07-30,Ponderosa Pine Meadow
12,Addition,24,-0.12672216035403322,0.01709670588867479,0.0034898504758074716,0.27108333333333334,0.004835706563783056,9.870844689246572e-4,2018-07-30,Ponderosa Pine Meadow
1,Exclusion,24,-30.3151821502804,2.307605805180124,0.4710380625146359,0.13083333333333333,0.001372609912179894,2.8018282506059745e-4,2018-07-31,Ponderosa Pine Meadow
3,Addition,24,-0.4667858443880261,0.021872201528424746,0.004464644441330248,0.22770833333333335,0.0013981094896064255,2.853879045065637e-4,2018-07-31,Ponderosa Pine Meadow
4,Exclusion,24,-48.10348828481443,7.489429496447335,1.5287733942371275,0.12320833333333334,0.002519129709394424,5.142151986585008e-4,2018-07-31,Ponderosa Pine Meadow
5,Ambient,24,-0.09059644973459507,0.008578142312141511,0.0017510059671437506,0.28325,0.0034922273943592094,7.128479318291091e-4,2018-07-31,Ponderosa Pine Meadow
6,Ambient,24,-0.07213684824494637,0.012314375657133215,0.0025136614050772226,0.292375,0.006539595121093213,0.0013348892642560618,2018-07-31,Ponderosa Pine Meadow
7,Exclusion,24,-17.402666606395112,1.1983968820673039,0.24462173920060026,0.14083333333333334,0.0013405601251996612,2.7364068968839197e-4,2018-07-31,Ponderosa Pine Meadow
9,Addition,24,-1.9837371708016596,0.1991080008833793,0.04064275048915847,0.188,0.0025366873297069277,5.177991328970975e-4,2018-07-31,Ponderosa Pine Meadow
11,Ambient,24,-0.3726588817132462,0.05152893669167548,0.01051830015689857,0.23491666666666666,0.004373006792333739,8.926362735785551e-4,2018-07-31,Ponderosa Pine Meadow
12,Addition,24,-0.17033199006235558,0.01923617030405641,0.0039265668208513784,0.26054166666666667,0.003945048262962251,8.052796045758858e-4,2018-07-31,Ponderosa Pine Meadow
1,Exclusion,24,-32.440161951965656,3.986026486128684,0.8136442493528572,0.12975,0.0021719556405110658,4.4334858860099367e-4,2018-08-01,Ponderosa Pine Meadow
3,Addition,24,-0.5786480153491822,0.08760754972725956,0.017882816203940794,0.22158333333333333,0.003966343915745462,8.096265614974147e-4,2018-08-01,Ponderosa Pine Meadow
4,Exclusion,24,-53.514921264823435,8.856058140740325,1.8077352981029076,0.1215,0.002620985543148092,5.350064336603541e-4,2018-08-01,Ponderosa Pine Meadow
5,Ambient,24,-0.10835959823180265,0.015285209194769361,0.003120080261573556,0.27687500000000004,0.005795894348963551,0.0011830819798367672,2018-08-01,Ponderosa Pine Meadow
6,Ambient,24,-0.08660495600366078,0.027745382893255732,0.005663502567218481,0.28741666666666665,0.014670042431006673,0.002994509871745404,2018-08-01,Ponderosa Pine Meadow
7,Exclusion,24,-23.27161214615458,5.12263715821987,1.0456539312549618,0.13587500000000002,0.0036273418222787053,7.404280489366776e-4,2018-08-01,Ponderosa Pine Meadow
9,Addition,24,-2.537299292472985,0.2207420357305227,0.045058779360249435,0.18191666666666667,0.0020834057958412553,4.252734272473483e-4,2018-08-01,Ponderosa Pine Meadow
11,Ambient,24,-0.45705025008020883,0.11423712742611972,0.023318555989607928,0.229375,0.007817552713911342,0.0015957512655327191,2018-08-01,Ponderosa Pine Meadow
12,Addition,24,-0.1957553700160068,0.03884131322983963,0.007928449862726727,0.2562916666666667,0.00701228218551389,0.0014313761072431235,2018-08-01,Ponderosa Pine Meadow
1,Exclusion,24,-34.74407547146417,1.9462867788567266,0.39728412511033867,0.12845833333333334,9.770927002733865e-4,1.9944821225566489e-4,2018-08-02,Ponderosa Pine Meadow
3,Addition,24,-0.524907859341508,0.016450245368571044,0.0033578922747151047,0.22416666666666668,9.168313422570855e-4,1.8714741406007204e-4,2018-08-02,Ponderosa Pine Meadow
4,Exclusion,24,-62.83673608714633,10.60504954104106,2.164746672707294,0.11895833333333333,0.0027263475593718293,5.565133651619374e-4,2018-08-02,Ponderosa Pine Meadow
5,Ambient,24,-0.0864848539166917,0.005880396899086713,0.001200330990650576,0.28491666666666665,0.0025352586124267524,5.175074972035036e-4,2018-08-02,Ponderosa Pine Meadow
6,Ambient,24,-0.05125585206881505,0.005661720343116215,0.0011556938255808356,0.3055833333333333,0.0043928466225530115,8.966860619636108e-4,2018-08-02,Ponderosa Pine Meadow
7,Exclusion,24,-30.69428146230294,6.81657175103467,1.3914268820920828,0.131,0.003683098884269111,7.51809411556113e-4,2018-08-02,Ponderosa Pine Meadow
9,Addition,24,-2.344637467791623,0.0763781003607722,0.015590614450581306,0.18375,7.939992333804213e-4,1.6207441482858742e-4,2018-08-02,Ponderosa Pine Meadow
11,Ambient,24,-0.37156261604087065,0.03557427672578167,0.00726156882889438,0.23483333333333334,0.002973311236676185,6.069246146950235e-4,2018-08-02,Ponderosa Pine Meadow
12,Addition,24,-0.14673452773104956,0.009265510563097096,0.0018913144238296273,0.26558333333333334,0.0022246966899599706,4.541143102383864e-4,2018-08-02,Ponderosa Pine Meadow
1,Exclusion,24,-38.2925953133098,4.590062299417316,0.9369425434298738,0.12691666666666668,0.0020834057958412553,4.252734272473483e-4,2018-08-03,Ponderosa Pine Meadow
3,Addition,24,-0.5591307075475503,0.015977798666561665,0.0032614544954997953,0.22229166666666667,8.586727202955218e-4,1.752758350643008e-4,2018-08-03,Ponderosa Pine Meadow
4,Exclusion,24,-56.55438047033423,12.435147189559668,2.538313790902123,0.12079166666666667,0.00346384012416813,7.070534045658871e-4,2018-08-03,Ponderosa Pine Meadow
5,Ambient,24,-0.10276330654705858,0.006931375892294389,0.0014148611792958088,0.27845833333333336,0.0023770490779200563,4.852131112047825e-4,2018-08-03,Ponderosa Pine Meadow
6,Ambient,24,-0.07587708835930844,0.015788491542297,0.0032228123405729555,0.29070833333333335,0.007909703268587344,0.0016145614187386065,2018-08-03,Ponderosa Pine Meadow
7,Exclusion,24,-26.819140443895627,1.6496676113367477,0.33673699108091587,0.13295833333333335,0.0010826363421183331,2.2099221793192973e-4,2018-08-03,Ponderosa Pine Meadow
9,Addition,24,-1.4328444562685645,0.9388775407624351,0.19164757548559003,0.20470833333333333,0.023687235907288474,0.004835136782482376,2018-08-03,Ponderosa Pine Meadow
11,Ambient,24,-0.5156067968354798,0.09900059237231947,0.02020841129545459,0.22529166666666667,0.005804639573626445,0.0011848670913459417,2018-08-03,Ponderosa Pine Meadow
12,Addition,24,-0.11924376729764904,0.03616374508752432,0.007381893554376364,0.2748333333333333,0.011499212323371146,0.0023472668863486284,2018-08-03,Ponderosa Pine Meadow
1,Exclusion,24,-43.15146490015977,5.223387394849845,1.0662194871889703,0.12491666666666666,0.0020198292365760885,4.1229591643055885e-4,2018-08-04,Ponderosa Pine Meadow
3,Addition,24,-0.6681925032424392,0.049668265616417205,0.010138492264103696,0.21716666666666667,0.0021802805297497395,4.450478995009884e-4,2018-08-04,Ponderosa Pine Meadow
4,Exclusion,24,-54.609889300103625,7.089615806762247,1.4471617665781342,0.12108333333333333,0.0020412414523193144,4.166666666666666e-4,2018-08-04,Ponderosa Pine Meadow
5,Ambient,24,-0.13847948007492997,0.01062819110327085,0.0021694704243167815,0.26766666666666666,0.0026484887678869247,5.4062050590129e-4,2018-08-04,Ponderosa Pine Meadow
6,Ambient,24,-0.13041471944756347,0.023090788800959584,0.004713387526726932,0.27033333333333337,0.0065519108840004945,0.0013374032088323898,2018-08-04,Ponderosa Pine Meadow
7,Exclusion,24,-28.771527512811705,1.4139589645981716,0.2886231650416287,0.13170833333333334,8.064504441319261e-4,1.6461600758034097e-4,2018-08-04,Ponderosa Pine Meadow
9,Addition,24,-1.1803108364206643,0.19345407820487964,0.03948864835520229,0.20166666666666666,0.004390371546787413,8.961808392385737e-4,2018-08-04,Ponderosa Pine Meadow
11,Ambient,24,-0.776024357820782,0.14804685601636067,0.03021993793861446,0.21337499999999998,0.005467791064994605,0.0011161081774488163,2018-08-04,Ponderosa Pine Meadow
12,Addition,24,-0.12712830833751426,0.018795972850106785,0.0038367118918306393,0.2710416666666667,0.005320012803733099,0.0010859430661849503,2018-08-04,Ponderosa Pine Meadow
1,Exclusion,24,-52.71178857196587,5.835908648096601,1.1912498644443559,0.121625,0.0018838558977475606,3.845404748678538e-4,2018-08-05,Ponderosa Pine Meadow
3,Addition,24,-0.9888542479115215,0.13129694319363172,0.026800876300965545,0.20633333333333334,0.003714444971900286,7.582079049001918e-4,2018-08-05,Ponderosa Pine Meadow
4,Exclusion,24,-62.01033507352013,6.160672150193035,1.2575419367123188,0.119,0.001560378995210984,3.185110286353023e-4,2018-08-05,Ponderosa Pine Meadow
5,Ambient,24,-0.20848022451302725,0.028304102453793546,0.005777550719937623,0.25375000000000003,0.004674165817229483,9.541101021142809e-4,2018-08-05,Ponderosa Pine Meadow
6,Ambient,24,-0.2314128671825938,0.056281125649314666,0.011488336665857293,0.2510833333333333,0.00867739024415034,0.00177126486643109,2018-08-05,Ponderosa Pine Meadow
7,Exclusion,24,-36.568496497287256,3.128592215768779,0.6386212118230767,0.127625,0.0014389760852470924,2.9372976341025375e-4,2018-08-05,Ponderosa Pine Meadow
9,Addition,24,-1.7613271005494302,0.22822443956842905,0.046586118647942196,0.19108333333333333,0.0032825847009392765,6.700547962306454e-4,2018-08-05,Ponderosa Pine Meadow
11,Ambient,24,-1.206507777725695,0.3276113417690485,0.06687338510689321,0.20179166666666667,0.007424865196648737,0.0015155942617282407,2018-08-05,Ponderosa Pine Meadow
12,Addition,24,-0.18591312742680235,0.028749125990391134,0.005868390768953697,0.25775000000000003,0.005439389351916186,0.0011103107020435613,2018-08-05,Ponderosa Pine Meadow
1,Exclusion,24,-71.64273832815283,12.291771574068699,2.509047365942927,0.11691666666666667,0.002764946208560279,5.643922814346368e-4,2018-08-06,Ponderosa Pine Meadow
3,Addition,24,-1.7667113319928103,0.43321963139558683,0.08843058695631661,0.19166666666666668,0.0065981991394666204,0.00134685175941369,2018-08-06,Ponderosa Pine Meadow
4,Exclusion,24,-75.62189500614853,6.002675668815347,1.2252910400014456,0.115875,0.0012269616060043172,2.504524890580292e-4,2018-08-06,Ponderosa Pine Meadow
5,Ambient,24,-0.37320055534960794,0.08519535412684474,0.017390428838873893,0.23550000000000001,0.007604346583140569,0.0015522307463309278,2018-08-06,Ponderosa Pine Meadow
6,Ambient,24,-0.46720722763911016,0.14684099639432385,0.029973792873996496,0.22954166666666667,0.010750042130015182,0.0021943431609966015,2018-08-06,Ponderosa Pine Meadow
7,Exclusion,24,-46.83847454606116,4.170130762908015,0.8512243774839812,0.1235,0.0014142135623730963,2.8867513459481317e-4,2018-08-06,Ponderosa Pine Meadow
9,Addition,24,-2.5357340545359452,0.3477230618607397,0.07097867277975355,0.18208333333333332,0.003348155451518978,6.834393696449431e-4,2018-08-06,Ponderosa Pine Meadow
11,Ambient,24,-1.959700908377089,0.5460689675457148,0.11146586123795238,0.18925,0.0071277168733113305,0.0014549391142198909,2018-08-06,Ponderosa Pine Meadow
12,Addition,24,-0.27218359420076094,0.04981616985016811,0.010168683089394283,0.24520833333333333,0.0061994331204145445,0.001265453986627145,2018-08-06,Ponderosa Pine Meadow
1,Exclusion,24,-97.32721036837627,22.28236496590164,4.548368702410609,0.11241666666666666,0.003348155451518978,6.834393696449431e-4,2018-08-07,Ponderosa Pine Meadow
3,Addition,24,-3.8887861993624537,1.3872673877675052,0.2831747697361765,0.17341666666666666,0.008355766905539554,0.0017056137773505228,2018-08-07,Ponderosa Pine Meadow
4,Exclusion,24,-95.28904540594789,10.41756505299636,2.126476561840924,0.11241666666666666,0.0016396358733272013,3.346892711345265e-4,2018-08-07,Ponderosa Pine Meadow
5,Ambient,24,-0.6999427381477349,0.19224605812030796,0.03924206228801609,0.21708333333333332,0.008737309637991839,0.0017834958614818012,2018-08-07,Ponderosa Pine Meadow
6,Ambient,24,-0.9535473739475944,0.28580546328297024,0.05833979589525249,0.208625,0.009296153949933782,0.0018975694789746774,2018-08-07,Ponderosa Pine Meadow
7,Exclusion,24,-64.77944057916665,8.54745499075302,1.7447419438958673,0.118375,0.002060234262745693,4.2054355786050324e-4,2018-08-07,Ponderosa Pine Meadow
9,Addition,24,-3.553531964258792,0.4700440635374811,0.09594734269093205,0.17408333333333334,0.0030775013391960678,6.281923303135219e-4,2018-08-07,Ponderosa Pine Meadow
11,Ambient,24,-3.3001722322763,0.9181912544125693,0.1874250049664007,0.17658333333333334,0.0066261449653210285,0.0013525561772290216,2018-08-07,Ponderosa Pine Meadow
12,Addition,24,-0.43055801652866005,0.088810983236277,0.01812846604031244,0.230875,0.00658266828414818,0.0013436815368470926,2018-08-07,Ponderosa Pine Meadow
1,Exclusion,24,-131.7328640097845,18.178717999740577,3.7107152731093733,0.10775,0.0021110475454452567,4.3091577575798013e-4,2018-08-08,Ponderosa Pine Meadow
3,Addition,24,-10.431066393679822,4.181876303760581,0.8536219259707979,0.15233333333333332,0.007636677325886583,0.0015588302315586713,2018-08-08,Ponderosa Pine Meadow
4,Exclusion,24,-127.48664105629972,15.066428372906362,3.075421813317632,0.10816666666666666,0.0016854019432007703,3.4403123102809364e-4,2018-08-08,Ponderosa Pine Meadow
5,Ambient,24,-1.2216047929748821,0.2681110817560184,0.054727945390655765,0.201125,0.006306052992786058,0.0012872176769397176,2018-08-08,Ponderosa Pine Meadow
6,Ambient,24,-1.4933137582357332,0.33634865173613604,0.06865688103555138,0.19575,0.005542327246234009,0.001131322811733162,2018-08-08,Ponderosa Pine Meadow
7,Exclusion,24,-89.21656102247728,10.729177636807819,2.1900842141549512,0.11341666666666667,0.0017173454405910436,3.505516701286016e-4,2018-08-08,Ponderosa Pine Meadow
9,Addition,24,-4.807366211370562,0.3439337946294155,0.07020519184510411,0.16708333333333333,0.0016129008882638522,3.2923201516068195e-4,2018-08-08,Ponderosa Pine Meadow
11,Ambient,24,-4.7445095785533615,0.5274624359555115,0.1076678188813712,0.16745833333333335,0.002431302507722549,4.962875461891169e-4,2018-08-08,Ponderosa Pine Meadow
12,Addition,24,-0.6487377706757934,0.07750387675054415,0.015820412593865796,0.21816666666666668,0.0035833754631834146,7.314534534673912e-4,2018-08-08,Ponderosa Pine Meadow
1,Exclusion,24,-153.81788135340784,36.42066856125211,7.434337838841068,0.10583333333333333,0.0033836777864209916,6.906903358934591e-4,2018-08-09,Ponderosa Pine Meadow
3,Addition,24,-11.757021864030639,6.175678608314184,1.2606051171492574,0.15333333333333332,0.01574709543035647,0.003214362394607169,2018-08-09,Ponderosa Pine Meadow
4,Exclusion,24,-167.2405049948501,21.860881318557627,4.462333713167276,0.104375,0.001974015990420237,4.0294432671869563e-4,2018-08-09,Ponderosa Pine Meadow
5,Ambient,24,-1.37425359949504,0.39601058341561657,0.08083532184251126,0.19858333333333333,0.00833492738377207,0.001701359927782693,2018-08-09,Ponderosa Pine Meadow
6,Ambient,24,-1.2028579612177799,0.8650388838499168,0.17657532275824836,0.21583333333333335,0.03419848288863204,0.006980736087870852,2018-08-09,Ponderosa Pine Meadow
7,Exclusion,24,-130.81558147197384,42.451590356602566,8.665394595277606,0.10841666666666666,0.00424178660745545,8.658510655030983e-4,2018-08-09,Ponderosa Pine Meadow
9,Addition,24,-4.156483389567229,2.282298196917552,0.46587216861017383,0.17766666666666667,0.021618564217833237,0.00441287094210683,2018-08-09,Ponderosa Pine Meadow
11,Ambient,24,-3.755162177079768,2.226385141055918,0.4544589638751126,0.18095833333333333,0.022745241579124928,0.0046428529954326645,2018-08-09,Ponderosa Pine Meadow
12,Addition,24,-0.6542697669960884,0.24539456417363623,0.05009095565650586,0.220625,0.01358327776284534,0.0027726749627887083,2018-08-09,Ponderosa Pine Meadow
1,Exclusion,24,-126.19821441962391,25.181985843648587,5.140251335577368,0.10854166666666666,0.003064227921291627,6.254829052294717e-4,2018-08-10,Ponderosa Pine Meadow
3,Addition,24,-5.285345081184018,0.5123376958928093,0.10458049424421698,0.16504166666666667,0.0021157621027332743,4.318781307345437e-4,2018-08-10,Ponderosa Pine Meadow
4,Exclusion,24,-171.25411322510337,40.45852586043689,8.258562008605677,0.10433333333333333,0.0033318837427740947,6.801179210059309e-4,2018-08-10,Ponderosa Pine Meadow
5,Ambient,24,-0.9592352852755441,0.07822893023517104,0.015968413516662693,0.207,0.002284160962880645,4.662524041201573e-4,2018-08-10,Ponderosa Pine Meadow
6,Ambient,24,-0.20423048648438075,0.053849951450265304,0.010992075310566417,0.2554166666666667,0.009141004923666375,0.0018658998166042765,2018-08-10,Ponderosa Pine Meadow
7,Exclusion,24,-143.14733516365965,68.62001945169371,14.007002816375493,0.108125,0.006622179465218775,0.001351746722910232,2018-08-10,Ponderosa Pine Meadow
9,Addition,24,-2.214064983559338,0.334792803830483,0.06833929491169907,0.18545833333333334,0.0038558726150105674,7.870767016622446e-4,2018-08-10,Ponderosa Pine Meadow
11,Ambient,24,-1.1925139740153845,0.21023144468422256,0.042913313947041024,0.20145833333333332,0.004763805262572145,9.724076772739162e-4,2018-08-10,Ponderosa Pine Meadow
12,Addition,24,-0.396845824365673,0.06689591520471463,0.013655071510670146,0.233125,0.005318650531691359,0.0010856649935688568,2018-08-10,Ponderosa Pine Meadow
1,Exclusion,24,-110.56947437959309,23.804705544436146,4.85911517175585,0.1105,0.0032168037066250313,6.566273069937436e-4,2018-08-11,Ponderosa Pine Meadow
3,Addition,24,-6.929244001695841,0.6585788918094125,0.13443185335838903,0.15920833333333334,0.0020425722629261785,4.169383172442583e-4,2018-08-11,Ponderosa Pine Meadow
4,Exclusion,24,-153.64982893318194,37.50420273920495,7.655513326745275,0.105875,0.003480535940739963,7.104614238525616e-4,2018-08-11,Ponderosa Pine Meadow
5,Ambient,24,-1.104206911053894,0.03811693580777078,0.0077805869406216135,0.20308333333333334,9.286112429750607e-4,1.8955197622504575e-4,2018-08-11,Ponderosa Pine Meadow
6,Ambient,24,-0.29315771078709607,0.07681444945611073,0.01567968383669001,0.24345833333333333,0.008861147077903166,0.0018087740730514117,2018-08-11,Ponderosa Pine Meadow
7,Exclusion,24,-103.41764834443238,39.47643333560817,8.058093211436345,0.11208333333333334,0.004933617304792189,0.0010070704152421715,2018-08-11,Ponderosa Pine Meadow
9,Addition,24,-3.365455572809586,0.2738402940185064,0.05589741594658843,0.17520833333333333,0.001933214639035127,3.9461578574290234e-4,2018-08-11,Ponderosa Pine Meadow
11,Ambient,24,-1.8036396935795036,0.3144756441954994,0.06419207206766735,0.19066666666666668,0.004390371546787426,8.961808392385763e-4,2018-08-11,Ponderosa Pine Meadow
12,Addition,24,-0.5309224704226502,0.07357521462343532,0.015018477795264643,0.22412500000000002,0.00415265760897661,8.476576848732271e-4,2018-08-11,Ponderosa Pine Meadow
1,Exclusion,24,-122.50454536758508,18.773079968995443,3.8320389020418903,0.10883333333333334,0.0023713262967793173,4.8404495339607974e-4,2018-08-12,Ponderosa Pine Meadow
3,Addition,24,-9.921662923662371,1.1420177229402266,0.23311339153489055,0.15183333333333332,0.0022586388102931215,4.610427165387502e-4,2018-08-12,Ponderosa Pine Meadow
4,Exclusion,24,-146.15537951285333,22.38110751773737,4.568524441402097,0.10629166666666666,0.0021362129568705123,4.3605264385457033e-4,2018-08-12,Ponderosa Pine Meadow
5,Ambient,24,-1.3208815365272577,0.15735508759110897,0.032119972752430836,0.1985,0.003230291412348992,6.593804733957869e-4,2018-08-12,Ponderosa Pine Meadow
6,Ambient,24,-0.5883902397584305,0.16885499098675538,0.034467380703316945,0.22225,0.009223080688756035,0.0018826534619974598,2018-08-12,Ponderosa Pine Meadow
7,Exclusion,24,-87.08021120391396,8.780788608109738,1.7923709690926821,0.11375,0.001452134860188239,2.964157870974147e-4,2018-08-12,Ponderosa Pine Meadow
9,Addition,24,-4.647454514334176,0.4202825972862187,0.0857898259269055,0.167875,0.002070759155059047,4.2269194250762473e-4,2018-08-12,Ponderosa Pine Meadow
11,Ambient,24,-2.902906268609303,0.5369811680748978,0.10961082193893268,0.17904166666666665,0.004427966131077681,9.038548016221745e-4,2018-08-12,Ponderosa Pine Meadow
12,Addition,24,-0.7349507271913406,0.07100607315878063,0.014494053989812093,0.2145,0.00284375746535093,5.804795618616827e-4,2018-08-12,Ponderosa Pine Meadow
1,Exclusion,24,-104.41712281656537,47.21997404717519,9.638736840253626,0.113625,0.009867877177995277,0.0020142719942119708,2018-08-13,Ponderosa Pine Meadow
3,Addition,24,-14.533789641903882,5.064632116697297,1.0338137017350237,0.14591666666666667,0.008586727202955209,0.0017527583506430063,2018-08-13,Ponderosa Pine Meadow
4,Exclusion,24,-181.3170015426488,26.65403314491142,5.440731732688615,0.10329166666666667,0.0021362129568705092,4.360526438545697e-4,2018-08-13,Ponderosa Pine Meadow
5,Ambient,24,-1.3089542503879943,0.4304051732883739,0.0878560881008907,0.200625,0.01106821732631812,0.002259290400975941,2018-08-13,Ponderosa Pine Meadow
6,Ambient,24,-0.531793559856911,0.38397241305538504,0.07837804060757261,0.23783333333333334,0.034531229301915226,0.007048657665061273,2018-08-13,Ponderosa Pine Meadow
7,Exclusion,24,-103.55460991124156,12.487709803977799,2.5490430896413794,0.11120833333333334,0.0018645238736370005,3.805943419706826e-4,2018-08-13,Ponderosa Pine Meadow
9,Addition,24,-4.752639350377806,2.28591384543693,0.466610209773651,0.17320833333333333,0.019642410121019232,0.004009490176248092,2018-08-13,Ponderosa Pine Meadow
11,Ambient,24,-2.8741997286108023,1.7211984179616564,0.35133815584097594,0.19229166666666667,0.03402362244173849,0.006945042848613832,2018-08-13,Ponderosa Pine Meadow
12,Addition,24,-0.7441022838904278,0.2650908466767245,0.0541114424866954,0.21687499999999998,0.013762938576512996,0.002809348072810292,2018-08-13,Ponderosa Pine Meadow
1,Exclusion,24,-39.60526955055754,3.5871655989222724,0.7322271116853986,0.12629166666666666,0.0015736738147921008,3.212248223183105e-4,2018-08-14,Ponderosa Pine Meadow
3,Addition,24,-7.291512621402209,0.4900204219648574,0.10002499977976692,0.15808333333333333,0.0014719601443879758,3.0046260628866607e-4,2018-08-14,Ponderosa Pine Meadow
4,Exclusion,24,-215.43126573997304,31.29903837278474,6.38888945442611,0.10095833333333333,0.002156469874317878,4.401875698135476e-4,2018-08-14,Ponderosa Pine Meadow
5,Ambient,24,-0.6025458989238796,0.08306039096709311,0.016954631308787927,0.220375,0.003954221739510497,8.071521326351016e-4,2018-08-14,Ponderosa Pine Meadow
6,Ambient,24,-0.0793080054791967,0.008598987281456076,0.0017552609286874722,0.28833333333333333,0.003726131770484562,7.605934626717049e-4,2018-08-14,Ponderosa Pine Meadow
7,Exclusion,24,-91.2382848622072,17.432980397730947,3.5584922225318474,0.11329166666666667,0.003071314216177295,6.269293891158701e-4,2018-08-14,Ponderosa Pine Meadow
9,Addition,24,-2.0939072184402856,0.3095461090858457,0.06318583492701849,0.18683333333333332,0.003886058321147837,7.932383331257371e-4,2018-08-14,Ponderosa Pine Meadow
11,Ambient,24,-0.4556780821592269,0.08344517553609353,0.017033175130033575,0.22895833333333335,0.005598751154744564,0.0011428402938285238,2018-08-14,Ponderosa Pine Meadow
12,Addition,24,-0.34267616761129227,0.03493451405983492,0.007130977821556697,0.237375,0.002946073289327155,6.013646919745305e-4,2018-08-14,Ponderosa Pine Meadow
1,Exclusion,24,-51.75692626106528,5.708737348140252,1.1652911315427323,0.12191666666666666,0.001839580922659968,3.7550288342293387e-4,2018-08-15,Ponderosa Pine Meadow
3,Addition,24,-6.968673234922891,0.6429593805197871,0.13124353396745375,0.15908333333333333,0.001998187584584694,4.078783327164085e-4,2018-08-15,Ponderosa Pine Meadow
4,Exclusion,24,-194.56309578234857,49.30179334325357,10.063686424592968,0.10266666666666667,0.003643537061543433,7.437338883084168e-4,2018-08-15,Ponderosa Pine Meadow
5,Ambient,24,-0.5897692834249435,0.06715483797140256,0.013707923899101407,0.22091666666666668,0.003361116101725048,6.860849512899072e-4,2018-08-15,Ponderosa Pine Meadow
6,Ambient,24,-0.10376340632530043,0.027204751961235223,0.0055531467403338525,0.2793333333333333,0.009342128361291138,0.0019069539663955385,2018-08-15,Ponderosa Pine Meadow
7,Exclusion,24,-76.30384108471968,14.275701377613226,2.914015341291607,0.116,0.003064523510731492,6.255432421712237e-4,2018-08-15,Ponderosa Pine Meadow
9,Addition,24,-2.897708786553841,0.21106301079382991,0.043083056668368466,0.17870833333333333,0.0017564580631305256,3.5853550077225254e-4,2018-08-15,Ponderosa Pine Meadow
11,Ambient,24,-0.6923566207450996,0.161759745030247,0.03301906968723436,0.21691666666666667,0.0067625353276689875,0.001380396743361172,2018-08-15,Ponderosa Pine Meadow
12,Addition,24,-0.40124657528141233,0.0686370952159105,0.014010488392150428,0.23279166666666667,0.005332257590785789,0.0010884425228756278,2018-08-15,Ponderosa Pine Meadow
1,Exclusion,24,-60.230140942269365,7.251329700039826,1.480171476815548,0.1195,0.0018881783261398624,3.8542278686875864e-4,2018-08-16,Ponderosa Pine Meadow
3,Addition,24,-8.414145601640627,1.758242500733529,0.35889974757268533,0.15545833333333334,0.00372977638526199,7.613374165478471e-4,2018-08-16,Ponderosa Pine Meadow
4,Exclusion,24,-142.0675639121343,43.07022282182507,8.791672418453873,0.10733333333333334,0.004842445184234808,9.884599840644134e-4,2018-08-16,Ponderosa Pine Meadow
5,Ambient,24,-0.7858753075337284,0.09389284685009007,0.01916579710666729,0.21266666666666667,0.003344907442232366,6.827763725256081e-4,2018-08-16,Ponderosa Pine Meadow
6,Ambient,24,-0.1907873836818514,0.0404076716732275,0.008248181441110097,0.2572083333333333,0.007021576477678225,0.0014332732966867042,2018-08-16,Ponderosa Pine Meadow
7,Exclusion,24,-76.85567500720657,16.10472219100778,3.2873626514371828,0.11591666666666667,0.0030775013391960704,6.281923303135225e-4,2018-08-16,Ponderosa Pine Meadow
9,Addition,24,-3.870658468191749,0.42413272535590746,0.08657573002816418,0.17204166666666665,0.0024223446540879274,4.944590319728371e-4,2018-08-16,Ponderosa Pine Meadow
11,Ambient,24,-1.229402508039501,0.2679062743693046,0.05468613925790562,0.200875,0.005795894348963561,0.0011830819798367691,2018-08-16,Ponderosa Pine Meadow
12,Addition,24,-0.5045636428037323,0.026111717255835998,0.0053300319653854,0.225375,0.001555145736215603,3.1744279411609284e-4,2018-08-16,Ponderosa Pine Meadow
1,Exclusion,24,-44.78183964491101,38.74149967264666,7.908075505682155,0.1605,0.054408279421106646,0.011106043530373484,2018-08-17,Ponderosa Pine Meadow
3,Addition,24,-9.292268309895979,4.9332262222258985,1.0069905858476123,0.15729166666666666,0.013760305755787317,0.0028088106505301134,2018-08-17,Ponderosa Pine Meadow
4,Exclusion,24,-90.12350392889729,55.377450692797204,11.303874787790663,0.11791666666666667,0.012924249760974836,0.0026381514352229836,2018-08-17,Ponderosa Pine Meadow
5,Ambient,24,-0.5991177652155821,0.33782183738639626,0.06895759379717871,0.22754166666666667,0.021881060237142293,0.004466452717675076,2018-08-17,Ponderosa Pine Meadow
6,Ambient,24,-0.13180993197956792,0.08588790850145807,0.01753179590861847,0.281625,0.03191403194180592,0.006514424491025694,2018-08-17,Ponderosa Pine Meadow
7,Exclusion,24,-73.31842886699603,35.936154688498995,7.335436858712326,0.11883333333333333,0.009092121131323905,0.0018559214542766744,2018-08-17,Ponderosa Pine Meadow
9,Addition,24,-3.1822482079371524,2.1027060151148556,0.42921306800936077,0.18695833333333334,0.025856593081786727,0.00527795496142959,2018-08-17,Ponderosa Pine Meadow
11,Ambient,24,-0.995397011436123,0.7028908872485161,0.1434770015509173,0.22075,0.03379638519389186,0.006898658239632282,2018-08-17,Ponderosa Pine Meadow
12,Addition,24,-0.3456653143121398,0.18538391613545277,0.03784133342089738,0.243875,0.021959077552495734,0.004482377935484887,2018-08-17,Ponderosa Pine Meadow
1,Exclusion,24,-1.2148136699495327,0.3106922792262353,0.06341979592721589,0.2015,0.0070894900779405355,0.0014471361022898714,2018-08-18,Ponderosa Pine Meadow
3,Addition,24,-3.929404071299023,0.19484537106407154,0.039772644820852125,0.1715833333333333,0.0010598058340078541,2.1633195997866752e-4,2018-08-18,Ponderosa Pine Meadow
4,Exclusion,24,-35.36873407915118,4.675289972121312,0.9543395692706838,0.12829166666666666,0.0023121449982113217,4.719646214121719e-4,2018-08-18,Ponderosa Pine Meadow
5,Ambient,24,-0.19992168413978612,0.014790901225547165,0.0030191800698747434,0.2549166666666667,0.0024480101354341687,4.996979764146046e-4,2018-08-18,Ponderosa Pine Meadow
6,Ambient,24,-0.05410689876871661,0.012341043527332247,0.0025191049612867562,0.3042083333333333,0.008777338244973062,0.0017916666666666682,2018-08-18,Ponderosa Pine Meadow
7,Exclusion,24,-32.78612690627596,7.951445461973863,1.6230820082837358,0.12995833333333334,0.004091126842396816,8.350977697396611e-4,2018-08-18,Ponderosa Pine Meadow
9,Addition,24,-1.3223546856672546,0.1540873591552615,0.03145295047861339,0.19845833333333335,0.0031204677278542235,6.369628076720709e-4,2018-08-18,Ponderosa Pine Meadow
11,Ambient,24,-0.33384482723137887,0.060270496064498795,0.01230266349187031,0.23858333333333334,0.005578816039788104,0.001138771055527936,2018-08-18,Ponderosa Pine Meadow
12,Addition,24,-0.1601930218595085,0.02222573619309732,0.0045368094025663944,0.2627916666666667,0.00480922272185494,9.816784773286227e-4,2018-08-18,Ponderosa Pine Meadow
1,Exclusion,24,-2.644781725078378,0.6295633254493787,0.12850907567672673,0.18162499999999998,0.006127716788778536,0.0012508149517327749,2018-08-19,Ponderosa Pine Meadow
3,Addition,24,-4.773291880252615,0.24031854321701573,0.049054817217556335,0.16720833333333335,0.0011025333147551277,2.2505367046411857e-4,2018-08-19,Ponderosa Pine Meadow
4,Exclusion,24,-39.11267010782364,5.88035863307387,1.200323179633413,0.126625,0.002481452940446823,5.065244604019708e-4,2018-08-19,Ponderosa Pine Meadow
5,Ambient,24,-0.27691739651009045,0.030891788342398717,0.006305759890077885,0.24425,0.0036860489038724317,7.524115817860583e-4,2018-08-19,Ponderosa Pine Meadow
6,Ambient,24,-0.0954360367420716,0.020848235784162693,0.004255628309035977,0.28208333333333335,0.008123592408730763,0.0016582213566447748,2018-08-19,Ponderosa Pine Meadow
7,Exclusion,24,-30.17583715146032,2.450991020356767,0.5003064470014648,0.13091666666666668,0.0013805061033727011,2.8179462833841714e-4,2018-08-19,Ponderosa Pine Meadow
9,Addition,24,-1.930425420854045,0.2365218927911178,0.048279829194625465,0.18875,0.003110291472431206,6.348855882321857e-4,2018-08-19,Ponderosa Pine Meadow
11,Ambient,24,-0.5919853922359899,0.15904354946039348,0.032464628588255245,0.22179166666666666,0.008107855378617692,0.001655009048824455,2018-08-19,Ponderosa Pine Meadow
12,Addition,24,-0.23591280948697066,0.03601106386726751,0.007350727630798475,0.24970833333333334,0.005179215709189847,0.0010572029796101696,2018-08-19,Ponderosa Pine Meadow
1,Exclusion,24,-5.07774967385309,0.9956902209621727,0.20324441526969655,0.16629166666666667,0.004486493417849375,9.158016340071907e-4,2018-08-20,Ponderosa Pine Meadow
3,Addition,24,-6.041120279669976,0.4198623956176142,0.08570405262047656,0.16208333333333333,0.0014719601443879758,3.0046260628866607e-4,2018-08-20,Ponderosa Pine Meadow
4,Exclusion,24,-42.160741979861676,3.995608512565186,0.815600172308798,0.12525,0.001567329492841387,3.1992979302304485e-4,2018-08-20,Ponderosa Pine Meadow
5,Ambient,24,-0.39922070510739305,0.059206340384926795,0.012085443623383969,0.23283333333333334,0.004715069888980537,9.624596107969704e-4,2018-08-20,Ponderosa Pine Meadow
6,Ambient,24,-0.16891198026551846,0.03194767997943022,0.006521292867944485,0.2612916666666667,0.006785400995274101,0.0013850641782162233,2018-08-20,Ponderosa Pine Meadow
7,Exclusion,24,-37.111130799534386,3.131832023822894,0.6392825348728385,0.12737500000000002,0.0014389760852470924,2.9372976341025375e-4,2018-08-20,Ponderosa Pine Meadow
9,Addition,24,-2.608191770229581,0.22193509893070754,0.045302312366194836,0.18125,0.00206944647083518,4.224239919624684e-4,2018-08-20,Ponderosa Pine Meadow
11,Ambient,24,-1.0063362683814498,0.22572919270041805,0.046076778513866795,0.20633333333333334,0.00614085864741537,0.0012534975223937777,2018-08-20,Ponderosa Pine Meadow
12,Addition,24,-0.3341930830423515,0.04807421679366165,0.009813108410700752,0.238375,0.004679395167159401,9.551775386988441e-4,2018-08-20,Ponderosa Pine Meadow
1,Exclusion,24,-9.088625673095665,1.3238399805159098,0.270227704446667,0.15370833333333334,0.0029996980524374644,6.123108009076871e-4,2018-08-21,Ponderosa Pine Meadow
3,Addition,24,-8.457166170835352,0.7852674454676398,0.1602920460845444,0.15504166666666666,0.0018991798382383435,3.8766846112211985e-4,2018-08-21,Ponderosa Pine Meadow
4,Exclusion,24,-55.01467005012144,7.1428885433428135,1.4580360183968082,0.12095833333333333,0.001966660525659779,4.014428987616835e-4,2018-08-21,Ponderosa Pine Meadow
5,Ambient,24,-0.44100593759657797,0.03520131818224515,0.007185438984988041,0.2295,0.002377430106868231,4.852908884131373e-4,2018-08-21,Ponderosa Pine Meadow
6,Ambient,24,-0.1621944638405984,0.04592671752118829,0.009374751957320933,0.26358333333333334,0.01022748499267354,0.002087676632001894,2018-08-21,Ponderosa Pine Meadow
7,Exclusion,24,-46.4285934531676,10.227450638168577,2.0876696194179334,0.12391666666666666,0.0029915339480471948,6.106443100774391e-4,2018-08-21,Ponderosa Pine Meadow
9,Addition,24,-2.0868626259196077,0.14589769827039661,0.029781242950750964,0.18666666666666668,0.001736229464564864,3.54406355380797e-4,2018-08-21,Ponderosa Pine Meadow
11,Ambient,24,-1.325155312396201,0.10762359302679987,0.02196857393338479,0.19829166666666667,0.0020103896803024715,4.1036907507483806e-4,2018-08-21,Ponderosa Pine Meadow
12,Addition,24,-0.3782382112261137,0.02640222060320203,0.005389330712853506,0.23420833333333332,0.0022062986251159124,4.5035882097817134e-4,2018-08-21,Ponderosa Pine Meadow
1,Exclusion,24,-12.383200750370689,2.2021393116665515,0.4495098046755689,0.14766666666666667,0.003795496950525623,7.747525707564454e-4,2018-08-22,Ponderosa Pine Meadow
3,Addition,24,-6.975648368245222,3.1706555781418566,0.6472073597130622,0.162375,0.012873337798992013,0.0026277590745011595,2018-08-22,Ponderosa Pine Meadow
4,Exclusion,24,-68.13225190977798,5.719259855381732,1.1674390293390964,0.11750000000000001,0.0013513278493843476,2.7583864218368425e-4,2018-08-22,Ponderosa Pine Meadow
5,Ambient,24,-0.33793977534939934,0.15130895258550103,0.030885810612454254,0.24208333333333334,0.0173253186598881,0.0035365158623204915,2018-08-22,Ponderosa Pine Meadow
6,Ambient,24,-0.0977090169656003,0.055565853702969605,0.011342332391201228,0.2894583333333333,0.027745707332167958,0.00566356879303412,2018-08-22,Ponderosa Pine Meadow
7,Exclusion,24,-47.74367431552722,9.50583890674165,1.9403712415510777,0.12345833333333334,0.003189373206333083,6.510280795683654e-4,2018-08-22,Ponderosa Pine Meadow
9,Addition,24,-1.140408506082864,0.7108372530653749,0.14509904668098386,0.21241666666666667,0.027008721082138518,0.005513132104699173,2018-08-22,Ponderosa Pine Meadow
11,Ambient,24,-0.869352941781032,0.5745089996510212,0.11727115848181675,0.22216666666666668,0.031053483549832377,0.00633876578608338,2018-08-22,Ponderosa Pine Meadow
12,Addition,24,-0.29541046574263424,0.12259792904541982,0.02502519747360131,0.24633333333333335,0.01812916618784954,0.003700600551862422,2018-08-22,Ponderosa Pine Meadow
1,Exclusion,24,-9.426394339783114,0.7110880839252774,0.14515024731585924,0.15279166666666666,0.0015316704909195148,3.126509297359189e-4,2018-08-23,Ponderosa Pine Meadow
3,Addition,24,-2.523311590701442,0.15515305537330173,0.03167048480819776,0.182,0.0014446302370292317,2.9488391230979457e-4,2018-08-23,Ponderosa Pine Meadow
4,Exclusion,24,-69.87884046672572,8.241134644090677,1.6822145649662676,0.11716666666666667,0.001903467469067198,3.8854367010012983e-4,2018-08-23,Ponderosa Pine Meadow
5,Ambient,24,-0.12026247465566167,0.0059931952194183374,0.0012233558513718664,0.27266666666666667,0.0018097962092016287,3.694231042472724e-4,2018-08-23,Ponderosa Pine Meadow
6,Ambient,24,-0.037738199448727784,0.0028443132339490604,5.805930076517228e-4,0.318125,0.0031802720693020316,6.491703177512633e-4,2018-08-23,Ponderosa Pine Meadow
7,Exclusion,24,-36.402324766233626,6.339778462745134,1.2941018596676592,0.12795833333333334,0.003316351671007935,6.769474501329825e-4,2018-08-23,Ponderosa Pine Meadow
9,Addition,24,-0.3330239648188645,0.03713685343385281,0.007580528463788727,0.23833333333333334,0.0035590260840104295,7.264831572567775e-4,2018-08-23,Ponderosa Pine Meadow
11,Ambient,24,-0.23080851085705067,0.029322774225743378,0.00598548622465878,0.2502916666666667,0.004206404709453214,8.586287658167085e-4,2018-08-23,Ponderosa Pine Meadow
12,Addition,24,-0.12943089210071232,0.00981439159824099,0.0020033542959623923,0.27008333333333334,0.002749176424766655,5.611732877972709e-4,2018-08-23,Ponderosa Pine Meadow
1,Exclusion,24,-12.021361725596492,0.7537583122993328,0.1538602712095646,0.14791666666666667,0.0012481870911416912,2.547851230688287e-4,2018-08-24,Ponderosa Pine Meadow
3,Addition,24,-2.2174122398078273,0.38527577465901336,0.07864408818084137,0.18554166666666666,0.0045776314994686465,9.344051170158025e-4,2018-08-24,Ponderosa Pine Meadow
4,Exclusion,24,-67.50569210533074,9.14751671201803,1.867229029835489,0.11775000000000001,0.0022506037837221214,4.594025736080289e-4,2018-08-24,Ponderosa Pine Meadow
5,Ambient,24,-0.10990533798422411,0.009149957646602022,0.0018677272835210135,0.2760416666666667,0.0031412980793277747,6.412147853614902e-4,2018-08-24,Ponderosa Pine Meadow
6,Ambient,24,-0.04176636874563794,0.0054198354086037945,0.001106319270079006,0.314125,0.005471765472980764,0.001116919450081794,2018-08-24,Ponderosa Pine Meadow
7,Exclusion,24,-38.022156667195325,6.5747591709949615,1.3420670958851493,0.12720833333333334,0.0032165221113422556,6.565698265973457e-4,2018-08-24,Ponderosa Pine Meadow
9,Addition,24,-0.3907343663409004,0.021385493190899482,0.004365295517955649,0.23316666666666666,0.0017110044511584495,3.4925732108074864e-4,2018-08-24,Ponderosa Pine Meadow
11,Ambient,24,-0.25710281423963804,0.03292769781551084,0.006721338171046489,0.24675,0.004356404580564717,8.892473612922441e-4,2018-08-24,Ponderosa Pine Meadow
12,Addition,24,-0.1432508348680451,0.01272301296172922,0.0025970741455877623,0.2665,0.003021660931112012,6.167939547439618e-4,2018-08-24,Ponderosa Pine Meadow
1,Exclusion,24,-10.141931677352558,4.874563405213037,0.9950160884679646,0.15466666666666667,0.0122285008027991,0.0024961322738393547,2018-08-25,Ponderosa Pine Meadow
3,Addition,24,-1.1131637028009256,0.6833038957217819,0.1394788236478576,0.21170833333333333,0.02381902631286076,0.004862038386369588,2018-08-25,Ponderosa Pine Meadow
4,Exclusion,24,-68.16519344520934,14.526518575657576,2.9652131874518783,0.11783333333333333,0.00345991538809168,7.062522711690208e-4,2018-08-25,Ponderosa Pine Meadow
5,Ambient,24,-0.07860994604827068,0.023634043345298936,0.004824278896233564,0.290625,0.01285643976683516,0.00262430977813104,2018-08-25,Ponderosa Pine Meadow
6,Ambient,24,-0.033577259564898425,0.006335731560044958,0.0012932757891131492,0.3239166666666667,0.009026129541101971,0.0018424509773301262,2018-08-25,Ponderosa Pine Meadow
7,Exclusion,24,-30.0052382807583,12.232873256617538,2.4970247972376094,0.13275,0.007897440421895647,0.0016120582756395537,2018-08-25,Ponderosa Pine Meadow
9,Addition,24,-0.29500310944193753,0.08021620940536205,0.016374065178615154,0.24345833333333333,0.009708710417507295,0.0019817822152780255,2018-08-25,Ponderosa Pine Meadow
11,Ambient,24,-0.19059831273969052,0.061936148286904136,0.012642663328022467,0.2594166666666667,0.01583039637139141,0.003231366127992942,2018-08-25,Ponderosa Pine Meadow
12,Addition,24,-0.11271231617553215,0.02957238118919927,0.0060364370327181515,0.2765416666666667,0.010705460478558157,0.0021852429694999083,2018-08-25,Ponderosa Pine Meadow
1,Exclusion,24,-5.096390080368082,0.20894533969048903,0.04265078886451665,0.16575,8.96854406292882e-4,1.8306963908202597e-4,2018-08-26,Ponderosa Pine Meadow
3,Addition,24,-0.4132826261411978,0.06368099616437425,0.012998828909570805,0.23179166666666667,0.0048362684741051236,9.87199168388846e-4,2018-08-26,Ponderosa Pine Meadow
4,Exclusion,24,-61.686212215763305,8.447604253057223,1.724359997412935,0.11916666666666667,0.0022393063108076955,4.570964866060908e-4,2018-08-26,Ponderosa Pine Meadow
5,Ambient,24,-0.05944625132185835,0.006680092538284578,0.0013635681794475433,0.299625,0.004271365732103883,8.718888790386685e-4,2018-08-26,Ponderosa Pine Meadow
6,Ambient,24,-0.03668727017017004,0.0040122664274100765,8.190004549378575e-4,0.31945833333333334,0.004539480593412758,9.266175959273206e-4,2018-08-26,Ponderosa Pine Meadow
7,Exclusion,24,-15.424790957179288,3.0190483218630777,0.6162606581141981,0.14345833333333333,0.0037645851629728466,7.684427285446439e-4,2018-08-26,Ponderosa Pine Meadow
9,Addition,24,-0.27156376915335645,0.026810195483257946,0.005472608236521019,0.24483333333333332,0.0032392520160043777,6.612095489577045e-4,2018-08-26,Ponderosa Pine Meadow
11,Ambient,24,-0.1861702410852603,0.018149778715643907,0.0037048080664795167,0.2574166666666667,0.0032958032163009562,6.727530143800834e-4,2018-08-26,Ponderosa Pine Meadow
12,Addition,24,-0.10965051963108575,0.011562900598603116,0.0023602672010916504,0.27620833333333333,0.003911845629863738,7.985021454752024e-4,2018-08-26,Ponderosa Pine Meadow
1,Exclusion,24,-6.687374910393626,0.8384815178812784,0.17115432313028847,0.16004166666666667,0.002726347559371836,5.565133651619387e-4,2018-08-27,Ponderosa Pine Meadow
3,Addition,24,-0.536245640488456,0.034472661773060125,0.007036702618295379,0.22358333333333333,0.0019318084941243583,3.9432875761491947e-4,2018-08-27,Ponderosa Pine Meadow
4,Exclusion,24,-55.920099183957184,11.41011310526335,2.3290795846115415,0.12091666666666667,0.0032291695885914764,6.591514820801831e-4,2018-08-27,Ponderosa Pine Meadow
5,Ambient,24,-0.07835385890558222,0.007260588803369353,0.0014820614833683018,0.28875,0.0033524812355601023,6.843223666147956e-4,2018-08-27,Ponderosa Pine Meadow
6,Ambient,24,-0.0533207580437565,0.012150658270251772,0.0024802427334204426,0.3047916666666667,0.008742595210490584,0.0017845747744501689,2018-08-27,Ponderosa Pine Meadow
7,Exclusion,24,-13.675409200230149,1.3009827379735421,0.26556198935034725,0.14545833333333333,0.0018410575095914833,3.758042904681901e-4,2018-08-27,Ponderosa Pine Meadow
9,Addition,24,-0.3582871437418768,0.032791912681623146,0.006693621146656461,0.23595833333333333,0.0028662832571371708,5.850776198557216e-4,2018-08-27,Ponderosa Pine Meadow
11,Ambient,24,-0.24856382718634712,0.037572451242618175,0.007669444494167859,0.24795833333333334,0.00494736791388738,0.0010098772465701458,2018-08-27,Ponderosa Pine Meadow
12,Addition,24,-0.15083631209245132,0.017373266839653526,0.0035463032435305362,0.2647916666666667,0.004075154482712409,8.318374254717446e-4,2018-08-27,Ponderosa Pine Meadow
1,Exclusion,24,-9.795968199081713,1.2129638368387097,0.24759520639194568,0.152125,0.0025760181608865656,5.258275051929025e-4,2018-08-28,Ponderosa Pine Meadow
3,Addition,24,-0.7150553637922501,0.06147349242784745,0.012548224096255976,0.21525,0.0025065132546332534,5.116398756145196e-4,2018-08-28,Ponderosa Pine Meadow
4,Exclusion,24,-49.89293071616363,7.18716396941166,1.4670737018978912,0.12258333333333334,0.0023390199855395917,4.77450455228674e-4,2018-08-28,Ponderosa Pine Meadow
5,Ambient,24,-0.109334537744744,0.00862827205819842,0.0017612386587083108,0.27620833333333333,0.002797190619589386,5.709741442744604e-4,2018-08-28,Ponderosa Pine Meadow
6,Ambient,24,-0.08656476337678737,0.013116714906482835,0.0026774382185367433,0.28525,0.005635678270201129,0.0011503780097069758,2018-08-28,Ponderosa Pine Meadow
7,Exclusion,24,-15.0233458636606,0.7131194020577905,0.14556488839335258,0.1435833333333333,9.286112429750738e-4,1.8955197622504843e-4,2018-08-28,Ponderosa Pine Meadow
9,Addition,24,-0.47357714661279665,0.0494193223328218,0.010087676929128554,0.22741666666666668,0.003174855925066137,6.480647519386584e-4,2018-08-28,Ponderosa Pine Meadow
11,Ambient,24,-0.3712199348130792,0.07350556914015109,0.015004261470519985,0.235375,0.006198264132873773,0.0012652153680445981,2018-08-28,Ponderosa Pine Meadow
12,Addition,24,-0.20796773145068043,0.028216823270002918,0.00575973493114982,0.25383333333333336,0.004678039971079183,9.54900910457348e-4,2018-08-28,Ponderosa Pine Meadow
1,Exclusion,24,-13.648251649892588,1.3295681893356746,0.27139697017571146,0.1455,0.001865009616480629,3.8069349381344086e-4,2018-08-29,Ponderosa Pine Meadow
3,Addition,24,-0.5571440369923681,0.256177966992382,0.052292108539573945,0.22574999999999998,0.013417218010095638,0.002738778157701249,2018-08-29,Ponderosa Pine Meadow
4,Exclusion,24,-48.21736136615893,4.796599300147635,0.979101732162717,0.12304166666666666,0.0015736738147921008,3.212248223183105e-4,2018-08-29,Ponderosa Pine Meadow
5,Ambient,24,-0.14957984131481417,0.009949134888683191,0.002030858654949645,0.2649166666666667,0.00237590562443711,4.8497970473996356e-4,2018-08-29,Ponderosa Pine Meadow
6,Ambient,24,-0.13025908147477788,0.017935423403376952,0.0036610529715871004,0.270125,0.005093153972864397,0.0010396357012455613,2018-08-29,Ponderosa Pine Meadow
7,Exclusion,24,-17.43980037534474,1.1766969517346053,0.2401922594698457,0.14079166666666668,0.0013180739131701533,2.690507108783647e-4,2018-08-29,Ponderosa Pine Meadow
9,Addition,24,-0.3926687167510573,0.13524529710975863,0.027606830669168102,0.235,0.010862780491200213,0.0022173557826083447,2018-08-29,Ponderosa Pine Meadow
11,Ambient,24,-0.5596129245278874,0.11638983304234377,0.02375797518345564,0.22295833333333334,0.006223931140411161,0.001270454624018829,2018-08-29,Ponderosa Pine Meadow
12,Addition,24,-0.15546690119871687,0.06152915559299174,0.012559586292261959,0.26645833333333335,0.013887683522574542,0.0028348115282971083,2018-08-29,Ponderosa Pine Meadow
1,Exclusion,24,-18.602062568073467,1.6879071032037207,0.34454259467236514,0.139625,0.0016891598117304287,3.4479830272960414e-4,2018-08-30,Ponderosa Pine Meadow
3,Addition,24,-0.4192838247175064,0.03212938166377452,0.006558382568948468,0.23104166666666667,0.002386176979964004,4.870763364072641e-4,2018-08-30,Ponderosa Pine Meadow
4,Exclusion,24,-46.71539116837476,4.038901686681111,0.8244373544695883,0.12354166666666666,0.0014135729219948666,2.8854436442520595e-4,2018-08-30,Ponderosa Pine Meadow
5,Ambient,24,-0.2055877044568418,0.02148294086051512,0.004385186940220784,0.25408333333333333,0.003646519086646248,7.44342591633589e-4,2018-08-30,Ponderosa Pine Meadow
6,Ambient,24,-0.1891199455784781,0.035850190421698486,0.007317889476231182,0.2574166666666667,0.006807391549642565,0.0013895529813298625,2018-08-30,Ponderosa Pine Meadow
7,Exclusion,24,-21.541082319841696,2.302889012897462,0.470075251321701,0.13695833333333335,0.0018991798382383435,3.8766846112211985e-4,2018-08-30,Ponderosa Pine Meadow
9,Addition,24,-0.39102780667062675,0.05034538753229331,0.010276709196399714,0.233375,0.00403045471595839,8.227131237910138e-4,2018-08-30,Ponderosa Pine Meadow
11,Ambient,24,-0.8534638952117054,0.19250858097925463,0.039295649542202424,0.21091666666666667,0.006365099587093919,0.0012992705125316666,2018-08-30,Ponderosa Pine Meadow
12,Addition,24,-0.15857249103857549,0.02231165441462208,0.0045543473860949835,0.26316666666666666,0.004984032474828487,0.0010173613687325532,2018-08-30,Ponderosa Pine Meadow
1,Exclusion,24,-24.45737347867074,2.664314886178372,0.5438509987698711,0.13466666666666668,0.001833662684514171,3.742948281201441e-4,2018-08-31,Ponderosa Pine Meadow
3,Addition,24,-0.5408470417710671,0.03533006383867222,0.00721171908205854,0.22333333333333333,0.001992740447914286,4.067664405996e-4,2018-08-31,Ponderosa Pine Meadow
4,Exclusion,24,-48.32231584622744,3.123747702991626,0.6376323297933751,0.12295833333333334,0.0010417028979206276,2.1263671362367414e-4,2018-08-31,Ponderosa Pine Meadow
5,Ambient,24,-0.2983104572367251,0.04745530935932343,0.009686774459688775,0.24208333333333332,0.005266107106579875,0.001074939611830417,2018-08-31,Ponderosa Pine Meadow
6,Ambient,24,-0.3125294114592547,0.07128534851796066,0.014551060833789056,0.241125,0.007831444422271695,0.0015985868986275876,2018-08-31,Ponderosa Pine Meadow
7,Exclusion,24,-27.689195668992657,2.1714755827323384,0.44325059721724896,0.13241666666666668,0.0013486439781165926,2.7529079925524123e-4,2018-08-31,Ponderosa Pine Meadow
9,Addition,24,-0.5365458356197523,0.06078164357098432,0.0124070010397191,0.22370833333333334,0.0033941018747574306,6.928181440149569e-4,2018-08-31,Ponderosa Pine Meadow
11,Ambient,24,-1.3055065688804741,0.31509585647963323,0.0643186723700285,0.19945833333333332,0.006520730598347994,0.0013310385596754857,2018-08-31,Ponderosa Pine Meadow
12,Addition,24,-0.22448008952756854,0.031458444002232924,0.006421427992282379,0.2512916666666667,0.004768366475070866,9.733387308764388e-4,2018-08-31,Ponderosa Pine Meadow
1,Exclusion,24,-33.81671098909884,2.988576575781107,0.6100406389914913,0.12895833333333334,0.0014288690166235217,2.916666666666669e-4,2018-09-01,Ponderosa Pine Meadow
3,Addition,24,-0.728767799498944,0.08795760263711895,0.017954270454951793,0.21483333333333332,0.003655450566015048,7.461657222254019e-4,2018-09-01,Ponderosa Pine Meadow
4,Exclusion,24,-57.22193852296532,6.312911339506576,1.2886176311017479,0.12029166666666666,0.0016805580508625203,3.430424756449529e-4,2018-09-01,Ponderosa Pine Meadow
5,Ambient,24,-0.4310952082466967,0.07946407590381398,0.016220536570511354,0.23066666666666666,0.005730670092593434,0.0011697681342568286,2018-09-01,Ponderosa Pine Meadow
6,Ambient,24,-0.5165351226106042,0.13558533830237698,0.027676241286954967,0.22583333333333333,0.008317956828278295,0.0016978958276484151,2018-09-01,Ponderosa Pine Meadow
7,Exclusion,24,-36.83981364841082,3.1424582893913735,0.6414516122490118,0.1275,0.0014446302370292317,2.9488391230979457e-4,2018-09-01,Ponderosa Pine Meadow
9,Addition,24,-0.7143999272593566,0.07526697505774285,0.01536380694785487,0.21533333333333332,0.003045547950507527,6.216698721602099e-4,2018-09-01,Ponderosa Pine Meadow
11,Ambient,24,-1.9450198382983803,0.42047054602246986,0.08582819080204018,0.189,0.005485157839273104,0.0011196531554038508,2018-09-01,Ponderosa Pine Meadow
12,Addition,24,-0.31058212235298616,0.04515761190798333,0.009217758931432389,0.24070833333333333,0.004713340610452948,9.621066232956583e-4,2018-09-01,Ponderosa Pine Meadow
1,Exclusion,24,-46.694735821569964,5.100236626854786,1.0410814419373229,0.12358333333333334,0.0017173454405910436,3.505516701286016e-4,2018-09-02,Ponderosa Pine Meadow
3,Addition,24,-0.9784495113001384,0.14757871870819125,0.030124379810733203,0.20670833333333333,0.0042882971857863515,8.753449975491365e-4,2018-09-02,Ponderosa Pine Meadow
4,Exclusion,24,-64.25943064840003,7.028997541673983,1.4347881150315498,0.11845833333333333,0.001744037461371358,3.5600015605489625e-4,2018-09-02,Ponderosa Pine Meadow
5,Ambient,24,-0.603683652854898,0.12351784570286761,0.025212974674987457,0.22070833333333334,0.006125351217377821,0.001250332081492619,2018-09-02,Ponderosa Pine Meadow
6,Ambient,24,-0.789052754190838,0.18267820576104396,0.037289032603476005,0.21308333333333332,0.006064269314504474,0.0012378637902794572,2018-09-02,Ponderosa Pine Meadow
7,Exclusion,24,-45.18721682605028,3.812272646185111,0.7781768952936094,0.12408333333333334,0.0013486439781165926,2.7529079925524123e-4,2018-09-02,Ponderosa Pine Meadow
9,Addition,24,-0.9373134973561109,0.10000955045240828,0.02041436400112757,0.20770833333333333,0.0029851686525317104,6.093449995711921e-4,2018-09-02,Ponderosa Pine Meadow
11,Ambient,24,-2.6343447495055945,0.4205660616032505,0.08584768783832336,0.18125,0.0038701758189474086,7.899963309399304e-4,2018-09-02,Ponderosa Pine Meadow
12,Addition,24,-0.4312913505311415,0.052759074750982786,0.010769401036771941,0.23033333333333333,0.0038297084310253437,7.817359599705699e-4,2018-09-02,Ponderosa Pine Meadow
1,Exclusion,24,-57.40253487782581,6.472423461637947,1.3211779066859453,0.12025,0.0017754362599213388,3.624094089702207e-4,2018-09-03,Ponderosa Pine Meadow
3,Addition,24,-1.5524222199887214,0.39742130929455,0.0811232850567051,0.19504166666666667,0.00684917746040048,0.0013980824946460595,2018-09-03,Ponderosa Pine Meadow
4,Exclusion,24,-89.87773034866989,13.488428176956885,2.7533138721436248,0.113375,0.002222659981037216,4.5369856877044284e-4,2018-09-03,Ponderosa Pine Meadow
5,Ambient,24,-0.7193810021645427,0.10325092141619698,0.021076006078490542,0.21525,0.0038021732915702908,7.761153731654652e-4,2018-09-03,Ponderosa Pine Meadow
6,Ambient,24,-0.6514130797785432,0.36129329466380705,0.07374868495127798,0.22270833333333334,0.016371978092663896,0.0033419160339209263,2018-09-03,Ponderosa Pine Meadow
7,Exclusion,24,-62.59014929185459,10.799835862740835,2.2045072641271326,0.119,0.0025194892512087662,5.142885898240286e-4,2018-09-03,Ponderosa Pine Meadow
9,Addition,24,-1.199025997353376,0.12175535183733188,0.024853207121208455,0.201,0.0026375218935831423,5.383819020581644e-4,2018-09-03,Ponderosa Pine Meadow
11,Ambient,24,-3.1013482530931977,0.470962179641492,0.09613475235588693,0.17733333333333332,0.0036195924184032574,7.388462084945448e-4,2018-09-03,Ponderosa Pine Meadow
12,Addition,24,-0.4963153274548082,0.039035034616661746,0.007967993075224937,0.22591666666666668,0.002185260240529852,4.4606437870748115e-4,2018-09-03,Ponderosa Pine Meadow
1,Exclusion,24,-59.106268258358405,5.60148983930398,1.1433993254732744,0.11975,0.0014521348601882346,2.964157870974138e-4,2018-09-04,Ponderosa Pine Meadow
3,Addition,24,-2.0609781072059667,0.16816227541944426,0.034325980730250706,0.187,0.002021622250010901,4.126619137653294e-4,2018-09-04,Ponderosa Pine Meadow
4,Exclusion,24,-113.32816320804149,20.572988026858795,4.199443595849313,0.11004166666666666,0.0028049516258196717,5.725583530373571e-4,2018-09-04,Ponderosa Pine Meadow
5,Ambient,24,-0.7795764017333237,0.08116612363286783,0.016567965608348424,0.21283333333333332,0.002792329036713864,5.699817778255201e-4,2018-09-04,Ponderosa Pine Meadow
6,Ambient,24,-0.4419785635544766,0.1392076216734415,0.028415636783861352,0.23075,0.008563065278071965,0.0017479283804516718,2018-09-04,Ponderosa Pine Meadow
7,Exclusion,24,-68.61313007978517,9.606615875263154,1.960942254109595,0.1175,0.0022457689687208583,4.5841567112854157e-4,2018-09-04,Ponderosa Pine Meadow
9,Addition,24,-1.3008352095833404,0.0432023005247476,0.008818632666667131,0.19870833333333335,8.586727202955218e-4,1.752758350643008e-4,2018-09-04,Ponderosa Pine Meadow
11,Ambient,24,-3.4014946532806323,0.33215086872639754,0.0678000121668194,0.175,0.0023405684928164837,4.77766542952955e-4,2018-09-04,Ponderosa Pine Meadow
12,Addition,24,-0.5387323937591687,0.04710120163583596,0.00961449252331187,0.2235,0.002570738347668608,5.247497678328026e-4,2018-09-04,Ponderosa Pine Meadow
1,Exclusion,24,-71.73056225897074,10.883053437850421,2.221493980514651,0.11683333333333333,0.002371326296779312,4.8404495339607865e-4,2018-09-05,Ponderosa Pine Meadow
3,Addition,24,-2.2734933393534043,0.1904345685129003,0.03887229352030747,0.18458333333333332,0.0020624313778658926,4.209920421063901e-4,2018-09-05,Ponderosa Pine Meadow
4,Exclusion,24,-111.09344766720608,19.384072021844176,3.956757132573141,0.11029166666666666,0.002527744598179017,5.159737054679241e-4,2018-09-05,Ponderosa Pine Meadow
5,Ambient,24,-0.8919228539609672,0.12911426258390177,0.026355338487190107,0.20920833333333333,0.003867132030966555,7.893750203200714e-4,2018-09-05,Ponderosa Pine Meadow
6,Ambient,24,-0.6516726486835565,0.22665581710460167,0.04626592492832182,0.219875,0.010791754098465148,0.002202857580902392,2018-09-05,Ponderosa Pine Meadow
7,Exclusion,24,-69.24906575975194,7.782487011714293,1.5885935090447891,0.11729166666666667,0.0017564580631305197,3.5853550077225135e-4,2018-09-05,Ponderosa Pine Meadow
9,Addition,24,-1.3902158053163436,0.039841340658804035,0.008132579606872574,0.19695833333333335,7.506036218280926e-4,1.5321632271365137e-4,2018-09-05,Ponderosa Pine Meadow
11,Ambient,24,-4.014252443747845,0.5376497110643114,0.10974728770519751,0.17129166666666668,0.0030571252006997614,6.24033068459836e-4,2018-09-05,Ponderosa Pine Meadow
12,Addition,24,-0.638234567970484,0.06664462732813971,0.013603777587657143,0.21858333333333332,0.0031195967781062718,6.367850257992303e-4,2018-09-05,Ponderosa Pine Meadow
1,Exclusion,24,-83.07391710631089,11.560680352672694,2.3598139952888983,0.11454166666666667,0.0020847096902815105,4.25539583585438e-4,2018-09-06,Ponderosa Pine Meadow
3,Addition,24,-2.5378313576269136,0.25971138787002995,0.053013365055968494,0.18195833333333333,0.0025788296412986634,5.264013962288582e-4,2018-09-06,Ponderosa Pine Meadow
4,Exclusion,24,-108.27309957149846,10.174406076048186,2.0768419435159062,0.1105,0.0013831281496162506,2.8232985128664025e-4,2018-09-06,Ponderosa Pine Meadow
5,Ambient,24,-1.099747082070452,0.19829021125878718,0.040475819881059055,0.20366666666666666,0.004992748364566752,0.0010191404922753123,2018-09-06,Ponderosa Pine Meadow
6,Ambient,24,-1.2431151524571182,0.3234698303856058,0.06602800263577965,0.201,0.007615773105863902,0.0015545631755148014,2018-09-06,Ponderosa Pine Meadow
7,Exclusion,24,-78.58726601411132,3.506429603034507,0.7157469455353597,0.11525,7.372097807744841e-4,1.504823163572112e-4,2018-09-06,Ponderosa Pine Meadow
9,Addition,24,-1.5988422548101764,0.09793077989964133,0.019990036738910706,0.19337500000000002,0.0015828565262236184,3.230992354401805e-4,2018-09-06,Ponderosa Pine Meadow
11,Ambient,24,-5.189031453988253,0.6710240525114225,0.13697221114896085,0.16554166666666667,0.0029337491470763193,5.988490369718618e-4,2018-09-06,Ponderosa Pine Meadow
12,Addition,24,-0.7864767259641685,0.053162871215286775,0.01085182564489567,0.2125,0.0019336831267771396,3.947114154027923e-4,2018-09-06,Ponderosa Pine Meadow
1,Exclusion,24,-100.59623220422542,20.421450883309866,4.1685112059515,0.11183333333333334,0.0029291142253124154,5.979029375285881e-4,2018-09-07,Ponderosa Pine Meadow
3,Addition,24,-3.4473860777975385,0.6469534066067472,0.1320588111284885,0.175,0.004303689014140632,8.784868413555105e-4,2018-09-07,Ponderosa Pine Meadow
4,Exclusion,24,-114.73101121976333,21.82091190471912,4.45417499073207,0.10991666666666666,0.0031473476295842,6.424496446366207e-4,2018-09-07,Ponderosa Pine Meadow
5,Ambient,24,-1.3148695685550587,0.21538823569399698,0.043965939504050935,0.19879166666666667,0.004303478539069508,8.784438783115248e-4,2018-09-07,Ponderosa Pine Meadow
6,Ambient,24,-1.6063353573019277,0.2909687038958818,0.05939373797198986,0.193625,0.004391815510499149,8.964755870969779e-4,2018-09-07,Ponderosa Pine Meadow
7,Exclusion,24,-84.48125468019317,5.673120515942893,1.1580208761145774,0.11416666666666667,0.0010072203103706706,2.0559798491465392e-4,2018-09-07,Ponderosa Pine Meadow
9,Addition,24,-1.973879279007069,0.16677117595739055,0.0340420237416264,0.18808333333333332,0.00212473357238577,4.337094243088336e-4,2018-09-07,Ponderosa Pine Meadow
11,Ambient,24,-6.502343357935684,0.6854909522913684,0.13992525470069833,0.16058333333333333,0.002282574188835106,4.659285052244354e-4,2018-09-07,Ponderosa Pine Meadow
12,Addition,24,-0.9847693361037805,0.0995745916819547,0.020325578413897604,0.2063333333333333,0.002823298512866396,5.763033956734365e-4,2018-09-07,Ponderosa Pine Meadow
1,Exclusion,24,-113.93169442536862,23.595597772785755,4.816431226606359,0.11004166666666666,0.0031412980793277838,6.412147853614921e-4,2018-09-08,Ponderosa Pine Meadow
3,Addition,24,-4.790654137301601,0.7063836144696374,0.144189951509457,0.167375,0.0034238612832526473,6.988927578366509e-4,2018-09-08,Ponderosa Pine Meadow
4,Exclusion,24,-125.17483366591571,27.563367953502944,5.626348923222002,0.10875,0.0035046552891336113,7.153847652269662e-4,2018-09-08,Ponderosa Pine Meadow
5,Ambient,24,-1.7032077009051636,0.3325856260750599,0.0678887566389984,0.19225,0.005109666882701255,0.0010430063848513018,2018-09-08,Ponderosa Pine Meadow
6,Ambient,24,-2.501497443379164,0.9027052246612924,0.18426393238038502,0.184,0.009259542668770568,0.00189009623250139,2018-09-08,Ponderosa Pine Meadow
7,Exclusion,24,-96.08499322510977,12.537895741072523,2.5592872511535036,0.11233333333333334,0.001948615264559777,3.977594252641586e-4,2018-09-08,Ponderosa Pine Meadow
9,Addition,24,-2.405160986584227,0.1505298602974096,0.030726779065090803,0.18316666666666667,0.0015227739752537634,3.1083493608010494e-4,2018-09-08,Ponderosa Pine Meadow
11,Ambient,24,-8.207599970166045,1.510564033672946,0.3083425921915887,0.15595833333333334,0.0039173989448042755,7.996357111406433e-4,2018-09-08,Ponderosa Pine Meadow
12,Addition,24,-1.256055897575195,0.118073120649023,0.024101574827348544,0.19975,0.002540968661579762,5.18673056106094e-4,2018-09-08,Ponderosa Pine Meadow
1,Exclusion,24,-127.98939373754612,31.559961834874404,6.442150233096119,0.1085,0.0036948848308226744,7.542152078221083e-4,2018-09-09,Ponderosa Pine Meadow
3,Addition,24,-7.722651326721453,1.762294957857189,0.3597269519191415,0.15741666666666668,0.004763234803901807,9.722912328854434e-4,2018-09-09,Ponderosa Pine Meadow
4,Exclusion,24,-130.49706960821544,20.380710010743606,4.160195010162909,0.10791666666666666,0.002263446134944923,4.6202400757415154e-4,2018-09-09,Ponderosa Pine Meadow
5,Ambient,24,-2.302877530856796,0.39243020480755453,0.08010448011953389,0.18458333333333332,0.004363053046211793,8.906044736595572e-4,2018-09-09,Ponderosa Pine Meadow
6,Ambient,24,-4.976355270862058,1.2673554945442982,0.25869785702884673,0.16695833333333332,0.0051959780990490185,0.0010606245881122174,2018-09-09,Ponderosa Pine Meadow
7,Exclusion,24,-105.08287174632265,10.593472170464425,2.1623834518343052,0.11095833333333334,0.0016010639578422387,3.268158118562002e-4,2018-09-09,Ponderosa Pine Meadow
9,Addition,24,-3.095334772062244,0.2533388721174428,0.05171258072499463,0.17716666666666667,0.001948615264559777,3.977594252641586e-4,2018-09-09,Ponderosa Pine Meadow
11,Ambient,24,-12.009110925603347,1.8148099687013228,0.37044653361954594,0.148125,0.002848531276778021,5.814540120387361e-4,2018-09-09,Ponderosa Pine Meadow
12,Addition,24,-1.6633256877567284,0.14432622124327577,0.029460466545838303,0.19241666666666668,0.002263446134944923,4.6202400757415154e-4,2018-09-09,Ponderosa Pine Meadow
1,Exclusion,24,-156.80078018880022,37.03890568660831,7.560534963605049,0.10558333333333333,0.003500517560076769,7.14540154820037e-4,2018-09-10,Ponderosa Pine Meadow
3,Addition,24,-14.2799837067462,3.6772903420529257,0.7506237478411906,0.14516666666666667,0.0046407145876532765,9.472818984700807e-4,2018-09-10,Ponderosa Pine Meadow
4,Exclusion,24,-138.05116090964978,13.630041928849101,2.78222065820171,0.107,0.0014446302370292317,2.9488391230979457e-4,2018-09-10,Ponderosa Pine Meadow
5,Ambient,24,-3.192549089256389,0.4516485645898486,0.09219237719213166,0.17662499999999998,0.003486776261197755,7.117352239319817e-4,2018-09-10,Ponderosa Pine Meadow
6,Ambient,24,-9.090219824545462,2.509036602670074,0.5121549518756583,0.15416666666666667,0.004851415451603585,9.902910322235668e-4,2018-09-10,Ponderosa Pine Meadow
7,Exclusion,24,-120.13412800149176,17.265547645349837,3.5243151550682237,0.10908333333333334,0.0021450988964060204,4.3786647866683856e-4,2018-09-10,Ponderosa Pine Meadow
9,Addition,24,-4.070846710072086,0.4032879840459887,0.08232081502569628,0.170875,0.0022901015735969556,4.674650262047799e-4,2018-09-10,Ponderosa Pine Meadow
11,Ambient,24,-17.47230199638482,2.011703749632303,0.4106373083535655,0.14083333333333334,0.0020359095108161973,4.1557828866491613e-4,2018-09-10,Ponderosa Pine Meadow
12,Addition,24,-2.367796774375797,0.23004338692677584,0.04695740972268661,0.18362499999999998,0.0024283202281484197,4.956787909202051e-4,2018-09-10,Ponderosa Pine Meadow
1,Exclusion,24,-195.3894100935881,50.073798702737214,10.221271358712036,0.10258333333333333,0.0034880749227427224,7.120003121097938e-4,2018-09-11,Ponderosa Pine Meadow
3,Addition,24,-27.48810802104772,7.499618300509451,1.5308531751572427,0.13308333333333333,0.004179834266182531,8.532050967956469e-4,2018-09-11,Ponderosa Pine Meadow
4,Exclusion,24,-158.52261700305323,19.30702867753779,3.9410307257707906,0.10508333333333333,0.0016396358733272013,3.346892711345265e-4,2018-09-11,Ponderosa Pine Meadow
5,Ambient,24,-4.453599031652069,0.5393869506692633,0.1101019002546214,0.16891666666666666,0.0028729119701803845,5.864307002396553e-4,2018-09-11,Ponderosa Pine Meadow
6,Ambient,24,-16.553068279868356,4.941074519366042,1.0085926127928702,0.1425,0.004986939463979009,0.001017954755408102,2018-09-11,Ponderosa Pine Meadow
7,Exclusion,24,-151.54852332167502,24.718749653783888,5.04569364428074,0.10583333333333333,0.0025137304111042132,5.131130715101594e-4,2018-09-11,Ponderosa Pine Meadow
9,Addition,24,-5.734581872898475,0.783055253209506,0.1598404842307641,0.163375,0.002990019630588462,6.103352013205655e-4,2018-09-11,Ponderosa Pine Meadow
11,Ambient,24,-25.88181199747124,4.303363891166921,0.8784204759064065,0.13379166666666667,0.0027183621454146246,5.548833493635998e-4,2018-09-11,Ponderosa Pine Meadow
12,Addition,24,-3.318539060605551,0.38302640709728386,0.0781849379499909,0.17562499999999998,0.0027789973168314747,5.67260451900056e-4,2018-09-11,Ponderosa Pine Meadow
2,Exclusion,23,-1.1335622136916284,0.2674268337407589,0.055762349540593094,0.0798695652173913,0.004213661200365125,8.786090962291644e-4,2018-06-06,Desert Scrub
4,Exclusion,23,-1.4401268512658263,0.3126128069341355,0.06518427626460871,0.0757391304347826,0.00368309888426911,7.679792057676394e-4,2018-06-06,Desert Scrub
5,Ambient,23,-900.798146433693,420.4308085707713,87.66588370067656,0.01934782608695652,0.0025868319629893015,5.393917510268267e-4,2018-06-06,Desert Scrub
6,Ambient,23,-1.1838684688193546,0.20189603733042774,0.04209823392439944,0.07882608695652174,0.0028548550976290397,5.952784378999722e-4,2018-06-06,Desert Scrub
7,Exclusion,23,-20.94951664084805,9.887844885206563,2.0617581825260904,0.043304347826086956,0.004516985948100345,9.418566782721839e-4,2018-06-06,Desert Scrub
8,Ambient,23,-0.9150564433654841,0.1377578929835073,0.028724506337193235,0.08330434782608695,0.0027705395373578815,5.776974282541377e-4,2018-06-06,Desert Scrub
9,Addition,23,-57.98906261773559,41.60630767632593,8.675514866207475,0.03639130434782609,0.006301075885295539,0.001313865146151563,2018-06-06,Desert Scrub
11,Addition,23,-4.110298337203722,0.7444134117018889,0.15522092635724735,0.06021739130434783,0.0025218413499794945,5.258402714358768e-4,2018-06-06,Desert Scrub
12,Addition,23,-0.9445163820617292,0.11205732557405691,0.023365567582877337,0.08265217391304348,0.0022884829364007977,4.7718167856322625e-4,2018-06-06,Desert Scrub
2,Exclusion,24,-1.2059953532888328,0.4175041330594396,0.08522267429155672,0.07945833333333333,0.006086186545503404,0.0012423376263229645,2018-06-07,Desert Scrub
4,Exclusion,24,-1.5421482362577887,0.4797574762733938,0.09793008476293519,0.075125,0.0052611165949907395,0.0010739209279180147,2018-06-07,Desert Scrub
5,Ambient,24,-1261.47730253042,1053.3243412046854,215.0089308003938,0.01925,0.0040993106525472,8.367682829913488e-4,2018-06-07,Desert Scrub
6,Ambient,24,-1.3611197992931114,0.4264731734342293,0.08705347199161134,0.077125,0.005101683439125118,0.0010413767712553156,2018-06-07,Desert Scrub
7,Exclusion,24,-23.055727614009125,13.291157518518053,2.713046167610458,0.043208333333333335,0.005838248446883383,0.0011917274738717223,2018-06-07,Desert Scrub
8,Ambient,24,-0.9209839256404749,0.20131234877934984,0.04109271111921726,0.08345833333333333,0.004021455140776202,8.20876093199499e-4,2018-06-07,Desert Scrub
9,Addition,24,-83.81653486103143,86.69476520346619,17.696494843240536,0.036125,0.008719356278593247,0.001779831147340522,2018-06-07,Desert Scrub
11,Addition,24,-4.290540196368543,1.1541149355729297,0.23558272472323,0.05991666666666667,0.003386888615345008,6.913457436030599e-4,2018-06-07,Desert Scrub
12,Addition,24,-0.9820086240690087,0.205663238257826,0.04198083271500981,0.08225,0.0037212667314983627,7.59600390747127e-4,2018-06-07,Desert Scrub
2,Exclusion,24,-1.2383501536444985,0.4884165825305248,0.09969761742614451,0.07933333333333334,0.006767355572841976,0.0013813806717869167,2018-06-08,Desert Scrub
4,Exclusion,24,-1.5980286294784265,0.5303469257890717,0.1082566129030769,0.07466666666666667,0.0055298924171205644,0.001128784562869275,2018-06-08,Desert Scrub
5,Ambient,24,-3883.2960412232646,5432.34622482245,1108.8730297457926,0.018125,0.005795894348963568,0.0011830819798367706,2018-06-08,Desert Scrub
6,Ambient,24,-1.3979619962290497,0.4544454886049611,0.09276329691599516,0.07679166666666667,0.005437224089285033,0.0011098687196597749,2018-06-08,Desert Scrub
7,Exclusion,24,-23.68275542254074,13.93254226010988,2.843968279752693,0.043083333333333335,0.006006638839228437,0.001226100018774426,2018-06-08,Desert Scrub
8,Ambient,24,-0.9341536572350954,0.22310382044050922,0.04554087664539728,0.08329166666666667,0.004328662477091474,8.835845281338324e-4,2018-06-08,Desert Scrub
9,Addition,24,-95.63325033435412,99.45372680521915,20.300906974245393,0.035791666666666666,0.009259444845161058,0.0018900762643407154,2018-06-08,Desert Scrub
11,Addition,24,-4.3690390853500904,1.4581498156320551,0.2976435847359918,0.06004166666666667,0.004534689162125829,9.256395491114386e-4,2018-06-08,Desert Scrub
12,Addition,24,-0.9934990366446084,0.2412830019837091,0.04925168653891906,0.08216666666666667,0.00412486275573178,8.419840842127792e-4,2018-06-08,Desert Scrub
2,Exclusion,24,-1.1785036962290691,0.37401699005024286,0.07634589839622566,0.07966666666666666,0.0056311761584536,0.0011494590199947728,2018-06-09,Desert Scrub
4,Exclusion,24,-1.5166934748407068,0.46247922869872,0.0944031772456492,0.07533333333333334,0.005061935243145362,0.0010332632047264365,2018-06-09,Desert Scrub
5,Ambient,24,-3031.6250456872203,4092.542356878107,835.3867104232181,0.018458333333333334,0.005763295906870037,0.001176427850708536,2018-06-09,Desert Scrub
6,Ambient,24,-1.326664332976965,0.3812105791732982,0.07781428362711905,0.07741666666666666,0.00474494391469733,9.685576207610475e-4,2018-06-09,Desert Scrub
7,Exclusion,24,-22.701340610587856,12.897346745764832,2.63265988023908,0.04325,0.005681778655989,0.0011597882115507874,2018-06-09,Desert Scrub
8,Ambient,24,-0.9009027257828115,0.1829920576858189,0.037353097359350086,0.08379166666666667,0.0037761167846101463,7.707966109544958e-4,2018-06-09,Desert Scrub
9,Addition,24,-75.52129406810488,78.4644483006958,16.016488440474614,0.036625,0.008494563478817035,0.0017339455092319099,2018-06-09,Desert Scrub
11,Addition,24,-4.244301890854775,1.198519222727169,0.24464671188322235,0.060125,0.003639308343269543,7.428707048053323e-4,2018-06-09,Desert Scrub
12,Addition,24,-0.9502368416779472,0.16603592607801007,0.03389194148846598,0.08270833333333333,0.003182549793546957,6.496352562658327e-4,2018-06-09,Desert Scrub
2,Exclusion,24,-1.2372000711454414,0.35278318364090167,0.07201156581289858,0.078625,0.004959071617182784,0.001012266255001368,2018-06-10,Desert Scrub
4,Exclusion,24,-1.5057838125405514,0.44069144797907167,0.08995576512975022,0.075375,0.004843754382887217,9.88727223120275e-4,2018-06-10,Desert Scrub
5,Ambient,24,-2253.3921536507014,2440.5431982170726,498.17379423766437,0.018916666666666665,0.005785413943077334,0.0011809426759435593,2018-06-10,Desert Scrub
6,Ambient,24,-1.4072745113251524,0.3384538023753513,0.06908659311036565,0.07620833333333334,0.003977973775971739,8.120004967752703e-4,2018-06-10,Desert Scrub
7,Exclusion,24,-23.331899156126834,12.341788459333536,2.5192570198947752,0.042749999999999996,0.00529355637831834,0.0010805426709612704,2018-06-10,Desert Scrub
8,Ambient,24,-0.9121406187310259,0.1600801951557244,0.032676233004723026,0.08345833333333333,0.003296627613666485,6.729212937876534e-4,2018-06-10,Desert Scrub
9,Addition,24,-74.21949669651103,70.21159393216699,14.331881596775057,0.035958333333333335,0.00772617891196613,0.0015770996663140612,2018-06-10,Desert Scrub
11,Addition,24,-4.441855150746758,1.1015985364040581,0.22486285963222516,0.059416666666666666,0.003255986682307272,6.646254984125245e-4,2018-06-10,Desert Scrub
12,Addition,24,-0.9748013214717504,0.15741667676336935,0.03213254458957403,0.08220833333333333,0.002963240979307836,6.048690320174437e-4,2018-06-10,Desert Scrub
2,Exclusion,24,-1.216571872534495,0.45822714910722956,0.09353522513357806,0.0795,0.006480740698407861,0.0013228756555322956,2018-06-11,Desert Scrub
4,Exclusion,24,-1.4922334876437067,0.4755429655751342,0.09706980136908211,0.07566666666666667,0.005230900385266355,0.0010677530699358762,2018-06-11,Desert Scrub
5,Ambient,24,-2358.4638356229343,3330.504335519451,679.8363506791501,0.020125,0.006435718938927458,0.0013136856273615208,2018-06-11,Desert Scrub
6,Ambient,24,-1.379914564759559,0.4550474133411362,0.09288616428826085,0.07704166666666666,0.005544124713656768,0.001131689718234415,2018-06-11,Desert Scrub
7,Exclusion,24,-23.489409334525114,13.643765914181076,2.785022054976775,0.043083333333333335,0.0058896863920841706,0.00120222720046832,2018-06-11,Desert Scrub
8,Ambient,24,-0.9179208711647674,0.2134831236674239,0.043577060140055635,0.08358333333333333,0.004262237284181471,8.70025542409212e-4,2018-06-11,Desert Scrub
9,Addition,24,-83.8294374506853,89.88153960330243,18.34699244365411,0.03666666666666667,0.00923917306043023,0.0018859383036102097,2018-06-11,Desert Scrub
11,Addition,24,-4.359746905725306,1.5318456543993177,0.3126866848315095,0.06016666666666667,0.004779181908040845,9.75546421886749e-4,2018-06-11,Desert Scrub
12,Addition,24,-0.9725194778033365,0.20092997151188918,0.04101465868634073,0.08241666666666667,0.0037056556852965977,7.564137992850154e-4,2018-06-11,Desert Scrub
2,Exclusion,24,-1.0990447411681816,0.35657634627712453,0.07278584189374328,0.08091666666666666,0.005777893904444291,0.0011794076544854783,2018-06-12,Desert Scrub
4,Exclusion,24,-1.3902290897688758,0.42423232037477177,0.08659605977625921,0.07670833333333334,0.004867631927304092,9.936012064646071e-4,2018-06-12,Desert Scrub
5,Ambient,24,-941.9480292868245,1082.3089357216481,220.92538638106294,0.021791666666666668,0.005413181710591661,0.0011049610896596476,2018-06-12,Desert Scrub
6,Ambient,24,-1.2019146910983172,0.3133393838879113,0.06396013390361996,0.07895833333333334,0.004427966131077681,9.038548016221745e-4,2018-06-12,Desert Scrub
7,Exclusion,24,-21.12598456844328,12.492168871641773,2.5499532930168196,0.044,0.0057935496365617125,0.001182603367421927,2018-06-12,Desert Scrub
8,Ambient,24,-0.8610434148060108,0.18931734187241817,0.038644240587288714,0.08470833333333333,0.0042064047094532075,8.586287658167073e-4,2018-06-12,Desert Scrub
9,Addition,24,-57.156410909253324,49.74423191329459,10.153998819520227,0.03845833333333333,0.008890538041461081,0.0018147734783652138,2018-06-12,Desert Scrub
11,Addition,24,-3.7708884749937814,1.0602299321296997,0.21641852864528374,0.06179166666666667,0.004242427183322904,8.659818225044986e-4,2018-06-12,Desert Scrub
12,Addition,24,-0.9113768582645201,0.1699403081265949,0.034688920136792256,0.0835,0.0033751006426217967,6.889395337469171e-4,2018-06-12,Desert Scrub
2,Exclusion,24,-1.1104944106402812,0.26833041757573245,0.054772717127373645,0.08025,0.004296105415272121,8.769388457186939e-4,2018-06-13,Desert Scrub
4,Exclusion,24,-1.428861279010341,0.38840612049619727,0.07928306734913687,0.07608333333333334,0.004353076539910462,8.885680278383971e-4,2018-06-13,Desert Scrub
5,Ambient,24,-664.8505477662079,417.31999819998794,85.18508792076373,0.020958333333333332,0.0030571252006997723,6.240330684598381e-4,2018-06-13,Desert Scrub
6,Ambient,24,-1.2268668953724917,0.2068221453599636,0.04221739363663686,0.07820833333333334,0.002765928834738991,5.64592859163449e-4,2018-06-13,Desert Scrub
7,Exclusion,24,-21.397411504305545,10.190410270724326,2.080108786074299,0.043125,0.004504225069671904,9.194210922790146e-4,2018-06-13,Desert Scrub
8,Ambient,24,-0.8984263552401813,0.14325426468092478,0.02924165432882265,0.08366666666666667,0.0029439202887759455,6.009252125773309e-4,2018-06-13,Desert Scrub
9,Addition,24,-56.39700960340264,41.561484352434135,8.483702468010915,0.036625,0.006268017507813844,0.0012794537160812827,2018-06-13,Desert Scrub
11,Addition,24,-3.952728370146422,0.7992749341889213,0.16315131274662187,0.06079166666666667,0.0027971906195893835,5.709741442744598e-4,2018-06-13,Desert Scrub
12,Addition,24,-0.9448268409891519,0.1048544183902951,0.02140331852771031,0.082625,0.0021226009475661424,4.3327410409042675e-4,2018-06-13,Desert Scrub
2,Exclusion,24,-1.2268223141405579,0.2273068554283344,0.046398817569666996,0.07829166666666666,0.0032367343535363445,6.606956332584348e-4,2018-06-14,Desert Scrub
4,Exclusion,24,-1.4038513557231656,0.2431400177354341,0.049630748291922155,0.076,0.003021660931112012,6.167939547439618e-4,2018-06-14,Desert Scrub
5,Ambient,24,-660.5660164755054,632.1140635542893,129.02974291210214,0.026708333333333334,0.011384501924018063,0.002323851724131467,2018-06-14,Desert Scrub
6,Ambient,24,-1.3868895336068434,0.17386010279943362,0.03548904487387013,0.07604166666666666,0.0020531876948162667,4.1910518320509033e-4,2018-06-14,Desert Scrub
7,Exclusion,24,-24.398485392887416,9.446196468031875,1.9281967797298971,0.04145833333333333,0.0033229003395628142,6.782841915041545e-4,2018-06-14,Desert Scrub
8,Ambient,24,-0.9611208189449599,0.12832529060876335,0.02619429025715303,0.082375,0.002481452940446818,5.065244604019698e-4,2018-06-14,Desert Scrub
9,Addition,24,-64.67482260274289,36.399923228880766,7.430103215603215,0.0345,0.004671839782839491,9.536353023326437e-4,2018-06-14,Desert Scrub
11,Addition,24,-4.522691869174355,0.43617253050588173,0.08903334496316169,0.058791666666666666,0.0013180739131701624,2.6905071087836654e-4,2018-06-14,Desert Scrub
12,Addition,24,-1.0060055623169826,0.11387965746724484,0.0232455877398065,0.0815,0.001978141420187363,4.0378642654362453e-4,2018-06-14,Desert Scrub
2,Exclusion,24,-1.3036891794486916,0.2770311169967238,0.05654873995960346,0.077375,0.0036690539000863906,7.489424911650192e-4,2018-06-15,Desert Scrub
4,Exclusion,24,-1.4413095158819225,0.3282441452009209,0.067002555566524,0.07575,0.0037212667314983658,7.596003907471275e-4,2018-06-15,Desert Scrub
5,Ambient,24,-1733.7697050017039,1349.8784401591558,275.5427827645007,0.017583333333333333,0.0032156771775389593,6.563973552069701e-4,2018-06-15,Desert Scrub
6,Ambient,24,-1.5702333557902104,0.256123622789983,0.052281015575710944,0.074125,0.0026426682826593876,5.39432404329384e-4,2018-06-15,Desert Scrub
7,Exclusion,24,-28.461003973512135,10.57238495661148,2.15807904233125,0.04008333333333333,0.0032291695885914786,6.591514820801836e-4,2018-06-15,Desert Scrub
8,Ambient,24,-0.994130048035261,0.12306288044610189,0.025120105280839928,0.08175,0.002326594824687114,4.7491417989029277e-4,2018-06-15,Desert Scrub
9,Addition,24,-88.7266660856347,71.63148323839982,14.621715287733794,0.033541666666666664,0.00609332611866506,0.0012437949855919083,2018-06-15,Desert Scrub
11,Addition,24,-5.001648453692297,1.0381699191328964,0.21191554734850596,0.05775,0.0025237997577841438,5.151684682942442e-4,2018-06-15,Desert Scrub
12,Addition,24,-1.0133422220232913,0.11671416511869219,0.02382417919131156,0.081375,0.0019959197509353726,4.074154131112126e-4,2018-06-15,Desert Scrub
2,Exclusion,24,-1.5771900829932801,0.14080079719238278,0.02874084237486968,0.073875,0.0013929168644626108,2.8432796433757265e-4,2018-06-16,Desert Scrub
4,Exclusion,24,-1.5995972161724634,0.11025686518244558,0.022506088361319017,0.073625,0.0011726039399558585,2.3935677693908477e-4,2018-06-16,Desert Scrub
5,Ambient,24,-1729.6638175654898,1142.7064141567178,233.25397004078556,0.017125,0.0025248762345905194,5.153882032022076e-4,2018-06-16,Desert Scrub
6,Ambient,24,-1.9144784119630058,0.1692316601918805,0.0345442679828483,0.07083333333333333,0.0013726099121798882,2.8018282506059625e-4,2018-06-16,Desert Scrub
7,Exclusion,24,-41.6653094467612,5.937047005311431,1.2118946451609947,0.036375,0.0013452816094393222,2.746044586230388e-4,2018-06-16,Desert Scrub
8,Ambient,24,-1.1395847943246171,0.08484618047989688,0.017319154066653145,0.07925,0.00122474487139159,2.500000000000002e-4,2018-06-16,Desert Scrub
9,Addition,24,-137.53975934135443,59.82290645202774,12.211299644809964,0.028541666666666667,0.0023215281074376822,4.738799405626206e-4,2018-06-16,Desert Scrub
11,Addition,24,-5.569910731520016,0.8717052934563327,0.17793609792092396,0.05629166666666667,0.0018761469921708934,3.8296690110634296e-4,2018-06-16,Desert Scrub
12,Addition,24,-1.1459898413176575,0.09137552580152554,0.018651951099354705,0.07916666666666666,0.001403928236326069,2.86575651207032e-4,2018-06-16,Desert Scrub
2,Exclusion,24,-1.4637479793210793,0.5377877023022122,0.10977545504868351,0.076375,0.0063232662170885955,0.0012907313116371588,2018-06-17,Desert Scrub
4,Exclusion,24,-1.568348221184051,0.48386366486841326,0.09876825700005464,0.07483333333333334,0.0051891749085846055,0.001059235892673819,2018-06-17,Desert Scrub
5,Ambient,24,-885.5984299334019,658.3787633832325,134.39100231445843,0.020666666666666667,0.004410133259020507,9.002146818564735e-4,2018-06-17,Desert Scrub
6,Ambient,24,-1.730710448464135,0.4563885070632656,0.09315991389796643,0.073,0.004323846918418022,8.826015563358e-4,2018-06-17,Desert Scrub
7,Exclusion,24,-44.763181526580496,32.45510896060947,6.62487137499361,0.0385,0.006547485411773844,0.001336499863096877,2018-06-17,Desert Scrub
8,Ambient,24,-1.1410174036241267,0.314846146114958,0.06426770045528361,0.07995833333333333,0.004849734790298525,9.89947968671247e-4,2018-06-17,Desert Scrub
9,Addition,24,-205.54095462599102,231.10529694763557,47.174171198007826,0.03179166666666667,0.009413122970511487,0.0019214456803187173,2018-06-17,Desert Scrub
11,Addition,24,-5.4809383389616455,1.915369706300137,0.3909732041016512,0.05725,0.004551636112910152,9.290988309545761e-4,2018-06-17,Desert Scrub
12,Addition,24,-1.1933733234851476,0.32866650849340967,0.06708877011258062,0.07920833333333334,0.004934168064907563,0.0010071828386799498,2018-06-17,Desert Scrub
2,Exclusion,24,-1.364419679698314,0.5261780966254632,0.10740565421343735,0.07766666666666666,0.006683312551921139,0.0013642254619787414,2018-06-18,Desert Scrub
4,Exclusion,24,-1.5093413014953705,0.46187431453884575,0.09427969965982617,0.07541666666666667,0.005072660451673363,0.001035452478749649,2018-06-18,Desert Scrub
5,Ambient,24,-2993.2999286012764,4116.36214129032,840.24890355597,0.018958333333333334,0.006223931140411156,0.001270454624018828,2018-06-18,Desert Scrub
6,Ambient,24,-1.663839027546429,0.5185575121239123,0.10585010891589057,0.073875,0.005076052043451296,0.0010361447845222951,2018-06-18,Desert Scrub
7,Exclusion,24,-33.257049254219446,23.456444365878312,4.7880266563652665,0.04075,0.006569031428836634,0.0013408979254129717,2018-06-18,Desert Scrub
8,Ambient,24,-1.0598223939122817,0.2927196510752014,0.05975114856831474,0.08120833333333333,0.004727157125879529,9.64926907697193e-4,2018-06-18,Desert Scrub
9,Addition,24,-151.7058096492424,186.28010576537272,38.02426736307051,0.03370833333333333,0.009534738165469358,0.0019462702780367075,2018-06-18,Desert Scrub
11,Addition,24,-4.924111352109597,1.5611513882767059,0.31866869270962583,0.058416666666666665,0.004158978414139146,8.489479138242073e-4,2018-06-18,Desert Scrub
12,Addition,24,-1.0616954920758226,0.27613764389832257,0.056366360527104586,0.08108333333333333,0.004402733011552539,8.987041126675698e-4,2018-06-18,Desert Scrub
2,Exclusion,24,-1.2685652885112269,0.47505863395598935,0.09697093759131536,0.07879166666666666,0.0065006967296601745,0.0013269491633538957,2018-06-19,Desert Scrub
4,Exclusion,24,-1.4598920018239308,0.4514114653195763,0.09214397950625222,0.07595833333333334,0.005051725203950814,0.0010311790892030648,2018-06-19,Desert Scrub
5,Ambient,24,-1960.5558210548272,2266.76504090016,462.7014764153694,0.019625,0.00598412755618525,0.0012215049223651615,2018-06-19,Desert Scrub
6,Ambient,24,-1.5563775836667313,0.4788963943504892,0.09775431715144761,0.07491666666666667,0.005020970516497405,0.0010249013149147626,2018-06-19,Desert Scrub
7,Exclusion,24,-27.971760896406757,18.365862831109876,3.7489160518472056,0.041791666666666664,0.006057544104644237,0.0012364910125652307,2018-06-19,Desert Scrub
8,Ambient,24,-0.9715485061124135,0.22776340993125418,0.046492011367327286,0.08258333333333333,0.004333054617569523,8.844810700546527e-4,2018-06-19,Desert Scrub
9,Addition,24,-98.99243555874061,102.21229540797857,20.863997432347308,0.035541666666666666,0.00928757546246675,0.0018958184025530864,2018-06-19,Desert Scrub
11,Addition,24,-4.555876680985751,1.3896097995130816,0.2836529125315235,0.059333333333333335,0.003996375169169384,8.157566654328163e-4,2018-06-19,Desert Scrub
12,Addition,24,-0.9776431393167482,0.20695466360846954,0.04224444381084077,0.08233333333333333,0.0037261317704845704,7.605934626717066e-4,2018-06-19,Desert Scrub
2,Exclusion,24,-1.1908623978949395,0.4332283058821943,0.08843235762848069,0.07979166666666666,0.00635185126500563,0.0012965662101096372,2018-06-20,Desert Scrub
4,Exclusion,24,-1.4292169979974267,0.45831958102083586,0.09355409271893511,0.076375,0.0052487058446323955,0.001071387594109431,2018-06-20,Desert Scrub
5,Ambient,24,-2179.5593897896274,2852.329733538858,582.2293687782424,0.021666666666666667,0.0087708344091017975,0.0017903390767287177,2018-06-20,Desert Scrub
6,Ambient,24,-1.4852949177219412,0.4566483382185425,0.09321295171044196,0.07566666666666667,0.005010134656410177,0.0010226894542366043,2018-06-20,Desert Scrub
7,Exclusion,24,-24.779396448378904,14.642219572481187,2.98883055453098,0.042666666666666665,0.005961227380670692,0.0012168304436125912,2018-06-20,Desert Scrub
8,Ambient,24,-0.9437435594907148,0.227622950118422,0.04646334012809348,0.083125,0.004396762643028438,8.97485416295868e-4,2018-06-20,Desert Scrub
9,Addition,24,-87.86217005662193,92.73642372311475,18.929743224347018,0.036333333333333336,0.009248579992845278,0.0018878584856486858,2018-06-20,Desert Scrub
11,Addition,24,-4.388522153338416,1.5377738943900598,0.31389678175234953,0.060083333333333336,0.004790540195251351,9.778649225548925e-4,2018-06-20,Desert Scrub
12,Addition,24,-0.9556643112932529,0.18298602202681655,0.037351865335615325,0.08266666666666667,0.003447326206063835,7.036825151484177e-4,2018-06-20,Desert Scrub
2,Exclusion,24,-1.142357746311877,0.3880313238350808,0.07920656230105069,0.08033333333333333,0.0059466224733523915,0.0012138492293900514,2018-06-21,Desert Scrub
4,Exclusion,24,-1.8013799006538322,0.2771792265932556,0.056578972704396165,0.07191666666666667,0.002375905624437104,4.849797047399623e-4,2018-06-21,Desert Scrub
5,Ambient,24,-1230.0519392494607,1545.9369182641901,315.5630520231642,0.022833333333333334,0.007469745741942985,0.001524755464673972,2018-06-21,Desert Scrub
6,Ambient,24,-1.377038003051375,0.3128227274947674,0.06385467185899084,0.0765,0.003718344652734838,7.590039239172221e-4,2018-06-21,Desert Scrub
7,Exclusion,24,-23.130914532373602,13.066638779909253,2.667216472003385,0.043083333333333335,0.005686877852578242,0.001160829080695936,2018-06-21,Desert Scrub
8,Ambient,24,-0.9166644994035844,0.1986335681925384,0.04054590732167049,0.08354166666666667,0.004032252220659624,8.230800379017036e-4,2018-06-21,Desert Scrub
9,Addition,24,-80.50885903305299,86.55329781132329,17.667617932741177,0.037208333333333336,0.009568876934996156,0.001953238825185635,2018-06-21,Desert Scrub
11,Addition,24,-4.1785859811805315,1.4614071056300482,0.29830847627260465,0.060708333333333336,0.004777475835869696,9.751981713631093e-4,2018-06-21,Desert Scrub
12,Addition,24,-0.9157165245045216,0.16132152033189606,0.032929617445263945,0.083375,0.0031871003585786494,6.505641364632493e-4,2018-06-21,Desert Scrub
2,Exclusion,24,-1.1295849278361891,0.3381781469900177,0.06903032519045586,0.08029166666666666,0.005376916577747694,0.0010975585004161506,2018-06-22,Desert Scrub
4,Exclusion,24,-2.2933432795536524,0.6396288388858158,0.13056369000325999,0.06875,0.004336398024407693,8.851635401176569e-4,2018-06-22,Desert Scrub
5,Ambient,24,-1376.5122401873375,1871.7309542848393,382.0654811475403,0.022291666666666668,0.0070308584834636485,0.0014351679781836916,2018-06-22,Desert Scrub
6,Ambient,24,-1.3850558265439152,0.30487881710522435,0.06223312794092631,0.076375,0.003609317652000652,7.367488805851552e-4,2018-06-22,Desert Scrub
7,Exclusion,24,-22.999515139286363,12.393135280134901,2.529738145801231,0.042916666666666665,0.005331747952771591,0.001088338493451602,2018-06-22,Desert Scrub
8,Ambient,24,-0.9044759917361521,0.17032173594130484,0.0347667787634376,0.08366666666666667,0.003571221526089606,7.289725414469149e-4,2018-06-22,Desert Scrub
9,Addition,24,-56.458165621516656,46.88594396067595,9.57055323436522,0.038,0.00826727440496301,0.0016875503213108999,2018-06-22,Desert Scrub
11,Addition,24,-3.90880514629544,0.8815638897285148,0.17994847545816983,0.06104166666666667,0.0032634892858473706,6.661569609471611e-4,2018-06-22,Desert Scrub
12,Addition,24,-0.902148932542202,0.1289377649680476,0.026319311062218402,0.08354166666666667,0.00266994816211959,5.450008864062278e-4,2018-06-22,Desert Scrub
2,Exclusion,24,-1.17812688788868,0.36577258601284784,0.07466301646914572,0.079625,0.005499505906660281,0.0011225819423949883,2018-06-23,Desert Scrub
4,Exclusion,24,-2.281728646509014,0.6225210962291001,0.12707158665661006,0.06879166666666667,0.0042321663346397385,8.638873355376933e-4,2018-06-23,Desert Scrub
5,Ambient,24,-1988.876369147005,2764.108762127567,564.2213383973819,0.021333333333333333,0.0070751657941346335,0.0014442121701019322,2018-06-23,Desert Scrub
6,Ambient,24,-1.4958017017341445,0.392128211556094,0.0800428360052137,0.07529166666666667,0.004185681251150388,8.543986076043947e-4,2018-06-23,Desert Scrub
7,Exclusion,24,-24.609825986108383,12.684565105657878,2.5892260098311994,0.042249999999999996,0.0052771039488488875,0.0010771843328588296,2018-06-23,Desert Scrub
8,Ambient,24,-0.9432705026012663,0.1913966270849995,0.039068672904000276,0.08295833333333333,0.0037356003727550295,7.625262330167051e-4,2018-06-23,Desert Scrub
9,Addition,24,-72.37776473068888,74.52233081365009,15.211807078027556,0.037,0.008642664645461666,0.0017641765332810971,2018-06-23,Desert Scrub
11,Addition,24,-4.3859685290838515,1.2180738032605356,0.24863827391996476,0.059666666666666666,0.0034849573220101107,7.11363934525075e-4,2018-06-23,Desert Scrub
12,Addition,24,-0.9270428995932426,0.15497665330002583,0.03163447688577317,0.083125,0.0030547539572165897,6.235490404106968e-4,2018-06-23,Desert Scrub
2,Exclusion,24,-1.224780904544853,0.34861848908278886,0.07116145109607173,0.07879166666666666,0.0049517600442905065,0.001010773786434431,2018-06-24,Desert Scrub
4,Exclusion,24,-2.2975218502087333,0.5369135319100761,0.10959701576460167,0.0685,0.003550872519842679,7.248188179404416e-4,2018-06-24,Desert Scrub
5,Ambient,24,-1227.794464977958,1477.9077095015436,301.67664793368436,0.0215,0.006,0.0012247448713915891,2018-06-24,Desert Scrub
6,Ambient,24,-1.5017052389959047,0.3454173431644841,0.07050801992173508,0.07508333333333334,0.0036821150191829635,7.516085809363796e-4,2018-06-24,Desert Scrub
7,Exclusion,24,-26.373488163681294,12.453951394160216,2.542152183092976,0.041291666666666664,0.00449617389678657,9.177776534956814e-4,2018-06-24,Desert Scrub
8,Ambient,24,-0.9479787209777073,0.14155311767735002,0.028894409150804087,0.08266666666666667,0.002745219824359782,5.603656501211937e-4,2018-06-24,Desert Scrub
9,Addition,24,-71.52894710789829,68.96588874886059,14.077603091021652,0.036625,0.008282052360637901,0.0016905668588813123,2018-06-24,Desert Scrub
11,Addition,24,-4.3127459216491255,1.0073677164494679,0.2056280740544904,0.05975,0.003110291472431203,6.34885588232185e-4,2018-06-24,Desert Scrub
12,Addition,24,-0.9344196753357632,0.1497993482777268,0.0305776639234914,0.08295833333333333,0.0029263297485248364,5.973345585844053e-4,2018-06-24,Desert Scrub
2,Exclusion,24,-1.1565433635578797,0.3843396161050649,0.07845299561621508,0.08008333333333333,0.005867498294152633,0.0011976980739437225,2018-06-25,Desert Scrub
4,Exclusion,24,-2.362667556795521,0.6455978237749718,0.13178210394166126,0.06829166666666667,0.004288297185786355,8.753449975491372e-4,2018-06-25,Desert Scrub
5,Ambient,24,-1169.8629110003096,1321.7162492949305,269.7941996264822,0.0245,0.011005927256828871,0.00224657549378501,2018-06-25,Desert Scrub
6,Ambient,24,-1.50811896421632,0.3958463285083842,0.08080179344997229,0.07516666666666667,0.004218661096755149,8.611305903983476e-4,2018-06-25,Desert Scrub
7,Exclusion,24,-24.511558145654814,13.783949178405061,2.813636843962318,0.042583333333333334,0.005717377527949458,0.0011670548008609366,2018-06-25,Desert Scrub
8,Ambient,24,-0.9274543476027507,0.2016760317551279,0.04116694759578336,0.08333333333333333,0.00403965847315217,8.245918328611163e-4,2018-06-25,Desert Scrub
9,Addition,24,-79.00362986062903,82.54334951911167,16.849090665169236,0.03679166666666667,0.009050482411676074,0.0018474219862200088,2018-06-25,Desert Scrub
11,Addition,24,-4.248671307920304,1.39915004070101,0.28560030610931586,0.060375,0.004470312701833499,9.124987591812094e-4,2018-06-25,Desert Scrub
12,Addition,24,-0.9080620229072865,0.1523852988775715,0.031105518879296697,0.0835,0.003064523510731491,6.255432421712235e-4,2018-06-25,Desert Scrub
2,Exclusion,24,-1.102082540259129,0.3484047245961238,0.07111781660295029,0.08079166666666666,0.005532348873486832,0.0011292859849253388,2018-06-26,Desert Scrub
4,Exclusion,24,-2.3367769839521118,0.6204367504492405,0.12664612135592843,0.068375,0.00394321100671499,8.049045762148415e-4,2018-06-26,Desert Scrub
5,Ambient,24,-845.9316928212041,1130.7274600281035,230.80877626850963,0.023041666666666665,0.005488954653520632,0.001120428176866732,2018-06-26,Desert Scrub
6,Ambient,24,-1.4391145094494093,0.2889309906371135,0.05897779149481601,0.07566666666666666,0.0032659863237109073,6.666666666666674e-4,2018-06-26,Desert Scrub
7,Exclusion,24,-23.43320477438337,12.403747775706048,2.531904412388469,0.042708333333333334,0.005270749197357931,0.0010758871746425769,2018-06-26,Desert Scrub
8,Ambient,24,-0.8952954487148815,0.17457985397011874,0.03563596346636592,0.083875,0.003663124112130183,7.477320782670517e-4,2018-06-26,Desert Scrub
9,Addition,24,-66.514643613661,62.192045618142046,12.694898152028538,0.037125,0.008268917704270613,0.0016878857583774245,2018-06-26,Desert Scrub
11,Addition,24,-4.04404583922779,1.1855676473789052,0.24200298263585102,0.060875,0.004152657608976607,8.476576848732264e-4,2018-06-26,Desert Scrub
12,Addition,24,-0.8922064027143165,0.13038584953578114,0.02661490008683056,0.08375,0.002706674519871519,5.524976227898225e-4,2018-06-26,Desert Scrub
2,Exclusion,24,-1.1267525667555884,0.3619026004662045,0.07387305897737721,0.08045833333333333,0.005687355667861262,0.0011609266143321612,2018-06-27,Desert Scrub
4,Exclusion,24,-2.30853857961784,0.6310951196392507,0.1288217518564056,0.068625,0.004250958971092644,8.67723366390297e-4,2018-06-27,Desert Scrub
5,Ambient,24,-1331.8329642485373,1580.4780805964444,322.61373725955303,0.021375,0.006309499394460361,0.0012879211707356108,2018-06-27,Desert Scrub
6,Ambient,24,-1.403579849839832,0.30018567179330885,0.061275143665682305,0.076125,0.003468021613693245,7.079069475409975e-4,2018-06-27,Desert Scrub
7,Exclusion,24,-23.909338339370024,13.163927826500599,2.687075515479273,0.042749999999999996,0.005674121268876182,0.0011582251539516734,2018-06-27,Desert Scrub
8,Ambient,24,-0.9039457100083336,0.17723528018489748,0.03617800007268409,0.08370833333333333,0.003700518960863479,7.553652698008131e-4,2018-06-27,Desert Scrub
9,Addition,24,-72.51974722448843,72.58219285709433,14.815778076013585,0.03691666666666667,0.008717382268960586,0.0017794282043115753,2018-06-27,Desert Scrub
11,Addition,24,-4.253479641569969,1.395026717991533,0.28475863638572846,0.060375,0.004547455093355729,9.282453839118315e-4,2018-06-27,Desert Scrub
12,Addition,24,-0.891629819235752,0.13758305434471246,0.028084023366512816,0.08379166666666667,0.0028889469522221417,5.897038272427384e-4,2018-06-27,Desert Scrub
2,Exclusion,24,-1.2357850597416669,0.3488913650878218,0.07121715167735339,0.078625,0.004897315147320413,9.9966026837817e-4,2018-06-28,Desert Scrub
4,Exclusion,24,-2.4037008259126758,0.6127619686778671,0.12507951308700524,0.06791666666666667,0.0037983596764766822,7.753369222442387e-4,2018-06-28,Desert Scrub
5,Ambient,24,-2165.455440464951,2680.434389410663,547.1413785887258,0.018958333333333334,0.005221020778642285,0.00106573640367851,2018-06-28,Desert Scrub
6,Ambient,24,-1.473058747986464,0.3380278629621773,0.06899964859173092,0.075375,0.0035608071874347474,7.26846723470836e-4,2018-06-28,Desert Scrub
7,Exclusion,24,-26.430521424460885,12.814242806763495,2.6156963597250256,0.041291666666666664,0.004476792006187765,9.138213416442215e-4,2018-06-28,Desert Scrub
8,Ambient,24,-0.9615051527430779,0.17088698751867168,0.034882160258508606,0.0825,0.0031622776601683764,6.454972243679023e-4,2018-06-28,Desert Scrub
9,Addition,24,-87.83768084317474,86.16016439965081,17.587369911121417,0.035416666666666666,0.008386929098910097,0.0017119747334358372,2018-06-28,Desert Scrub
11,Addition,24,-4.765463048332234,1.305927601347021,0.2665713553597473,0.058625000000000003,0.003572996550211893,7.293348667286428e-4,2018-06-28,Desert Scrub
12,Addition,24,-0.9280578805227414,0.14875525438309578,0.03036453914970796,0.08308333333333333,0.0029476101840476515,6.016784092956632e-4,2018-06-28,Desert Scrub
2,Exclusion,24,-1.2932277081363142,0.3753916034414685,0.07662649017973396,0.07791666666666666,0.0050726604516733685,0.00103545247874965,2018-06-29,Desert Scrub
4,Exclusion,24,-2.445033996475961,0.5399162849105684,0.11020995015416979,0.06754166666666667,0.0033876908470759706,6.915094984694206e-4,2018-06-29,Desert Scrub
5,Ambient,24,-1830.0154458562583,1849.5586708337762,377.53958274025194,0.018625,0.004716414445040989,9.627340671535266e-4,2018-06-29,Desert Scrub
6,Ambient,24,-1.568554422066029,0.34501249741009615,0.07042538112816987,0.07433333333333333,0.003472458929129723,7.08812710761593e-4,2018-06-29,Desert Scrub
7,Exclusion,24,-28.54016220719867,14.456914141054071,2.951005241734086,0.04075,0.00469273258671691,9.579000280656203e-4,2018-06-29,Desert Scrub
8,Ambient,24,-0.9871412533612178,0.17653133824676484,0.036034308526269855,0.08204166666666667,0.003223273608247238,6.579479701321112e-4,2018-06-29,Desert Scrub
9,Addition,24,-99.2362980883125,95.21892527786049,19.43648173224643,0.034416666666666665,0.00799954708862873,0.001632900711708926,2018-06-29,Desert Scrub
11,Addition,24,-4.96202231025607,1.3952342633653396,0.2848010014077536,0.058166666666666665,0.003749396086637521,7.65342271320833e-4,2018-06-29,Desert Scrub
12,Addition,24,-0.9683285917068044,0.15769918858430923,0.032190212073541294,0.08233333333333333,0.003002414487312366,6.128652908546046e-4,2018-06-29,Desert Scrub
2,Exclusion,24,-1.358799919215592,0.46404230277472014,0.09472223840534691,0.077375,0.005762038437612315,0.0011761711708711481,2018-06-30,Desert Scrub
4,Exclusion,24,-2.5988128663400434,0.6439658487269737,0.13144897842994882,0.06679166666666667,0.0038895530833767764,7.939516984785082e-4,2018-06-30,Desert Scrub
5,Ambient,24,-4470.330843538937,5750.924589805532,1173.9025661873507,0.017499999999999998,0.005934424260562083,0.0012113592796308725,2018-06-30,Desert Scrub
6,Ambient,24,-1.6920067689599758,0.4624111713353045,0.09438928509451527,0.073375,0.004332009273746546,8.842676901403141e-4,2018-06-30,Desert Scrub
7,Exclusion,24,-32.257430397020606,19.612547972714776,4.003394590750655,0.040125,0.005177816393876443,0.001056917345567911,2018-06-30,Desert Scrub
8,Ambient,24,-1.0135037119265722,0.20773640946255542,0.04240401701509466,0.08166666666666667,0.00359548831619351,7.33925979234397e-4,2018-06-30,Desert Scrub
9,Addition,24,-103.39104155460579,102.6059194615806,20.944345605831547,0.034916666666666665,0.008934139050838091,0.0018236734971355455,2018-06-30,Desert Scrub
11,Addition,24,-5.351959777675505,1.9022972795097182,0.38830480615694996,0.057541666666666665,0.004510655661071197,9.20733731251731e-4,2018-06-30,Desert Scrub
12,Addition,24,-0.9810349665283671,0.17842541428367822,0.036420935178309084,0.08216666666666667,0.003305682415460391,6.747695974640791e-4,2018-06-30,Desert Scrub
2,Exclusion,24,-1.2169896996766179,0.4064295721525022,0.08296208901260915,0.07925,0.005987305411197639,0.0012221535993032365,2018-07-01,Desert Scrub
4,Exclusion,24,-2.483750082476558,0.6349049803301525,0.1295994364133887,0.06745833333333333,0.003889553083376776,7.939516984785081e-4,2018-07-01,Desert Scrub
5,Ambient,24,-3850.058180561015,5274.845791638985,1076.723388448559,0.018208333333333333,0.006107580227216345,0.0012467045933159827,2018-07-01,Desert Scrub
6,Ambient,24,-1.5613610495753643,0.41739456919042367,0.08520030966044553,0.074625,0.004261174567610692,8.69808616297578e-4,2018-07-01,Desert Scrub
7,Exclusion,24,-27.470367374448013,15.29301708176468,3.121674039832543,0.04145833333333333,0.005421207684051884,0.0011065993846318698,2018-07-01,Desert Scrub
8,Ambient,24,-0.971103792150976,0.21014210222405383,0.04289507699372617,0.0825,0.003978201472590563,8.120469751529599e-4,2018-07-01,Desert Scrub
9,Addition,24,-87.9263319588479,91.34891143461728,18.64651846445867,0.035875,0.008694388495135688,0.0017747346198839118,2018-07-01,Desert Scrub
11,Addition,24,-4.749436287736996,1.5204726392573717,0.31036517783695,0.058916666666666666,0.004353076539910463,8.885680278383972e-4,2018-07-01,Desert Scrub
12,Addition,24,-0.9450147700635629,0.17308528746731805,0.03533088635648945,0.08283333333333333,0.0032925035626624475,6.720794754015613e-4,2018-07-01,Desert Scrub
2,Exclusion,24,-1.242060029525509,0.35135029774253035,0.07171907920367865,0.07854166666666666,0.0049076618595351755,0.0010017722821649693,2018-07-02,Desert Scrub
4,Exclusion,24,-2.4125251583513823,0.6183619887626658,0.1262226124000964,0.067875,0.003848348036326189,7.855407534700656e-4,2018-07-02,Desert Scrub
5,Ambient,24,-2292.296833626231,2775.1334076296957,566.471734736989,0.018625,0.005139890880249265,0.0010491758325162815,2018-07-02,Desert Scrub
6,Ambient,24,-1.5181787951193082,0.2864046822816627,0.058462110961167324,0.07475,0.003039593794371646,6.204544851283957e-4,2018-07-02,Desert Scrub
7,Exclusion,24,-26.88897596547905,11.94349246586344,2.4379551906783887,0.04095833333333333,0.004164854678467621,8.501474012574141e-4,2018-07-02,Desert Scrub
8,Ambient,24,-0.9862353396160239,0.17237489126222977,0.0351858773383498,0.08204166666666667,0.0031412980793277786,6.41214785361491e-4,2018-07-02,Desert Scrub
9,Addition,24,-80.56690920430229,79.40202261110244,16.207869995177784,0.035791666666666666,0.008075616367197301,0.0016484282881751452,2018-07-02,Desert Scrub
11,Addition,24,-4.712940796675048,1.3704049503839837,0.2797327391187382,0.058833333333333335,0.003772516939388214,7.700617956256016e-4,2018-07-02,Desert Scrub
12,Addition,24,-0.9307734753074659,0.12552909883051558,0.02562352000051365,0.08295833333333333,0.002561914478881259,5.229486031589463e-4,2018-07-02,Desert Scrub
2,Exclusion,24,-1.3220774254049252,0.38408396382085846,0.07840081081222484,0.07754166666666666,0.005038798741130988,0.0010285404860290955,2018-07-03,Desert Scrub
4,Exclusion,24,-2.5263183433443706,0.5432857084299574,0.11089773084998943,0.06704166666666667,0.003276784832817026,6.68870903107733e-4,2018-07-03,Desert Scrub
5,Ambient,24,-4252.401423856814,5585.925859386987,1140.2223413763113,0.017166666666666667,0.0054586721324215255,0.0011142467831319089,2018-07-03,Desert Scrub
6,Ambient,24,-1.5875069139605564,0.32429430825895983,0.06619629847694068,0.07408333333333333,0.0032426058585068866,6.618941491917718e-4,2018-07-03,Desert Scrub
7,Exclusion,24,-30.816557537657282,16.83423206495628,3.436273230895174,0.04020833333333333,0.004809222721854936,9.81678477328622e-4,2018-07-03,Desert Scrub
8,Ambient,24,-1.0116753182783615,0.18538212671804843,0.037840968157599256,0.081625,0.0033075999442653777,6.751610113923546e-4,2018-07-03,Desert Scrub
9,Addition,24,-94.2434537283446,88.94024714158755,18.1548519244933,0.034416666666666665,0.007672178233108229,0.001566076823900248,2018-07-03,Desert Scrub
11,Addition,24,-4.895868371955535,1.3813039117753505,0.2819574802966668,0.058333333333333334,0.00373778202852355,7.629715616356448e-4,2018-07-03,Desert Scrub
12,Addition,24,-0.9640971718783108,0.15919554927852494,0.03249565542120674,0.08241666666666667,0.0030204616213084195,6.165491466554352e-4,2018-07-03,Desert Scrub
2,Exclusion,24,-1.4278940759243874,0.4203568633433766,0.08580498542234259,0.07625,0.004883423603063382,9.96824668780752e-4,2018-07-04,Desert Scrub
4,Exclusion,24,-2.6945267068316503,0.531259262895884,0.10844284293516832,0.06604166666666667,0.0029263297485248407,5.973345585844062e-4,2018-07-04,Desert Scrub
5,Ambient,24,-4387.307588270266,5373.806419282154,1096.9236419778363,0.017916666666666668,0.0069025305168634995,0.0014089731416920843,2018-07-04,Desert Scrub
6,Ambient,24,-1.7327123613944597,0.3622971991813705,0.07395360610282009,0.07270833333333333,0.0032634892858473675,6.661569609471606e-4,2018-07-04,Desert Scrub
7,Exclusion,24,-36.45615839596748,19.553899520754825,3.991423025625154,0.038625,0.004240718765984594,8.656330932756168e-4,2018-07-04,Desert Scrub
8,Ambient,24,-1.0933323665975119,0.2368334814142378,0.04834343195598383,0.080375,0.003692677831224571,7.537647059156183e-4,2018-07-04,Desert Scrub
9,Addition,24,-127.2655817648148,110.46949550718332,22.549491344606498,0.03170833333333333,0.006504039993103061,0.0013276316041464602,2018-07-04,Desert Scrub
11,Addition,24,-5.739098038129182,1.6966694669032532,0.3463312046727435,0.056375,0.003597251366155047,7.342858603007968e-4,2018-07-04,Desert Scrub
12,Addition,24,-1.035538665263459,0.13847044033979672,0.028265160274250176,0.08104166666666666,0.0023308734445466497,4.7578754951189283e-4,2018-07-04,Desert Scrub
2,Exclusion,24,-1.3568428369122885,0.4627321455671184,0.09445480368522575,0.07741666666666666,0.00585265949704968,0.0011946691171688122,2018-07-05,Desert Scrub
4,Exclusion,24,-2.51921246912982,0.6633696425704472,0.13540976126250445,0.06729166666666667,0.0040160457154277745,8.197718988740554e-4,2018-07-05,Desert Scrub
5,Ambient,24,-2268.585145772711,2683.1008063337235,547.6856586639776,0.020625,0.007258053997187329,0.0014815440682230674,2018-07-05,Desert Scrub
6,Ambient,24,-1.6474543380888544,0.41488185932232324,0.0846874049064037,0.07370833333333333,0.004080485549397348,8.329256249019821e-4,2018-07-05,Desert Scrub
7,Exclusion,24,-33.56092491523428,19.382996560838333,3.956537605014593,0.03970833333333333,0.005145527113461002,0.001050326323802955,2018-07-05,Desert Scrub
8,Ambient,24,-1.0286572196409933,0.19955305422780725,0.04073359662267244,0.081375,0.0034992235163520623,7.142760092508385e-4,2018-07-05,Desert Scrub
9,Addition,24,-119.61232683146929,108.2968371567579,22.10599931594489,0.033416666666666664,0.008392111547869466,0.0017130325963998765,2018-07-05,Desert Scrub
11,Addition,24,-5.419821258336976,1.8749797158751489,0.3827286318302246,0.057375,0.004537884011777718,9.262916950657751e-4,2018-07-05,Desert Scrub
12,Addition,24,-1.0299688390287187,0.2179154959793987,0.044481814349587166,0.08141666666666666,0.0037522939843417824,7.65933802212685e-4,2018-07-05,Desert Scrub
2,Exclusion,24,-1.2343460795727257,0.41991907193160405,0.08571562162462465,0.07904166666666666,0.0060395736004590864,0.0012328227987590502,2018-07-06,Desert Scrub
4,Exclusion,24,-2.3267823081244816,0.6114244475189842,0.12480649272371862,0.06845833333333333,0.004085809660239954,8.340124044768492e-4,2018-07-06,Desert Scrub
5,Ambient,24,-836.9745588252647,1070.9086163458223,218.59830593310147,0.026375,0.010197239609432246,0.0020815028190005525,2018-07-06,Desert Scrub
6,Ambient,24,-1.4921506863775522,0.30003645477843943,0.061244684870068025,0.07508333333333334,0.0032958032163009562,6.727530143800834e-4,2018-07-06,Desert Scrub
7,Exclusion,24,-32.70693310430169,18.991605636042728,3.876645267039155,0.03995833333333333,0.005195978099049024,0.0010606245881122185,2018-07-06,Desert Scrub
8,Ambient,24,-0.9928967250350011,0.19439360874674813,0.03968042922398049,0.082,0.003489113503954585,7.122123116119191e-4,2018-07-06,Desert Scrub
9,Addition,24,-106.5788153650246,100.90692998379863,20.597540830921258,0.033916666666666664,0.007906610699511086,0.0016139301507193445,2018-07-06,Desert Scrub
11,Addition,24,-4.877073403791273,1.5671654671437147,0.31989631141771147,0.058583333333333334,0.004323008882375961,8.824304929450407e-4,2018-07-06,Desert Scrub
12,Addition,24,-0.9704646289383189,0.1905150142294185,0.038888714433429325,0.08241666666666667,0.0035620788589111043,7.271063023239632e-4,2018-07-06,Desert Scrub
2,Exclusion,24,-1.2932629916076084,0.28715783127901795,0.05861584685648475,0.07754166666666666,0.003776116784610153,7.707966109544971e-4,2018-07-07,Desert Scrub
4,Exclusion,24,-2.2199777821049786,0.45148479485490467,0.09215894783497137,0.068875,0.0029827402049851354,6.08849294791507e-4,2018-07-07,Desert Scrub
5,Ambient,24,-507.21563837839557,340.63099385633353,69.5310104604274,0.0225,0.003635573036585543,7.421082385212817e-4,2018-07-07,Desert Scrub
6,Ambient,24,-1.5246834388263255,0.19657862365095377,0.0401264435236205,0.0745,0.0020430156738209986,4.1702882811414996e-4,2018-07-07,Desert Scrub
7,Exclusion,24,-30.557421651085193,10.683540922811643,2.1807686589192876,0.03941666666666666,0.003077501339196073,6.281923303135229e-4,2018-07-07,Desert Scrub
8,Ambient,24,-1.0061609915143805,0.12944422912725484,0.02642269262580719,0.08154166666666667,0.0023215281074376822,4.738799405626206e-4,2018-07-07,Desert Scrub
9,Addition,24,-95.32967706836507,83.0802460899814,16.958684218775975,0.033125,0.005929385186986268,0.0012103306830444484,2018-07-07,Desert Scrub
11,Addition,24,-5.050658948281694,1.0472490688491425,0.21376882102376743,0.057625,0.002498912807080572,5.100884407544484e-4,2018-07-07,Desert Scrub
12,Addition,24,-0.9922974345946194,0.09558269342267375,0.019510735593869042,0.08170833333333334,0.001706233244330322,3.4828340256523236e-4,2018-07-07,Desert Scrub
2,Exclusion,24,-1.3042544967217333,0.4488568538417584,0.09162252162194295,0.078125,0.006031169040907411,0.0012311072252245137,2018-07-08,Desert Scrub
4,Exclusion,24,-2.16710844230369,0.6993805155022331,0.14276044991876097,0.06979166666666667,0.0048362684741051305,9.871991683888476e-4,2018-07-08,Desert Scrub
5,Ambient,24,-708.8191153940967,597.5934190158298,121.98324585283375,0.022083333333333333,0.004862605015445104,9.925750923782352e-4,2018-07-08,Desert Scrub
6,Ambient,24,-1.6145959070994076,0.41111435248952094,0.08391836579450246,0.07404166666666667,0.004122885931698462,8.415805666967042e-4,2018-07-08,Desert Scrub
7,Exclusion,24,-34.330143280730304,19.735270454437625,4.028445212433073,0.039625,0.005403803008670999,0.0011030466701467075,2018-07-08,Desert Scrub
8,Ambient,24,-0.9959874290589088,0.20556048554283646,0.04195985840489231,0.082,0.003753259453027344,7.661308776828735e-4,2018-07-08,Desert Scrub
9,Addition,24,-106.35058477672742,104.77592129405919,21.387295375037965,0.034666666666666665,0.008741040962119402,0.0017842575148299233,2018-07-08,Desert Scrub
11,Addition,24,-5.1720582814875256,1.8156623109675518,0.37062051725608497,0.057958333333333334,0.004525091079233911,9.236803486452606e-4,2018-07-08,Desert Scrub
12,Addition,24,-1.033431213910969,0.20647299004233252,0.042146122605872235,0.08133333333333333,0.00371444497190029,7.582079049001926e-4,2018-07-08,Desert Scrub
2,Exclusion,24,-1.2487557698204508,0.3883484165006335,0.07927128857036594,0.07866666666666666,0.005607965349600411,0.0011447211334774739,2018-07-09,Desert Scrub
4,Exclusion,24,-1.863082177327012,0.31918139936848955,0.0651526303200247,0.07145833333333333,0.002750164685450933,5.613750156647155e-4,2018-07-09,Desert Scrub
5,Ambient,24,-255.2790026349359,103.25693296273731,21.077233180289607,0.025083333333333332,0.002586195235689187,5.27904891887949e-4,2018-07-09,Desert Scrub
6,Ambient,24,-1.3907796683970868,0.17147202830205616,0.035001581208342784,0.076,0.0021264381322847817,4.34057366141216e-4,2018-07-09,Desert Scrub
7,Exclusion,24,-40.81514320099053,25.142064375022887,5.132102399917743,0.0385,0.005679865277030555,0.00115939764470639,2018-07-09,Desert Scrub
8,Ambient,24,-1.002152926940293,0.18332868286454485,0.037421810686221066,0.08179166666666667,0.0033097900454451064,6.756080639236382e-4,2018-07-09,Desert Scrub
9,Addition,24,-99.42158824610348,89.85389885697276,18.341350299935993,0.03383333333333333,0.007452263540969144,0.001521186925343414,2018-07-09,Desert Scrub
11,Addition,24,-4.791253489668798,1.3899532252667905,0.28372301401995,0.058625000000000003,0.0037741972944443838,7.704047966651284e-4,2018-07-09,Desert Scrub
12,Addition,24,-1.1604404792407272,0.33579377213207046,0.06854361671066488,0.07975,0.005101150765311175,0.001041268039668357,2018-07-09,Desert Scrub
2,Exclusion,24,-1.344684770837978,0.3152700521588649,0.06435422991415476,0.07695833333333334,0.004037639933412102,8.241798001620582e-4,2018-07-10,Desert Scrub
4,Exclusion,24,-1.9659502942709288,0.6138674291437332,0.12530516425968782,0.07145833333333333,0.005875366161885732,0.0011993040957195393,2018-07-10,Desert Scrub
5,Ambient,24,-484.0516760500334,285.1216143840653,58.200205823295725,0.022333333333333334,0.003059790653064309,6.245771516454056e-4,2018-07-10,Desert Scrub
6,Ambient,24,-1.5659089245743658,0.31604129780078233,0.06451165977157501,0.07429166666666666,0.0031961820520966773,6.524179293898751e-4,2018-07-10,Desert Scrub
7,Exclusion,24,-44.691153493766926,23.279537739454792,4.751915742460701,0.036958333333333336,0.004164854678467621,8.501474012574141e-4,2018-07-10,Desert Scrub
8,Ambient,24,-1.101633996813895,0.16332816588571292,0.03333922225372027,0.08,0.0025366873297069277,5.177991328970975e-4,2018-07-10,Desert Scrub
9,Addition,24,-114.46877136440051,92.35435963185977,18.851754718295776,0.03191666666666667,0.006035522863173004,0.0012319959454729695,2018-07-10,Desert Scrub
11,Addition,24,-4.899878518689834,1.2846368981064566,0.2622254087593804,0.058208333333333334,0.003309790045445109,6.756080639236387e-4,2018-07-10,Desert Scrub
12,Addition,24,-1.2582353150205623,0.3800053517858479,0.07756826761684564,0.07820833333333334,0.004159631742340187,8.490812738848007e-4,2018-07-10,Desert Scrub
2,Exclusion,24,-1.4237510812270608,0.42662963630448797,0.08708540984126342,0.076375,0.005190396650671736,0.0010594852797330483,2018-07-11,Desert Scrub
4,Exclusion,24,-1.3646499255860565,0.15559049248727938,0.03175977628518117,0.07629166666666666,0.0019886453039512962,4.0593052283855304e-4,2018-07-11,Desert Scrub
5,Ambient,24,-215.0193513210509,192.54885727552644,39.30387090675202,0.027083333333333334,0.0035864075117838616,7.320723677962591e-4,2018-07-11,Desert Scrub
6,Ambient,24,-1.3494138108924094,0.14730487435001355,0.03006848156519359,0.07645833333333334,0.0017932037558919325,3.6603618389812994e-4,2018-07-11,Desert Scrub
7,Exclusion,24,-103.34705740108737,81.13847290020561,16.562321426178713,0.033041666666666664,0.006999870599218037,0.0014288426027995102,2018-07-11,Desert Scrub
8,Ambient,24,-1.254503871724447,0.3367021944376796,0.06872904763730696,0.07833333333333334,0.004860369163530391,9.921187010172791e-4,2018-07-11,Desert Scrub
9,Addition,24,-121.7678935109296,107.00745872892487,21.84280604648298,0.03295833333333333,0.008018886221407812,0.0016368482956569828,2018-07-11,Desert Scrub
11,Addition,24,-4.116404873163854,0.7571042968992825,0.15454326745598854,0.060208333333333336,0.002570385974512585,5.246778399635268e-4,2018-07-11,Desert Scrub
12,Addition,24,-1.9715581841694254,0.846021704655141,0.1726934573103923,0.07216666666666667,0.007287074123086873,0.001487467776616835,2018-07-11,Desert Scrub
2,Exclusion,24,-1.4410987639344952,0.2697751079701785,0.05506761331926473,0.075625,0.0032812047098323667,6.697731067255197e-4,2018-07-12,Desert Scrub
4,Exclusion,24,-1.908556926098739,0.24309683748797323,0.0496219341608183,0.07095833333333333,0.0019886453039512893,4.0593052283855157e-4,2018-07-12,Desert Scrub
5,Ambient,24,-58.36851367156412,47.00805209102502,9.595478452098593,0.03766666666666667,0.008544851827482042,0.0017442105754182798,2018-07-12,Desert Scrub
6,Ambient,24,-1.4049890026441971,0.12100287398421092,0.02469960822263418,0.07575,0.001421878732675465,2.9023978093084134e-4,2018-07-12,Desert Scrub
7,Exclusion,24,-56.59284252731386,29.3283847469719,5.986631467508857,0.035125,0.003992520180450481,8.149697691556915e-4,2018-07-12,Desert Scrub
8,Ambient,24,-1.1059603765426012,0.1414865355936352,0.02888081813987804,0.079875,0.0021732064068920214,4.4360390021939104e-4,2018-07-12,Desert Scrub
9,Addition,24,-77.41186164577753,48.20033758250912,9.83885270892022,0.033666666666666664,0.005321544942938108,0.001086255812790549,2018-07-12,Desert Scrub
11,Addition,24,-4.355902012554355,0.5607796334049505,0.11446866333226144,0.059333333333333335,0.001785610763044803,3.6448627072345745e-4,2018-07-12,Desert Scrub
12,Addition,24,-1.2784493859489456,0.2514788332877399,0.05133290188878332,0.077625,0.0033075999442653834,6.751610113923558e-4,2018-07-12,Desert Scrub
2,Exclusion,24,-1.466327042997386,0.40807406696247916,0.08329777011003404,0.07575,0.004729647472845235,9.654352476428988e-4,2018-07-13,Desert Scrub
4,Exclusion,24,-1.889376862901361,0.30068636810882343,0.0613773478731075,0.07120833333333333,0.002587245751703947,5.281193275715144e-4,2018-07-13,Desert Scrub
5,Ambient,24,-60.15550616149615,29.90786922191072,6.104918240630918,0.035375000000000004,0.006254129070844525,0.0012766187507563128,2018-07-13,Desert Scrub
6,Ambient,24,-1.4424178013140903,0.16402084503243414,0.03348061479246472,0.075375,0.0019067956275430772,3.892230276042151e-4,2018-07-13,Desert Scrub
7,Exclusion,24,-53.32248973217162,30.946845309366143,6.316998346399173,0.035916666666666666,0.004614878270255389,9.420080822652959e-4,2018-07-13,Desert Scrub
8,Ambient,24,-1.0993843581963216,0.20676821904304463,0.042206385973290274,0.08016666666666666,0.0032122952198872005,6.557070159920943e-4,2018-07-13,Desert Scrub
9,Addition,24,-80.56234997594814,70.2671188892971,14.343215581188279,0.034708333333333334,0.006804596698694498,0.0013889824847690374,2018-07-13,Desert Scrub
11,Addition,24,-4.3752011258962336,0.895124553434,0.18271653434582966,0.059458333333333335,0.002669948162119593,5.450008864062285e-4,2018-07-13,Desert Scrub
12,Addition,24,-1.2157002378819106,0.2627229530107246,0.05362809821612308,0.07854166666666666,0.0035750240700517387,7.297487324828921e-4,2018-07-13,Desert Scrub
2,Exclusion,24,-1.2923866204679568,0.37428801742276263,0.07640122162697571,0.07795833333333334,0.0052376493787282844,0.0010691307024574682,2018-07-14,Desert Scrub
4,Exclusion,24,-0.9893681639154039,0.2690390692784067,0.05491737005044918,0.08216666666666667,0.0034724589291297223,7.088127107615929e-4,2018-07-14,Desert Scrub
5,Ambient,24,-54.67281956853833,30.863435199719564,6.299972329063864,0.035625,0.004460576098491626,9.105112833465872e-4,2018-07-14,Desert Scrub
6,Ambient,24,-0.731868040422093,0.24525124315078684,0.050061700375222964,0.088125,0.005135659646043535,0.0010483121354507607,2018-07-14,Desert Scrub
7,Exclusion,24,-38.0819952405375,18.801509041187305,3.8378419621027913,0.03770833333333333,0.002941149829376359,6.003596949204905e-4,2018-07-14,Desert Scrub
8,Ambient,24,-1.1264099704621189,0.26617934219682826,0.05433363070432537,0.07995833333333333,0.0040911268423968125,8.350977697396604e-4,2018-07-14,Desert Scrub
9,Addition,24,-34.206292713528626,28.4051073328879,5.798168254547013,0.043041666666666666,0.010157366856093924,0.0020733638273073237,2018-07-14,Desert Scrub
11,Addition,24,-1.897471768409021,0.9821627340370203,0.20048312856396366,0.073,0.007306935359494162,0.0014915219345217222,2018-07-14,Desert Scrub
12,Addition,24,-1.3190004495260435,0.3006859764709148,0.061377267930354154,0.07716666666666666,0.003447326206063839,7.036825151484186e-4,2018-07-14,Desert Scrub
2,Exclusion,24,-1.0862252821136356,0.27916210558037763,0.05698372618274081,0.08070833333333334,0.004553824638760228,9.295455619230408e-4,2018-07-15,Desert Scrub
4,Exclusion,24,-1.1259204917938128,0.16841750438343359,0.03437807912436346,0.079625,0.0025334715828028496,5.171427213090203e-4,2018-07-15,Desert Scrub
5,Ambient,24,-78.05907241717888,37.66381596861605,7.6880942407665245,0.0325,0.0031622776601683794,6.454972243679029e-4,2018-07-15,Desert Scrub
6,Ambient,24,-0.6421132180806907,0.0975495932645109,0.01991222734284087,0.08995833333333333,0.002926329748524842,5.973345585844065e-4,2018-07-15,Desert Scrub
7,Exclusion,24,-44.59423015042855,25.26744255779809,5.157695114307465,0.03733333333333333,0.004797342259378955,9.792533880807525e-4,2018-07-15,Desert Scrub
8,Ambient,24,-0.9107561910244218,0.19261834620147886,0.03931805527436514,0.083625,0.0038764898959036966,7.912851865015613e-4,2018-07-15,Desert Scrub
9,Addition,24,-9.632419237769229,6.432352244694605,1.3129984037789824,0.05291666666666667,0.007879067847463147,0.0016083079895878095,2018-07-15,Desert Scrub
11,Addition,24,-1.0024935663318786,0.21262249129689775,0.043401384293063054,0.08191666666666667,0.00388885438217955,7.938090766938518e-4,2018-07-15,Desert Scrub
12,Addition,24,-1.2096335816654287,0.31637986890709835,0.064580770309252,0.078875,0.004542672073264526,9.272690540240875e-4,2018-07-15,Desert Scrub
2,Exclusion,24,-1.0682263651463515,0.2676561269034323,0.05463507812025251,0.081,0.004643836494893456,9.479191551169757e-4,2018-07-16,Desert Scrub
4,Exclusion,24,-1.1293725054603256,0.24474169253504807,0.04995768879133288,0.079875,0.004078709301386579,8.325630497950639e-4,2018-07-16,Desert Scrub
5,Ambient,24,-69.94485850808982,26.611656058546263,5.432081546156908,0.033125,0.003180272069302029,6.491703177512628e-4,2018-07-16,Desert Scrub
6,Ambient,24,-0.5599499407275463,0.07601570107987252,0.015516640007134992,0.092625,0.002763307721774288,5.640578267199726e-4,2018-07-16,Desert Scrub
7,Exclusion,24,-32.644061581408394,14.089890770029461,2.8760869098435453,0.039625,0.0052487058446323955,0.001071387594109431,2018-07-16,Desert Scrub
8,Ambient,24,-0.8462957975503556,0.15429721477921743,0.03149578707847551,0.084875,0.0036512356455219944,7.453053551825368e-4,2018-07-16,Desert Scrub
9,Addition,24,-6.322177210619091,2.1990987257873758,0.44888914768197785,0.055625,0.004915039032973409,0.0010032781413872765,2018-07-16,Desert Scrub
11,Addition,24,-0.7552205500171337,0.14208581606310713,0.02900314575346319,0.08704166666666667,0.003972505141777573,8.108842164948e-4,2018-07-16,Desert Scrub
12,Addition,24,-0.9612595420329045,0.15766563629245162,0.03218336324064529,0.0825,0.003296902366978933,6.729773775727066e-4,2018-07-16,Desert Scrub
2,Exclusion,24,-0.8848441491993727,0.25978297992334526,0.05302797872265688,0.08458333333333333,0.005364267174446158,0.0010949764517795306,2018-07-17,Desert Scrub
4,Exclusion,24,-1.150471056486693,0.13330288560980388,0.027210337582051162,0.07916666666666666,0.0019708013524996626,4.022881415009282e-4,2018-07-17,Desert Scrub
5,Ambient,24,-41.545272373479136,18.508607017446852,3.7780535868700684,0.037208333333333336,0.00358716512349075,7.322270146383454e-4,2018-07-17,Desert Scrub
6,Ambient,24,-0.4821295271123932,0.04866294078291377,0.009933281191784374,0.09558333333333334,0.0021450988964060204,4.3786647866683856e-4,2018-07-17,Desert Scrub
7,Exclusion,24,-22.557204341084567,17.27551656070509,3.526350051394004,0.04579166666666667,0.009217087942779301,0.001881430197847367,2018-07-17,Desert Scrub
8,Ambient,24,-0.6907430422575973,0.1851733743930248,0.037798356767688626,0.089125,0.00531046956083186,0.0010839950598849942,2018-07-17,Desert Scrub
9,Addition,24,-4.443558111761351,2.6199571272260904,0.5347965091393326,0.06183333333333333,0.008276034897412432,0.0016893385493439489,2018-07-17,Desert Scrub
11,Addition,24,-0.6441619608156249,0.0640120921754372,0.01306641359981873,0.08975,0.0019392961520142812,3.958571693814891e-4,2018-07-17,Desert Scrub
12,Addition,24,-0.7809273070931009,0.2327885873637882,0.04751777141538208,0.087,0.005860701842523343,0.0011963107540642836,2018-07-17,Desert Scrub
2,Exclusion,24,-0.8944836686453583,0.11504939294434492,0.02348435899421702,0.08366666666666667,0.002548088229082422,5.201263317369955e-4,2018-07-18,Desert Scrub
4,Exclusion,24,-1.4949840196086053,0.2410486481611509,0.04920384926520753,0.07491666666666666,0.002668930198749513,5.447930955034334e-4,2018-07-18,Desert Scrub
5,Ambient,24,-43.98082938743393,16.885303666010913,3.4466981778060775,0.036583333333333336,0.0033089689273728207,6.754404538989984e-4,2018-07-18,Desert Scrub
6,Ambient,24,-0.5114415140863553,0.033015980914866766,0.006739358883240943,0.09429166666666666,0.0013344650993747564,2.723965477517167e-4,2018-07-18,Desert Scrub
7,Exclusion,24,-9.776756295650747,2.392098247419035,0.48828501006521197,0.050041666666666665,0.0026289221905674513,5.366264950308379e-4,2018-07-18,Desert Scrub
8,Ambient,24,-0.5875327173646893,0.07331763326196487,0.014965899220026812,0.091625,0.0024638693500088544,5.029352250337121e-4,2018-07-18,Desert Scrub
9,Addition,24,-2.6650508685930694,0.8936653459655038,0.18241867486860683,0.06683333333333333,0.004957792870313112,0.0010120052318896284,2018-07-18,Desert Scrub
11,Addition,24,-0.5980266282540307,0.10982709162056184,0.022418361200356215,0.0915,0.003753259453027349,7.661308776828745e-4,2018-07-18,Desert Scrub
12,Addition,24,-0.6216993089466064,0.09214800237007119,0.01880963221862078,0.09058333333333334,0.0029179603756088264,5.956261674917976e-4,2018-07-18,Desert Scrub
2,Exclusion,24,-1.0935844261993708,0.24233965148724507,0.049467374215638085,0.08041666666666666,0.003933321051319562,8.028857975233679e-4,2018-07-19,Desert Scrub
4,Exclusion,24,-1.4599162584431375,0.1595828499106216,0.03257471283168126,0.07516666666666666,0.0018097962092016287,3.694231042472724e-4,2018-07-19,Desert Scrub
5,Ambient,24,-33.653436190079084,30.363719548669255,6.197968298934201,0.051458333333333335,0.02532738536200218,0.005169930887978429,2018-07-19,Desert Scrub
6,Ambient,24,-0.5687879020193155,0.04520872708919353,0.009228192774105297,0.09216666666666666,0.0016061476099436007,3.2785350799604727e-4,2018-07-19,Desert Scrub
7,Exclusion,24,-11.658698938547412,3.8943516051814164,0.7949311926402571,0.04845833333333333,0.0034005008156301696,6.941243223509944e-4,2018-07-19,Desert Scrub
8,Ambient,24,-0.604471207073351,0.08821713834399394,0.018007247959274816,0.091125,0.002848531276778021,5.814540120387361e-4,2018-07-19,Desert Scrub
9,Addition,24,-2.3282552684292668,0.6970848137640178,0.1422918417637403,0.06858333333333333,0.004402733011552537,8.987041126675695e-4,2018-07-19,Desert Scrub
11,Addition,24,-0.5219934892873087,0.04613766293368103,0.009417811009336611,0.09391666666666666,0.0017916877315917073,3.657267267336956e-4,2018-07-19,Desert Scrub
12,Addition,24,-0.6107255591287298,0.07958593991056019,0.016245411956722963,0.090875,0.0025590844150747104,5.223709188034827e-4,2018-07-19,Desert Scrub
2,Exclusion,24,-1.0076565891606943,0.3465160729312898,0.07073229719622517,0.08254166666666667,0.005992598091317151,0.0012232339631086178,2018-07-20,Desert Scrub
4,Exclusion,24,-1.2546261612714384,0.5422075612640171,0.11067765498130765,0.07983333333333333,0.008706153079820924,0.0017771360556767942,2018-07-20,Desert Scrub
5,Ambient,24,-16.544534622234206,10.168054833700575,2.0755455016005397,0.047875,0.01091194997119731,0.002227392460684251,2018-07-20,Desert Scrub
6,Ambient,24,-0.48644492620226776,0.18615397934555075,0.03799852191543318,0.09754166666666667,0.009735542979282117,0.001987259389014694,2018-07-20,Desert Scrub
7,Exclusion,24,-12.558742512187074,4.62711412746538,0.9445057161594654,0.04791666666666666,0.00407448760893469,8.317013004318901e-4,2018-07-20,Desert Scrub
8,Ambient,24,-0.5372740672789229,0.15887452257113766,0.03243012611896469,0.094375,0.006506267880984493,0.0013280863698559302,2018-07-20,Desert Scrub
9,Addition,24,-1.7737052807655054,0.9255211652145052,0.18892121674347215,0.07483333333333334,0.009276743556576992,0.0018936073490221068,2018-07-20,Desert Scrub
11,Addition,24,-0.391420307143128,0.24901278316056275,0.05082952151447418,0.11091666666666666,0.025827044582841022,0.005271923399339411,2018-07-20,Desert Scrub
12,Addition,24,-0.520493610359953,0.1699969848179646,0.03470048921797267,0.09541666666666666,0.007840345304433578,0.001600403783590692,2018-07-20,Desert Scrub
2,Exclusion,24,-0.6211258436502803,0.16946469204032663,0.034591835409724186,0.09125,0.005620227443950924,0.0011472241230055258,2018-07-21,Desert Scrub
4,Exclusion,24,-0.6762979526322782,0.07474851296814161,0.015257976316979855,0.08883333333333333,0.0021400257346414187,4.368309238580159e-4,2018-07-21,Desert Scrub
5,Ambient,24,-6.668345474283506,1.8715966011070453,0.3820380564199639,0.05454166666666667,0.003463840124168133,7.070534045658876e-4,2018-07-21,Desert Scrub
6,Ambient,24,-0.13508974214890215,0.028912476902582623,0.005901734634277641,0.1265,0.005532512598465,0.0011293194051465606,2018-07-21,Desert Scrub
7,Exclusion,24,-16.026838429174468,6.678651885191661,1.3632741073663759,0.04570833333333333,0.0044573258376731225,9.098478266352293e-4,2018-07-21,Desert Scrub
8,Ambient,24,-0.19285433639171481,0.06002223009460955,0.012251986412976491,0.11787500000000001,0.007814771408935328,0.001595183534031861,2018-07-21,Desert Scrub
9,Addition,24,-0.23832640437971073,0.1462415714421966,0.02985143576801283,0.11625,0.014419943918361669,0.002943458726627965,2018-07-21,Desert Scrub
11,Addition,24,-0.03560967746354813,0.006666556775511323,0.0013608052034413906,0.16875,0.006489121331287761,0.0013245863450554076,2018-07-21,Desert Scrub
12,Addition,24,-0.18697154131206092,0.020417897605427518,0.004167785896140993,0.11741666666666667,0.0026689301987495068,5.447930955034322e-4,2018-07-21,Desert Scrub
2,Exclusion,24,-0.4772194312873921,0.17098470163717752,0.034902106069425703,0.09729166666666667,0.007714915912453739,0.0015748006161658465,2018-07-22,Desert Scrub
4,Exclusion,24,-0.6800998117974554,0.12801849591677233,0.02613166605288867,0.089,0.003741657386773942,7.637626158259735e-4,2018-07-22,Desert Scrub
5,Ambient,24,-2.172277301753841,1.3840554909234488,0.28251914403831035,0.07583333333333334,0.01792415583280955,0.0036587529883761894,2018-07-22,Desert Scrub
6,Ambient,24,-0.0904326777311838,0.009256622193002644,0.0018895000928815923,0.13745833333333335,0.003106503230135217,6.341123165115854e-4,2018-07-22,Desert Scrub
7,Exclusion,24,-12.038185090469293,9.04174534791777,1.845638540548508,0.05175,0.009405132733732705,0.001919814680066048,2018-07-22,Desert Scrub
8,Ambient,24,-0.11102822214219377,0.025094138100728268,0.005122319490143203,0.13216666666666668,0.006598199139466615,0.001346851759413689,2018-07-22,Desert Scrub
9,Addition,24,-0.09154223355736753,0.010033809823603131,0.002048142853662747,0.137125,0.0033532916988224058,6.844878017354552e-4,2018-07-22,Desert Scrub
11,Addition,24,-0.029659056842764285,0.0015364709622534248,3.1363082184366367e-4,0.17491666666666666,0.0019763089590064814,4.034123769714064e-4,2018-07-22,Desert Scrub
12,Addition,24,-0.1440633135676814,0.023279246659666852,0.004751856326047793,0.1245,0.0044818474451657955,9.148532788043841e-4,2018-07-22,Desert Scrub
2,Exclusion,24,-0.37390820838411065,0.07065540806800315,0.014422474777894462,0.10133333333333333,0.0041876284319478435,8.547960742202873e-4,2018-07-23,Desert Scrub
4,Exclusion,24,-0.6776895505823114,0.07420274283342,0.01514657145473669,0.08879166666666666,0.0021260121204339103,4.339704068362982e-4,2018-07-23,Desert Scrub
5,Ambient,24,-1.4452566007912102,0.8275403149228074,0.16892095942858149,0.07854166666666666,0.010346094271108622,0.002111887649579031,2018-07-23,Desert Scrub
6,Ambient,24,-0.09079620649002443,0.005096110819246395,0.0010402392649858686,0.13720833333333335,0.0016934443076725054,3.456728718015302e-4,2018-07-23,Desert Scrub
7,Exclusion,24,-5.4270901132130485,2.073752715042691,0.42330300038048657,0.0575,0.0047731131031698995,9.74307632279888e-4,2018-07-23,Desert Scrub
8,Ambient,24,-0.08932989090384331,0.008411920180291294,0.0017170760165611957,0.13779166666666667,0.002797190619589375,5.709741442744582e-4,2018-07-23,Desert Scrub
9,Addition,24,-0.08999276797484629,0.004347426016899844,8.874146196587414e-4,0.13745833333333335,0.0014440030912488504,2.947558967134384e-4,2018-07-23,Desert Scrub
11,Addition,24,-0.03314688990936574,0.0017717621161338403,3.6165942751013836e-4,0.17075,0.002005427418391087,4.093561576037598e-4,2018-07-23,Desert Scrub
12,Addition,24,-0.12813039817278468,0.004481031585763862,9.14686742201335e-4,0.12729166666666666,9.545846657358229e-4,1.948537789448339e-4,2018-07-23,Desert Scrub
2,Exclusion,24,-0.35790849640893674,0.06027179120322353,0.012302927860955453,0.10220833333333333,0.0037990750209087386,7.754829413149786e-4,2018-07-24,Desert Scrub
4,Exclusion,24,-0.7194849786111915,0.057847035546676105,0.01180797668516642,0.08758333333333333,0.0015298953265321558,3.122885758227031e-4,2018-07-24,Desert Scrub
5,Ambient,24,-1.023734616960684,0.4492842115067849,0.0917097556400248,0.08370833333333333,0.010217117634324428,0.002085560403840568,2018-07-24,Desert Scrub
6,Ambient,24,-0.09880218388928072,0.007155670330717729,0.001460645089819249,0.13475,0.002131543633348746,4.350995221818784e-4,2018-07-24,Desert Scrub
7,Exclusion,24,-4.382991963817851,1.3772581215623994,0.2811316368276604,0.059833333333333336,0.003941602704999323,8.045762830018559e-4,2018-07-24,Desert Scrub
8,Ambient,24,-0.08704148025388189,0.0060154037989730074,0.0012278891586902788,0.1385,0.002085144140570738,4.2562826537937234e-4,2018-07-24,Desert Scrub
9,Addition,24,-0.09744626800122203,0.003247590061410239,6.629115453490811e-4,0.13508333333333333,9.743076322798885e-4,1.988797126320793e-4,2018-07-24,Desert Scrub
11,Addition,24,-0.038683309682250304,0.002752560203704223,5.618639987805559e-4,0.16516666666666668,0.0025819888974716134,5.270462766947304e-4,2018-07-24,Desert Scrub
12,Addition,24,-0.15644673315725638,0.021926865638971504,0.0044758027061704685,0.12216666666666667,0.0036075604989553784,7.36390203221747e-4,2018-07-24,Desert Scrub
2,Exclusion,24,-0.38278909728924604,0.07362894867471777,0.015029446212552523,0.10083333333333333,0.0042289547137578185,8.632317661703624e-4,2018-07-25,Desert Scrub
4,Exclusion,24,-0.7866280466401683,0.1216695771116883,0.024835698428653956,0.08608333333333333,0.0027962189792128454,5.707758090131262e-4,2018-07-25,Desert Scrub
5,Ambient,24,-1.0838486032842285,0.4020108252248222,0.08206011607300025,0.08229166666666667,0.009919147783636617,0.0020247375627640324,2018-07-25,Desert Scrub
6,Ambient,24,-0.1089359651423257,0.007554128933948415,0.0015419801116140224,0.13191666666666668,0.001998187584584694,4.078783327164085e-4,2018-07-25,Desert Scrub
7,Exclusion,24,-4.303731459969584,1.2541273153952428,0.25599766626707093,0.059958333333333336,0.003617339481930917,7.383863297628664e-4,2018-07-25,Desert Scrub
8,Ambient,24,-0.09185169616264285,0.007257047923202778,0.001481338704230931,0.1369166666666667,0.0023390199855395878,4.774504552286732e-4,2018-07-25,Desert Scrub
9,Addition,24,-0.1056801259144632,0.005376089103260413,0.001097389592893733,0.13275,0.001452134860188239,2.964157870974147e-4,2018-07-25,Desert Scrub
11,Addition,24,-0.04624338481441697,0.0037092938240680046,7.571564312519641e-4,0.15891666666666668,0.002796218979212851,5.707758090131274e-4,2018-07-25,Desert Scrub
12,Addition,24,-0.2103849714670778,0.01668076111069022,0.0034049461035376856,0.114375,0.001974015990420237,4.0294432671869563e-4,2018-07-25,Desert Scrub
2,Exclusion,24,-0.3944825678671958,0.0763614964774664,0.01558722519709398,0.10020833333333333,0.0044132130330817145,9.008433381042249e-4,2018-07-26,Desert Scrub
4,Exclusion,24,-0.8491605174462102,0.12556848829575976,0.025631560341437758,0.08466666666666667,0.0028386565509925165,5.794383420783702e-4,2018-07-26,Desert Scrub
5,Ambient,24,-1.2641452377963083,0.6668835742013414,0.13612703955306418,0.08404166666666667,0.020133206761287527,0.004109673620925561,2018-07-26,Desert Scrub
6,Ambient,24,-0.11591688856513174,0.008765661913431274,0.0017892832454712562,0.13016666666666668,0.0021802805297497395,4.450478995009884e-4,2018-07-26,Desert Scrub
7,Exclusion,24,-4.057513858077226,0.9608640089384344,0.19613554450868492,0.06054166666666667,0.0030924756744558956,6.312489536988506e-4,2018-07-26,Desert Scrub
8,Ambient,24,-0.09392113023481682,0.005586332002063574,0.0011403052449030118,0.13620833333333335,0.0017189270330434452,3.508745113360534e-4,2018-07-26,Desert Scrub
9,Addition,24,-0.11615344643013877,0.011051839270286834,0.002255947244287994,0.13016666666666668,0.0027610122067454022,5.635892566768343e-4,2018-07-26,Desert Scrub
11,Addition,24,-0.05241619600124553,0.0039026722906763483,7.966296454546538e-4,0.154625,0.0023370829086147415,4.7705505105714044e-4,2018-07-26,Desert Scrub
12,Addition,24,-0.18687880056019712,0.0392978120372654,0.00802163229159191,0.11791666666666667,0.005339896324239185,0.0010900017728124568,2018-07-26,Desert Scrub
2,Exclusion,24,-0.451436381428605,0.08659265815196382,0.017675652328630463,0.09729166666666667,0.004133418068322661,8.437304300825847e-4,2018-07-27,Desert Scrub
4,Exclusion,24,-0.8872024791340803,0.11956348173454431,0.024405793510017516,0.08383333333333333,0.0026648544566940796,5.439611381401823e-4,2018-07-27,Desert Scrub
5,Ambient,24,-1.8511030109117297,0.788189382128195,0.16088848390780205,0.07266666666666667,0.00593198160795374,0.0012108606752550958,2018-07-27,Desert Scrub
6,Ambient,24,-0.12880062950079807,0.009036996333825523,0.0018446691521062338,0.12720833333333334,0.00195557545554214,3.991801682990844e-4,2018-07-27,Desert Scrub
7,Exclusion,24,-4.440222066448085,1.0578221155404735,0.21592703514213266,0.059375000000000004,0.0030760293434457233,6.278918604391979e-4,2018-07-27,Desert Scrub
8,Ambient,24,-0.09885001675097775,0.005942468736057642,0.0012130013513152427,0.13470833333333335,0.0017810394294555548,3.6355315116198215e-4,2018-07-27,Desert Scrub
9,Addition,24,-0.10216142053387292,0.006325342285455637,0.0012911550873180241,0.13375,0.0017754362599213423,3.624094089702214e-4,2018-07-27,Desert Scrub
11,Addition,24,-0.049321895484940946,0.0024016073520791645,4.902260479258819e-4,0.15662500000000001,0.0016100904646471983,3.286583398421928e-4,2018-07-27,Desert Scrub
12,Addition,24,-0.15747088439510779,0.00888713188217073,0.001814078199011547,0.12175,0.0014817733206914773,3.024657125136286e-4,2018-07-27,Desert Scrub
2,Exclusion,24,-0.5475329724132582,0.09169753389975936,0.018717680727164444,0.09320833333333334,0.0035750240700517387,7.297487324828921e-4,2018-07-28,Desert Scrub
4,Exclusion,24,-0.9566381041169759,0.15732006224487552,0.032112823233569475,0.08258333333333333,0.0032825847009392718,6.700547962306445e-4,2018-07-28,Desert Scrub
5,Ambient,24,-3.112090315597261,0.5345115684506326,0.10910671702656445,0.06391666666666666,0.00237590562443711,4.8497970473996356e-4,2018-07-28,Desert Scrub
6,Ambient,24,-0.14507368042611832,0.009671882283820439,0.0019742647039687087,0.12395833333333334,0.0018292114401439843,3.733862216678613e-4,2018-07-28,Desert Scrub
7,Exclusion,24,-5.512355582415534,1.1105442333708797,0.22668889237908152,0.05654166666666667,0.0025018109383033913,5.106800193130763e-4,2018-07-28,Desert Scrub
8,Ambient,24,-0.11069622640420121,0.0053348216606792795,0.0010889659114509513,0.13141666666666668,0.0013805061033727011,2.8179462833841714e-4,2018-07-28,Desert Scrub
9,Addition,24,-0.10702832534058118,0.0072972168859684276,0.0014895381594203223,0.13241666666666668,0.0018862584696941085,3.850308978128011e-4,2018-07-28,Desert Scrub
11,Addition,24,-0.050239486982844306,0.0024518345380107995,5.004786293215822e-4,0.156,0.001615145706174498,3.296902366978938e-4,2018-07-28,Desert Scrub
12,Addition,24,-0.1878560783815172,0.009401692629699473,0.0019191124717707554,0.11716666666666667,0.0013077250963165858,2.669382674839684e-4,2018-07-28,Desert Scrub
2,Exclusion,24,-0.5555193845391543,0.13715046137339135,0.02799572069600855,0.09333333333333334,0.005272295652680662,0.0010762028435134686,2018-07-29,Desert Scrub
4,Exclusion,24,-1.0123880243858296,0.1659078600761921,0.03386580012531161,0.08154166666666667,0.002963240979307836,6.048690320174437e-4,2018-07-29,Desert Scrub
5,Ambient,24,-3.024378440323129,0.8589321089081284,0.17532878254313203,0.06466666666666666,0.0036554505660150467,7.461657222254017e-4,2018-07-29,Desert Scrub
6,Ambient,24,-0.1507752999611264,0.012161358613526973,0.002482426931845181,0.12295833333333334,0.0021964233112765057,4.483430309818054e-4,2018-07-29,Desert Scrub
7,Exclusion,24,-5.906096602347362,2.2199542957832334,0.45314627308070704,0.0565,0.004907846424017274,0.0010018099562321178,2018-07-29,Desert Scrub
8,Ambient,24,-0.11366968792357009,0.009837574147272658,0.002008086413967779,0.13075,0.002489106701994323,5.080867779356633e-4,2018-07-29,Desert Scrub
9,Addition,24,-0.10819742040657077,0.006062785910781586,0.0012375609917624887,0.13208333333333333,0.0016129008882638522,3.2923201516068195e-4,2018-07-29,Desert Scrub
11,Addition,24,-0.05515177890451809,0.0036924310305925263,7.537143279475595e-4,0.15291666666666667,0.002263446134944923,4.6202400757415154e-4,2018-07-29,Desert Scrub
12,Addition,24,-0.21345764975562542,0.015381350019327106,0.003139704925208299,0.114,0.001793708812585764,3.6613927816405193e-4,2018-07-29,Desert Scrub
2,Exclusion,24,-0.5457788691151997,0.12923328310483123,0.026379633449289893,0.093625,0.005045984197531655,0.001030007211174983,2018-07-30,Desert Scrub
4,Exclusion,24,-1.0815060174155713,0.20051995886279472,0.040930965204810044,0.08045833333333334,0.003296627613666488,6.729212937876541e-4,2018-07-30,Desert Scrub
5,Ambient,24,-3.1390666277988886,1.5131360087776338,0.30886759441139094,0.06495833333333334,0.005270749197357933,0.0010758871746425773,2018-07-30,Desert Scrub
6,Ambient,24,-0.15499209140367706,0.011563595158251465,0.0023604089774861823,0.12220833333333334,0.0019995470501583874,4.081558324646109e-4,2018-07-30,Desert Scrub
7,Exclusion,24,-5.328272090262222,1.8506151919630172,0.37775524421267775,0.057541666666666665,0.004363675820528683,8.907315969346649e-4,2018-07-30,Desert Scrub
8,Ambient,24,-0.11277966222480854,0.009221836632441206,0.0018823995200655751,0.13095833333333334,0.0023308734445466497,4.7578754951189283e-4,2018-07-30,Desert Scrub
9,Addition,24,-0.1181472688411309,0.006521637041916508,0.0013312235866941096,0.12958333333333333,0.0015580552724098276,3.180367007047603e-4,2018-07-30,Desert Scrub
11,Addition,24,-0.0635754312550337,0.004776122918080625,9.749220081758461e-4,0.14829166666666665,0.002440227478110913,4.98109348140862e-4,2018-07-30,Desert Scrub
12,Addition,24,-0.2397930486395693,0.013229873492777981,0.0027005366182398936,0.111125,0.0012958965337120706,2.6452377225299936e-4,2018-07-30,Desert Scrub
2,Exclusion,24,-0.6066979721089183,0.1382135851964833,0.0282127299376729,0.09145833333333334,0.004818254840722412,9.835221508720786e-4,2018-07-31,Desert Scrub
4,Exclusion,24,-1.1829534179183596,0.17908404662055788,0.036555377941096756,0.07879166666666666,0.002637178443891795,5.383117956834879e-4,2018-07-31,Desert Scrub
5,Ambient,24,-4.113944906919717,1.5007158989416063,0.3063323501074251,0.060875,0.004523489418771657,9.233534110724512e-4,2018-07-31,Desert Scrub
6,Ambient,24,-0.16822398413226733,0.011671987585232625,0.002382534488993326,0.12004166666666666,0.001805286118878249,3.685024859150937e-4,2018-07-31,Desert Scrub
7,Exclusion,24,-5.89541269810619,1.9109529907061216,0.3900716458062903,0.05620833333333333,0.0040858096602399575,8.340124044768499e-4,2018-07-31,Desert Scrub
8,Ambient,24,-0.11599229096019874,0.007658667903084488,0.0015633190393323506,0.130125,0.0018953604681821957,3.8688883547408423e-4,2018-07-31,Desert Scrub
9,Addition,24,-0.13239157610292707,0.007137762997980435,0.0014569897708308654,0.12641666666666668,0.0014421200175184935,2.943715158978206e-4,2018-07-31,Desert Scrub
11,Addition,24,-0.07379770323166095,0.0060643524826755925,0.001237880766911297,0.1435833333333333,0.0024832774042918854,5.068968775248508e-4,2018-07-31,Desert Scrub
12,Addition,24,-0.2891324823988652,0.016692699607159408,0.0034073830389248134,0.10670833333333334,0.0013666578295932048,2.789678612902397e-4,2018-07-31,Desert Scrub
2,Exclusion,24,-0.6840280351504963,0.1287481239393149,0.026280600749327435,0.08891666666666667,0.003944359392156443,8.05138989411475e-4,2018-08-01,Desert Scrub
4,Exclusion,24,-1.2607882891970716,0.1658437846797052,0.033852720789773326,0.07766666666666666,0.002407717061715386,4.914731871829909e-4,2018-08-01,Desert Scrub
5,Ambient,24,-4.218987149700368,1.9596122140793033,0.4000041681849906,0.06120833333333334,0.0060287655861505874,0.0012306166220766733,2018-08-01,Desert Scrub
6,Ambient,24,-0.18492873838251878,0.011175049356807017,0.0022810973978828787,0.11758333333333333,0.0015580552724098217,3.180367007047591e-4,2018-08-01,Desert Scrub
7,Exclusion,24,-6.679828434866878,1.7962675956211833,0.36666158756399087,0.0545,0.0034515277020851047,7.045401419324547e-4,2018-08-01,Desert Scrub
8,Ambient,24,-0.1249831991577101,0.0061840444835136975,0.001262312794273475,0.128,0.0013513278493843537,2.758386421836855e-4,2018-08-01,Desert Scrub
9,Addition,24,-0.1534552345070633,0.006982495357150512,0.0014252958963642788,0.12241666666666666,0.0011764599317505443,2.4014387796819636e-4,2018-08-01,Desert Scrub
11,Addition,24,-0.08390142212739483,0.007492666330882903,0.0015294341102995452,0.13966666666666666,0.002729336066210752,5.571233915659522e-4,2018-08-01,Desert Scrub
12,Addition,24,-0.3542063908437766,0.031122687528233436,0.006352891989021146,0.10216666666666667,0.00199274044791428,4.0676644059959877e-4,2018-08-01,Desert Scrub
2,Exclusion,24,-0.7858641764702455,0.14626258138082346,0.029855724403776412,0.08625000000000001,0.003650491330837771,7.451534225838361e-4,2018-08-02,Desert Scrub
4,Exclusion,24,-1.3685283759691118,0.24452918187854772,0.049914310235222074,0.07645833333333334,0.0032701438163649874,6.675153113009895e-4,2018-08-02,Desert Scrub
5,Ambient,24,-2.7804392450604962,2.090474624835249,0.4267163459235379,0.073,0.019498048954792332,0.003980022576587341,2018-08-02,Desert Scrub
6,Ambient,24,-0.20938541428675173,0.01295573387951137,0.002644578104007635,0.11445833333333334,0.0015597983890531359,3.1839251289961516e-4,2018-08-02,Desert Scrub
7,Exclusion,24,-8.207190450378352,1.704878582147212,0.34800688330502705,0.051875,0.002364823736422617,4.8271762382144927e-4,2018-08-02,Desert Scrub
8,Ambient,24,-0.13878094135165966,0.006954762201289554,0.0014196348896295767,0.125125,0.0013613452426057178,2.778834340124486e-4,2018-08-02,Desert Scrub
9,Addition,24,-0.1835835003844797,0.008745415751671547,0.0017851505150078245,0.11775000000000001,0.0012597446256043794,2.5714429491201354e-4,2018-08-02,Desert Scrub
11,Addition,24,-0.09924545205157735,0.0073907748907417895,0.00150863560717429,0.134625,0.002203011772452709,4.4968789498779166e-4,2018-08-02,Desert Scrub
12,Addition,24,-0.40197037204640823,0.031320842883587094,0.006393340281555841,0.099375,0.0016632210760527545,3.3950358048100187e-4,2018-08-02,Desert Scrub
2,Exclusion,24,-0.7844588306814152,0.17011854056144077,0.03472530168020777,0.08641666666666667,0.004179834266182524,8.532050967956455e-4,2018-08-03,Desert Scrub
4,Exclusion,24,-1.450052795885707,0.20832414822287573,0.04252398868716471,0.075375,0.0025162515254104558,5.136276918129531e-4,2018-08-03,Desert Scrub
5,Ambient,24,-4.203425522118109,1.9873804567430158,0.4056723369833138,0.06179166666666667,0.007939878252635028,0.0016207208615647273,2018-08-03,Desert Scrub
6,Ambient,24,-0.22374754919070575,0.015254067243676965,0.003113723437425966,0.11283333333333334,0.0016854019432007703,3.4403123102809364e-4,2018-08-03,Desert Scrub
7,Exclusion,24,-8.687398463689899,3.0250029240716585,0.6174761362002208,0.05175,0.00391485465330729,7.991163598136002e-4,2018-08-03,Desert Scrub
8,Ambient,24,-0.1502526356569383,0.008695954190877545,0.0017750542161889117,0.123,0.0015603789952109894,3.185110286353034e-4,2018-08-03,Desert Scrub
9,Addition,24,-0.1965955980145897,0.007632806439485204,0.0015580400901807,0.116,9.780192938436524e-4,1.9963735237617282e-4,2018-08-03,Desert Scrub
11,Addition,24,-0.11600593396278135,0.009728770961654087,0.001985877056704877,0.13016666666666668,0.002407717061715386,4.914731871829909e-4,2018-08-03,Desert Scrub
12,Addition,24,-0.44070849601163387,0.043935588951600754,0.008968314540006999,0.09745833333333334,0.002105462185481554,4.297756689295767e-4,2018-08-03,Desert Scrub
2,Exclusion,24,-0.757391563618878,0.18633346638402962,0.03803515955374289,0.08725,0.004892318735394868,9.986403800646415e-4,2018-08-04,Desert Scrub
4,Exclusion,24,-1.469278077963359,0.24454652324270507,0.049917850026357846,0.07520833333333334,0.0027023205272291564,5.516088677633541e-4,2018-08-04,Desert Scrub
5,Ambient,24,-3.339928290446864,2.5987001383067274,0.530457444445963,0.06695833333333333,0.009826668092344499,0.002005860224827716,2018-08-04,Desert Scrub
6,Ambient,24,-0.2364600230319262,0.017428788449859577,0.003557636544755747,0.1115,0.0018177865182927731,3.710541192606412e-4,2018-08-04,Desert Scrub
7,Exclusion,24,-8.304132212211586,2.9717885720023727,0.6066138020700067,0.052333333333333336,0.004177232979176389,8.526741113090152e-4,2018-08-04,Desert Scrub
8,Ambient,24,-0.15515362941221064,0.010577241362843924,0.0021590703521023468,0.12216666666666666,0.001833662684514171,3.742948281201441e-4,2018-08-04,Desert Scrub
9,Addition,24,-0.21299350074524143,0.017972561026741853,0.0036686336572124066,0.11408333333333334,0.00212473357238577,4.337094243088336e-4,2018-08-04,Desert Scrub
11,Addition,24,-0.13300475802537928,0.0071474160048560515,0.0014589601826082684,0.12629166666666666,0.0014884823513044861,3.0383518765284386e-4,2018-08-04,Desert Scrub
12,Addition,24,-0.4737420701902109,0.04908134097766508,0.010018686773902859,0.09595833333333334,0.002255026591314666,4.6030537542738237e-4,2018-08-04,Desert Scrub
2,Exclusion,24,-0.748266845836083,0.19074102694992442,0.03893484908681414,0.08754166666666667,0.005132836885461451,0.0010477359418597483,2018-08-05,Desert Scrub
4,Exclusion,24,-1.5008731732185616,0.3521872309645265,0.07188991748223482,0.075125,0.0038483480363261918,7.855407534700661e-4,2018-08-05,Desert Scrub
5,Ambient,24,-4.713512353249581,2.8356876869106387,0.5788323252353472,0.06320833333333334,0.013981289256551496,0.0028539187187339617,2018-08-05,Desert Scrub
6,Ambient,24,-0.2604091711192675,0.025699933395968308,0.005245976936969602,0.10925,0.002381997700141264,4.8622324448576224e-4,2018-08-05,Desert Scrub
7,Exclusion,24,-7.883918517113673,2.886339355486973,0.5891715537880625,0.05295833333333333,0.004288297185786358,8.753449975491377e-4,2018-08-05,Desert Scrub
8,Ambient,24,-0.1608645583221304,0.013534823890927306,0.002762784357600262,0.12125,0.0022506037837221266,4.5940257360803e-4,2018-08-05,Desert Scrub
9,Addition,24,-0.22880551262211002,0.020354903970342862,0.004154927374224286,0.11233333333333334,0.0021802805297497395,4.450478995009884e-4,2018-08-05,Desert Scrub
11,Addition,24,-0.1556595029633814,0.013439833041154911,0.002743394431585617,0.122125,0.0023277625009587156,4.7515253081114103e-4,2018-08-05,Desert Scrub
12,Addition,24,-0.5177154402195834,0.06389663482645487,0.013042845967146968,0.09416666666666666,0.0024435659378771904,4.987908083870446e-4,2018-08-05,Desert Scrub
2,Exclusion,24,-0.7760447701339183,0.21194170737664322,0.04326241985725345,0.08695833333333333,0.005433224414307942,0.0011090522894238704,2018-08-06,Desert Scrub
4,Exclusion,24,-1.582775590238496,0.40007633457258607,0.08166523982215339,0.074375,0.004250958971092645,8.677233663902972e-4,2018-08-06,Desert Scrub
5,Ambient,24,-8.2090650138668515,4.892894859500539,0.9987579809052592,0.05383333333333333,0.006670288871045122,0.001361567014252151,2018-08-06,Desert Scrub
6,Ambient,24,-0.2952357083241106,0.035667765624108304,0.007280652170353979,0.106375,0.0027789973168314747,5.67260451900056e-4,2018-08-06,Desert Scrub
7,Exclusion,24,-8.544924898587151,3.4707401958097983,0.7084618757917818,0.052208333333333336,0.0045585959572492585,9.305195032312436e-4,2018-08-06,Desert Scrub
8,Ambient,24,-0.17504475919536383,0.014364020841390403,0.002932043476342466,0.11904166666666667,0.002156469874317877,4.4018756981354745e-4,2018-08-06,Desert Scrub
9,Addition,24,-0.2712888461820626,0.03443263487786037,0.007028532162526442,0.108375,0.0030618621784789754,6.250000000000007e-4,2018-08-06,Desert Scrub
11,Addition,24,-0.19428802355671346,0.02128958307133942,0.004345717946781359,0.11645833333333333,0.0028434389262891172,5.804145403479672e-4,2018-08-06,Desert Scrub
12,Addition,24,-0.6028837851028008,0.09180127487607634,0.018738856765280674,0.09120833333333334,0.003064227921291627,6.254829052294717e-4,2018-08-06,Desert Scrub
2,Exclusion,24,-0.8410146461340984,0.2590326741725649,0.052874823202616245,0.08566666666666667,0.00594662247335239,0.0012138492293900511,2018-08-07,Desert Scrub
4,Exclusion,24,-1.7119387425402743,0.39503659467688507,0.08063650722375215,0.073,0.003706633301903844,7.566133544393342e-4,2018-08-07,Desert Scrub
5,Ambient,24,-4.467247767640025,3.5541978301185337,0.7254975940581315,0.062375,0.00850990471514632,0.0017370770259844263,2018-08-07,Desert Scrub
6,Ambient,24,-0.3340727393708345,0.04696820125856703,0.009587343934986326,0.103625,0.003132057248629986,6.393285086940711e-4,2018-08-07,Desert Scrub
7,Exclusion,24,-9.745092665343691,4.684722965655918,0.9562650710129135,0.051125,0.0051778163938764445,0.0010569173455679114,2018-08-07,Desert Scrub
8,Ambient,24,-0.19670620370756242,0.02338289175467074,0.004773012792472944,0.11616666666666667,0.0029439202887759468,6.009252125773312e-4,2018-08-07,Desert Scrub
9,Addition,24,-0.31136793111058575,0.03392104917169156,0.006924105167541859,0.105125,0.0025760181608865656,5.258275051929025e-4,2018-08-07,Desert Scrub
11,Addition,24,-0.2368100189543592,0.021471926073665583,0.004382938556270211,0.1115,0.002166945355543848,4.423258684646919e-4,2018-08-07,Desert Scrub
12,Addition,24,-0.6681641315457886,0.10141417927640398,0.020701082659193827,0.08920833333333333,0.003120467727854227,6.369628076720716e-4,2018-08-07,Desert Scrub
2,Exclusion,24,-0.8949851300043024,0.19737272225636493,0.04028853822267992,0.084,0.004170288281141493,8.512565307587483e-4,2018-08-08,Desert Scrub
4,Exclusion,24,-1.7868741151569627,0.33858677318573843,0.06911373566337672,0.07216666666666667,0.003031238327334462,6.187489325614169e-4,2018-08-08,Desert Scrub
5,Ambient,24,-4.199596330495648,3.255357557917415,0.6644970789342004,0.06429166666666666,0.01136156436973079,0.0023191696154688662,2018-08-08,Desert Scrub
6,Ambient,24,-0.370416724460268,0.036789585023079066,0.007509642596273484,0.10120833333333333,0.002245365597551242,4.5833333333333246e-4,2018-08-08,Desert Scrub
7,Exclusion,24,-10.736237255870211,4.111713343577498,0.839299971696484,0.049541666666666664,0.003988888552473982,8.142284661991882e-4,2018-08-08,Desert Scrub
8,Ambient,24,-0.22020551675944872,0.020954931849559627,0.004277407552184737,0.11329166666666667,0.0024043288255663547,4.907815663752259e-4,2018-08-08,Desert Scrub
9,Addition,24,-0.37046521750683936,0.04235083514732578,0.008644828024306318,0.10125,0.0026085144864629243,5.324607898743553e-4,2018-08-08,Desert Scrub
11,Addition,24,-0.2912500152119051,0.01748240919792184,0.003568581834120653,0.10654166666666666,0.0013824731042801426,2.8219614071731906e-4,2018-08-08,Desert Scrub
12,Addition,24,-0.7307801593659394,0.07556405906729259,0.015424448967366285,0.08733333333333333,0.001948615264559773,3.977594252641578e-4,2018-08-08,Desert Scrub
2,Exclusion,24,-0.9939623186324181,0.23397216159546683,0.04775936749374202,0.08216666666666667,0.004259686318994847,8.69504828820976e-4,2018-08-09,Desert Scrub
4,Exclusion,24,-1.8975491357326513,0.3387063055491474,0.06913813510488513,0.07120833333333333,0.0029337491470763123,5.988490369718604e-4,2018-08-09,Desert Scrub
5,Ambient,24,-14.979416952590407,9.027228716195202,1.8426753455064921,0.048125,0.008497122275012979,0.0017344678213182297,2018-08-09,Desert Scrub
6,Ambient,24,-0.4263677177820115,0.04260447442957389,0.008696601925992453,0.09816666666666667,0.002200131748360748,4.491000125317728e-4,2018-08-09,Desert Scrub
7,Exclusion,24,-12.815687761467672,4.570286785707,0.9329058835972333,0.047625,0.0037971671362832544,7.750934959966006e-4,2018-08-09,Desert Scrub
8,Ambient,24,-0.24184945935161778,0.018247232361680667,0.003724700708676505,0.11095833333333334,0.0018292114401439843,3.733862216678613e-4,2018-08-09,Desert Scrub
9,Addition,24,-0.43467178184517374,0.049300496791468466,0.010063421767068084,0.09779166666666667,0.0024668086523960916,5.035352076210851e-4,2018-08-09,Desert Scrub
11,Addition,24,-0.35458299869077625,0.0031868247006304725,6.505078680202012e-4,0.10204166666666666,2.041241452319317e-4,4.166666666666671e-5,2018-08-09,Desert Scrub
12,Addition,24,-0.8165187777494556,0.08143365042360699,0.016622574285834697,0.08525,0.0018708286933869658,3.8188130791298573e-4,2018-08-09,Desert Scrub
2,Exclusion,24,-1.0515204103592561,0.33530676435171775,0.06844420666377907,0.08170833333333333,0.005945251423846902,0.0012135693650816729,2018-08-10,Desert Scrub
4,Exclusion,24,-2.066539253679114,0.4894682958622486,0.09991229751101166,0.070125,0.003779952840745615,7.7157964263421e-4,2018-08-10,Desert Scrub
5,Ambient,24,-18.563529468521068,12.846245115288237,2.622228803598087,0.04604166666666667,0.007439490203821336,0.0015185795788163583,2018-08-10,Desert Scrub
6,Ambient,24,-0.4761786418847244,0.07186238134263892,0.014668847165897274,0.096,0.003230291412348996,6.593804733957876e-4,2018-08-10,Desert Scrub
7,Exclusion,24,-14.192935344391248,6.892322855263555,1.406889511493179,0.04729166666666666,0.0052126865865190245,0.0010640351938351507,2018-08-10,Desert Scrub
8,Ambient,24,-0.2661724266542196,0.034628568942374684,0.007068527035967244,0.10883333333333334,0.003130032180230002,6.389151433378882e-4,2018-08-10,Desert Scrub
9,Addition,24,-0.5135623712329868,0.0806610934445286,0.016464876752837355,0.09445833333333334,0.0032834124172039817,6.702237531056729e-4,2018-08-10,Desert Scrub
11,Addition,24,-0.40826842213859366,0.03196169393443298,0.006524153454530743,0.09904166666666667,0.0016805580508625208,3.4304247564495295e-4,2018-08-10,Desert Scrub
12,Addition,24,-0.8899590524655896,0.12872564949435827,0.026276013172461102,0.08379166666666667,0.0026861831118047234,5.483148316335891e-4,2018-08-10,Desert Scrub
2,Exclusion,24,-0.983687078752189,0.31168721400914845,0.06362288613933954,0.08283333333333333,0.0057760123649953955,0.0011790235868537524,2018-08-11,Desert Scrub
4,Exclusion,24,-1.949069684685664,0.42057532897345196,0.08584957953234429,0.07091666666666667,0.0033997016066844355,6.939611845080847e-4,2018-08-11,Desert Scrub
5,Ambient,24,-18.109021133857446,9.997231324782716,2.040676298857162,0.04558333333333334,0.006573442395544076,0.0013417983102217749,2018-08-11,Desert Scrub
6,Ambient,24,-0.4878844424926061,0.06262819282580745,0.012783926327988531,0.09541666666666666,0.0027333156591864095,5.579357225804794e-4,2018-08-11,Desert Scrub
7,Exclusion,24,-12.242423772212074,5.283006817522899,1.0783892508813284,0.04858333333333333,0.005020970516497408,0.001024901314914763,2018-08-11,Desert Scrub
8,Ambient,24,-0.27776055638342567,0.029311539433812223,0.005983192932358974,0.10775,0.0025065132546332534,5.116398756145196e-4,2018-08-11,Desert Scrub
9,Addition,24,-0.5841867476806847,0.10463866526842384,0.021359278106127217,0.09195833333333334,0.0037818694096814188,7.719708606300091e-4,2018-08-11,Desert Scrub
11,Addition,24,-0.45933633805139495,0.023632268633241724,0.004823916634651854,0.0965,0.0011420804814403225,2.3312620206007866e-4,2018-08-11,Desert Scrub
12,Addition,24,-0.8898538937566844,0.12833471922760004,0.026196214865913784,0.08379166666666667,0.00266994816211959,5.450008864062278e-4,2018-08-11,Desert Scrub
2,Exclusion,24,-0.9875852798465796,0.3048794495003871,0.06223325702804835,0.08270833333333333,0.0056297282864904005,0.0011491634743678795,2018-08-12,Desert Scrub
4,Exclusion,24,-1.974032506710938,0.45975197527581263,0.09384647897186738,0.07079166666666667,0.003659165581607802,7.469240466077962e-4,2018-08-12,Desert Scrub
5,Ambient,24,-15.434540656519228,9.109138792705256,1.859395169859989,0.04854166666666667,0.00969974973530432,0.0019799531236826483,2018-08-12,Desert Scrub
6,Ambient,24,-0.5275890539349455,0.08433823814018411,0.01721547077073217,0.09391666666666666,0.0033089689273728246,6.754404538989991e-4,2018-08-12,Desert Scrub
7,Exclusion,24,-12.869557957381959,5.6132459688533025,1.1457990353687657,0.048,0.004727348737607214,9.649660202773232e-4,2018-08-12,Desert Scrub
8,Ambient,24,-0.29069755635490196,0.035958292852391445,0.0073399557924938765,0.10675,0.00293776016424226,5.996677824223702e-4,2018-08-12,Desert Scrub
9,Addition,24,-0.648392862825988,0.11758555051255255,0.024002049990000898,0.08991666666666666,0.0037868957881284438,7.729968658341203e-4,2018-08-12,Desert Scrub
11,Addition,24,-0.51419785384579,0.041341859210725335,0.008438871673688165,0.09420833333333334,0.0016412923504696383,3.350273981153227e-4,2018-08-12,Desert Scrub
12,Addition,24,-0.9260073348009641,0.12166685183978482,0.02483514213485613,0.08304166666666667,0.0025104852582487,5.124506574573808e-4,2018-08-12,Desert Scrub
2,Exclusion,24,-1.080658254341847,0.28338625105579407,0.05784597626724552,0.08083333333333334,0.004687324875955755,9.567961837288379e-4,2018-08-13,Desert Scrub
4,Exclusion,24,-2.0590751825142646,0.37481991238312334,0.07650979423111252,0.06995833333333333,0.0028662832571371777,5.85077619855723e-4,2018-08-13,Desert Scrub
5,Ambient,24,-15.879530563634043,11.062891155917406,2.2582032009955353,0.04975,0.01162549671683079,0.002373044580219711,2018-08-13,Desert Scrub
6,Ambient,24,-0.5848460493219242,0.06999551754788577,0.014287775189528847,0.09170833333333334,0.002440227478110913,4.98109348140862e-4,2018-08-13,Desert Scrub
7,Exclusion,24,-13.596094214654315,4.681752439453645,0.9556587148909856,0.047,0.0037532594530273466,7.66130877682874e-4,2018-08-13,Desert Scrub
8,Ambient,24,-0.31457598939567116,0.028177152114302873,0.005751637090402186,0.10483333333333333,0.002035909510816208,4.1557828866491836e-4,2018-08-13,Desert Scrub
9,Addition,24,-0.7557922319120257,0.12752233394377624,0.02603038741425425,0.08691666666666667,0.0033740269665511677,6.88720370536744e-4,2018-08-13,Desert Scrub
11,Addition,24,-0.61729939372047,0.030307944228910217,0.00618658320946335,0.0905,0.0010215078369104993,2.0851441405707498e-4,2018-08-13,Desert Scrub
12,Addition,24,-1.0153127671968112,0.1128071919816252,0.023026671639263644,0.08133333333333334,0.001948615264559777,3.977594252641586e-4,2018-08-13,Desert Scrub
2,Exclusion,24,-1.1500368887666732,0.23608375123756858,0.04819039392451664,0.07945833333333334,0.003501293756743999,7.146985953012672e-4,2018-08-14,Desert Scrub
4,Exclusion,24,-1.741673897445264,0.8183247277888273,0.1670398355820474,0.074875,0.009199775517110043,0.0018778963137557384,2018-08-14,Desert Scrub
5,Ambient,24,-7.511549981100589,2.7624561225138287,0.5638839947488512,0.05354166666666667,0.004577631499468644,9.344051170158019e-4,2018-08-14,Desert Scrub
6,Ambient,24,-0.5758959246609117,0.1632038855011395,0.033313853626450125,0.092875,0.006124168089023092,0.00125009057642851,2018-08-14,Desert Scrub
7,Exclusion,24,-22.242953275122225,8.968347052774005,1.830656176290806,0.042249999999999996,0.003151949017464536,6.433888990045748e-4,2018-08-14,Desert Scrub
8,Ambient,24,-0.34724204163827616,0.03930901304550038,0.00802391868782361,0.10266666666666667,0.0024612945810066574,5.02409652511969e-4,2018-08-14,Desert Scrub
9,Addition,24,-0.8084894644388498,0.19635400843666756,0.04008059413499824,0.08600000000000001,0.0047273487376072116,9.649660202773226e-4,2018-08-14,Desert Scrub
11,Addition,24,-0.5070282687189263,0.2718419511546775,0.05548950591762903,0.09970833333333333,0.015602338639271128,0.0031848140383603568,2018-08-14,Desert Scrub
12,Addition,24,-0.8751133865316396,0.32140959967744476,0.06560745980349571,0.08554166666666667,0.007575585307659283,0.00154635987555753,2018-08-14,Desert Scrub
2,Exclusion,24,-0.8485345049393448,0.2824113503548359,0.05764697549497642,0.08570833333333333,0.0064973517459150166,0.0013262663714061007,2018-08-15,Desert Scrub
4,Exclusion,24,-0.9163677256604965,0.08191608101975618,0.01672105001890738,0.083125,0.0017019809430292604,3.474154051968845e-4,2018-08-15,Desert Scrub
5,Ambient,24,-8.539825858779723,4.422971694512874,0.9028353165274683,0.05329166666666667,0.006962503089791941,0.0014212149918784622,2018-08-15,Desert Scrub
6,Ambient,24,-0.24536345002558796,0.05593817818429253,0.011418332807700193,0.11125,0.005431390245600111,0.0011086778913041732,2018-08-15,Desert Scrub
7,Exclusion,24,-28.54823064907368,18.719610390100673,3.8211244699540843,0.042249999999999996,0.0071824060398823966,0.0014661024935996565,2018-08-15,Desert Scrub
8,Ambient,24,-0.20108451955698287,0.06479439397138442,0.013226100285229863,0.11695833333333333,0.008227626667497144,0.0016794572607902998,2018-08-15,Desert Scrub
9,Addition,24,-0.39980627862334445,0.17703155655464434,0.03613641516079512,0.10241666666666667,0.011220775245117841,0.002290431155749296,2018-08-15,Desert Scrub
11,Addition,24,-0.0921318501800335,0.023060732543479474,0.0047072523188599336,0.13783333333333334,0.007648055545247323,0.0015611528008599438,2018-08-15,Desert Scrub
12,Addition,24,-0.3548400011245979,0.055001079084940487,0.011227048255047344,0.10233333333333333,0.0034220089023169137,6.985146421615003e-4,2018-08-15,Desert Scrub
2,Exclusion,24,-0.6106967032396203,0.15567342214819507,0.03177670423132996,0.09145833333333334,0.005200160253940899,0.00106147826690475,2018-08-16,Desert Scrub
4,Exclusion,24,-0.8933013253251427,0.0959647639710811,0.019588725417980988,0.083625,0.0020390215044604498,4.1621352170751635e-4,2018-08-16,Desert Scrub
5,Ambient,24,-3.2396461129225878,2.5906269795435852,0.5288095178141149,0.076375,0.0355293051119654,0.0072523890366644325,2018-08-16,Desert Scrub
6,Ambient,24,-0.15851629568830672,0.02070212045774117,0.004225802642924899,0.12179166666666666,0.0034763695038842243,7.096109534907211e-4,2018-08-16,Desert Scrub
7,Exclusion,24,-14.30295123599818,9.132941272421032,1.8642538306863723,0.04841666666666667,0.007088978994778147,0.0014470317778762065,2018-08-16,Desert Scrub
8,Ambient,24,-0.12768497590293096,0.02358180826240501,0.004813616454586723,0.12791666666666668,0.00508977377704052,0.0010389457216622958,2018-08-16,Desert Scrub
9,Addition,24,-0.17356937216026147,0.046644483019853696,0.00952126522621298,0.12025,0.006967314996529837,0.0014221972182282708,2018-08-16,Desert Scrub
11,Addition,24,-0.05321949622145686,0.00613705159115324,0.0012527204102884206,0.15429166666666666,0.004059119273359967,8.285642520690624e-4,2018-08-16,Desert Scrub
12,Addition,24,-0.24813229394992678,0.02277763108402136,0.004649464475434134,0.110375,0.0021226009475661467,4.332741040904276e-4,2018-08-16,Desert Scrub
2,Exclusion,24,-0.5528203916956659,0.1113200604379207,0.02272311218405752,0.09316666666666666,0.004259686318994853,8.695048288209771e-4,2018-08-17,Desert Scrub
4,Exclusion,24,-0.9998039025550457,0.11747044691119639,0.023978554565760955,0.081625,0.002122600947566144,4.3327410409042707e-4,2018-08-17,Desert Scrub
5,Ambient,24,-6.861798511536568,3.0124192045614016,0.6149074952113511,0.05504166666666667,0.005512666573775634,0.001125268352320592,2018-08-17,Desert Scrub
6,Ambient,24,-0.13771555290020862,0.013966731451572753,0.0028509471192362224,0.12545833333333334,0.002765928834738991,5.64592859163449e-4,2018-08-17,Desert Scrub
7,Exclusion,24,-8.011947313030715,2.868196771572852,0.585468214354294,0.05275,0.004265636198026391,8.707193427925233e-4,2018-08-17,Desert Scrub
8,Ambient,24,-0.10728861892059686,0.008306493810677815,0.0016955559489789387,0.13237500000000002,0.00226144432493542,0.00046161538981704504,2018-08-17,Desert Scrub
9,Addition,24,-0.12962613973288822,0.006898869589159943,0.00140822585795384,0.127,0.001532261755365749,3.1277162108561246e-4,2018-08-17,Desert Scrub
11,Addition,24,-0.04586690672007647,0.0024890497328563205,5.080751491590639e-4,0.15912500000000002,0.0018252456654188883,3.7257671129191865e-4,2018-08-17,Desert Scrub
12,Addition,24,-0.24106393604309467,0.018528538042178074,0.0037821219902569253,0.11104166666666666,0.0018991798382383435,3.8766846112211985e-4,2018-08-17,Desert Scrub
2,Exclusion,24,-0.5137559892394697,0.1295200142409473,0.02643816219736097,0.09491666666666666,0.005216334434019379,0.0010647798075880972,2018-08-18,Desert Scrub
4,Exclusion,24,-0.9840504654267767,0.11902464716626522,0.02429580436434613,0.08191666666666667,0.0022050666295102524,4.5010734092823653e-4,2018-08-18,Desert Scrub
5,Ambient,24,-3.23741178229523,0.44930106496146877,0.09171319583705635,0.06329166666666666,0.0019219366742195623,3.923136808149694e-4,2018-08-18,Desert Scrub
6,Ambient,24,-0.12523465806435355,0.00707641624623894,0.001444467417568877,0.12795833333333334,0.0016010639578422387,3.268158118562002e-4,2018-08-18,Desert Scrub
7,Exclusion,24,-6.272132969268821,2.414176100284142,0.49279163290985833,0.05583333333333333,0.004992748364566761,0.0010191404922753142,2018-08-18,Desert Scrub
8,Ambient,24,-0.10259108709279585,0.010748317914319483,0.0021939912069415214,0.13375,0.0030395937943716467,6.204544851283958e-4,2018-08-18,Desert Scrub
9,Addition,24,-0.12732585552604744,0.00964879962920692,0.0019695529768260405,0.12754166666666666,0.00214636531326124,4.381249849249176e-4,2018-08-18,Desert Scrub
11,Addition,24,-0.049072329241195436,0.002166345573316806,4.422034384302717e-4,0.15679166666666666,0.0015316704909195148,3.126509297359189e-4,2018-08-18,Desert Scrub
12,Addition,24,-0.24895685052513505,0.022283730805274127,0.004548647503205042,0.11029166666666666,0.0020951116327354007,4.2766287119759013e-4,2018-08-18,Desert Scrub
2,Exclusion,24,-0.47540117345037086,0.11292463562191743,0.023050644721951223,0.09645833333333333,0.005107361836362902,0.0010425358692377656,2018-08-19,Desert Scrub
4,Exclusion,24,-1.12805224361475,0.17501467340588758,0.03572472061202246,0.079625,0.002778997316831473,5.672604519000557e-4,2018-08-19,Desert Scrub
5,Ambient,24,-3.4264317256028645,1.5732586255682095,0.32114007217287416,0.06483333333333334,0.00901046090924884,0.0018392526312461521,2018-08-19,Desert Scrub
6,Ambient,24,-0.1287254077669152,0.012056958165903676,0.002461116279712245,0.12729166666666666,0.002678077939357885,5.466603702359208e-4,2018-08-19,Desert Scrub
7,Exclusion,24,-5.28112949028203,2.0549999701775192,0.4194751123641309,0.057875,0.00488398002346091,9.969382476187872e-4,2018-08-19,Desert Scrub
8,Ambient,24,-0.1003638251312261,0.008793503575132065,0.0017949664008677666,0.13433333333333333,0.0025650945684180045,5.235977362173954e-4,2018-08-19,Desert Scrub
9,Addition,24,-0.1313240680179595,0.0058011779548301015,0.001184160491368019,0.126625,0.0012091139407595685,2.468093496455592e-4,2018-08-19,Desert Scrub
11,Addition,24,-0.05461219882063173,0.0038052043174157365,7.767340787253427e-4,0.15325,0.002345207879911717,4.7871355387816953e-4,2018-08-19,Desert Scrub
12,Addition,24,-0.2502996930833946,0.022921925118366958,0.004678918371856996,0.11016666666666666,0.0021196116680157273,4.3266391995733895e-4,2018-08-19,Desert Scrub
2,Exclusion,24,-0.5143524871184932,0.112562876571522,0.02297680096500934,0.09470833333333334,0.0045633622869895914,9.314924262153826e-4,2018-08-20,Desert Scrub
4,Exclusion,24,-1.2013412818711182,0.1852467104118118,0.03781332641983823,0.07854166666666666,0.0027183621454146246,5.548833493635998e-4,2018-08-20,Desert Scrub
5,Ambient,24,-4.753445591194258,1.2655563677355162,0.25833061180684025,0.058583333333333334,0.003255986682307272,6.646254984125245e-4,2018-08-20,Desert Scrub
6,Ambient,24,-0.1385827942631762,0.010143896275633956,0.002070614156585155,0.12520833333333334,0.0019776834640705216,4.036929466427206e-4,2018-08-20,Desert Scrub
7,Exclusion,24,-5.204661782150598,1.507934735293536,0.30780588890733196,0.0575,0.003310063706204223,6.756639246921763e-4,2018-08-20,Desert Scrub
8,Ambient,24,-0.10602859786816983,0.006083307886281458,0.0012417500224698708,0.13266666666666668,0.0016329931618554536,3.333333333333337e-4,2018-08-20,Desert Scrub
9,Addition,24,-0.1451220422772861,0.007099755582035275,0.001449231539538585,0.12391666666666666,0.0013486439781165926,2.7529079925524123e-4,2018-08-20,Desert Scrub
11,Addition,24,-0.06381683393984364,0.004711803036852063,9.617927673986464e-4,0.14816666666666667,0.002407717061715386,4.914731871829909e-4,2018-08-20,Desert Scrub
12,Addition,24,-0.2756782960835645,0.018635939508137453,0.00380404522269254,0.10783333333333334,0.001578845661611169,3.2228052112952325e-4,2018-08-20,Desert Scrub
2,Exclusion,24,-0.6466495510720639,0.07858135627831367,0.016040352181476654,0.08975,0.002591793067424141,5.290475445059987e-4,2018-08-21,Desert Scrub
4,Exclusion,24,-1.2559785796165732,0.20510272512543282,0.04186641845096878,0.077875,0.003353291698822414,6.844878017354568e-4,2018-08-21,Desert Scrub
5,Ambient,24,-6.70472045863539,1.237808521844831,0.25266660648237677,0.05416666666666667,0.0023895909540204235,4.8777321094337474e-4,2018-08-21,Desert Scrub
6,Ambient,24,-0.15122782752810968,0.0049715997090657585,0.0010148235410483673,0.12279166666666666,8.836272412331326e-4,1.8036965532036296e-4,2018-08-21,Desert Scrub
7,Exclusion,24,-7.267354668937266,1.811794107101258,0.3698309234482949,0.053375,0.0028255434259932943,5.767616366465846e-4,2018-08-21,Desert Scrub
8,Ambient,24,-0.12153175568329656,0.006710010306086088,0.0013696751182272738,0.12879166666666667,0.0015597983890531359,3.1839251289961516e-4,2018-08-21,Desert Scrub
9,Addition,24,-0.1723546863068508,0.012644720532763871,0.002581092770447079,0.11941666666666667,0.001839580922659963,3.755028834229329e-4,2018-08-21,Desert Scrub
11,Addition,24,-0.07320057512030172,0.0046517158106216105,9.495275137049977e-4,0.14379166666666665,0.0019776834640705216,4.036929466427206e-4,2018-08-21,Desert Scrub
12,Addition,24,-0.32798398652250454,0.04425365293594947,0.009033239078941243,0.104,0.0028130132381950948,5.742039227726815e-4,2018-08-21,Desert Scrub
2,Exclusion,24,-0.800432067004991,0.09777615614944402,0.019958474298069125,0.08566666666666667,0.0022198054491067544,4.5311588988010014e-4,2018-08-22,Desert Scrub
4,Exclusion,24,-1.0933042047501373,0.14631427238981337,0.029866275786802652,0.08008333333333334,0.0022050666295102554,4.5010734092823713e-4,2018-08-22,Desert Scrub
5,Ambient,24,-4.893386930865961,1.27322317764222,0.25989559282570185,0.058291666666666665,0.003723943289469969,7.601467408552447e-4,2018-08-22,Desert Scrub
6,Ambient,24,-0.14349034728550678,0.005765429230187011,0.0011768633135071165,0.12420833333333334,0.0011025333147551277,2.2505367046411857e-4,2018-08-22,Desert Scrub
7,Exclusion,24,-12.317964675770979,3.7691097589379217,0.7693663078285348,0.04779166666666666,0.003134370010435724,6.398005992207925e-4,2018-08-22,Desert Scrub
8,Ambient,24,-0.1438088197297285,0.010543750654457198,0.0021522340898796942,0.12420833333333334,0.0019995470501583874,4.081558324646109e-4,2018-08-22,Desert Scrub
9,Addition,24,-0.20430516748541522,0.014315382098838621,0.0029221151345939275,0.11508333333333334,0.0017173454405910436,3.505516701286016e-4,2018-08-22,Desert Scrub
11,Addition,24,-0.07941839401439192,0.004371016900008777,8.922300885086187e-4,0.14125,0.0016484511834894602,3.36488688786352e-4,2018-08-22,Desert Scrub
12,Addition,24,-0.4605420565029261,0.047262370105652256,0.00964739089945146,0.09654166666666666,0.002186503396166876,4.463181367892789e-4,2018-08-22,Desert Scrub
2,Exclusion,24,-0.8196350950610203,0.14293540902993349,0.02917656819161168,0.08541666666666667,0.003374026966551167,6.887203705367437e-4,2018-08-23,Desert Scrub
4,Exclusion,24,-1.1853318706582774,0.2653342177692126,0.0541611204029237,0.079125,0.0044654470539134536,9.115055629585305e-4,2018-08-23,Desert Scrub
5,Ambient,24,-4.45456755630182,0.8368937991472544,0.17083023140083708,0.059166666666666666,0.002371326296779315,4.8404495339607925e-4,2018-08-23,Desert Scrub
6,Ambient,24,-0.15371420636819647,0.007244180520379657,0.0014787121566283063,0.122375,0.0012445533509971615,2.5404338896783165e-4,2018-08-23,Desert Scrub
7,Exclusion,24,-13.663687897539715,4.328776977666527,0.8836079004658437,0.046875,0.003663124112130187,7.477320782670525e-4,2018-08-23,Desert Scrub
8,Ambient,24,-0.15403484285183178,0.011362145383603486,0.0023192882144289985,0.122375,0.0020602342627456987,4.205435578605044e-4,2018-08-23,Desert Scrub
9,Addition,24,-0.2370942562695084,0.042769710417979424,0.008730330580887288,0.11179166666666666,0.004180484335021763,8.53337791541797e-4,2018-08-23,Desert Scrub
11,Addition,24,-0.09065446046668427,0.00484217406744029,9.884046425804743e-4,0.13725,0.0016218615177038698,3.310610959858656e-4,2018-08-23,Desert Scrub
12,Addition,24,-0.43100041494377767,0.07885507029956307,0.01609622382210218,0.09825,0.004109903204191807,8.389304785416292e-4,2018-08-23,Desert Scrub
2,Exclusion,24,-0.7613876480233068,0.18999839811523392,0.03878326061070835,0.08716666666666667,0.004931413649219676,0.0010066205959320467,2018-08-24,Desert Scrub
4,Exclusion,24,-1.1419432137874737,0.1316133398477457,0.026865460497540804,0.07929166666666666,0.0019444271910897776,3.9690453834692645e-4,2018-08-24,Desert Scrub
5,Ambient,24,-5.132876248447328,1.6062790873523671,0.327880345709729,0.057875,0.004099973488779611,8.369035838707183e-4,2018-08-24,Desert Scrub
6,Ambient,24,-0.16369122752064502,0.0068123110857638575,0.0013905571774355588,0.12070833333333333,0.0010826363421183331,2.2099221793192973e-4,2018-08-24,Desert Scrub
7,Exclusion,24,-12.42106638725673,7.156589082000573,1.4608326291395404,0.049416666666666664,0.006593255227332978,0.0013458425875753086,2018-08-24,Desert Scrub
8,Ambient,24,-0.15528390632389819,0.028145417137298196,0.005745159215347151,0.12258333333333334,0.004835706563783051,9.87084468924656e-4,2018-08-24,Desert Scrub
9,Addition,24,-0.23783245572398015,0.06236527369631064,0.012730258185414872,0.11225,0.006326273716053931,0.0012913452147927437,2018-08-24,Desert Scrub
11,Addition,24,-0.09607511333147055,0.003305393752757982,6.747106744366895e-4,0.1355,9.780192938436524e-4,1.9963735237617282e-4,2018-08-24,Desert Scrub
12,Addition,24,-0.43202250801635067,0.03386805252038214,0.006913287271393169,0.09783333333333334,0.0016594044679962153,3.3872451862377554e-4,2018-08-24,Desert Scrub
2,Exclusion,24,-0.8228117565200805,0.10316847672445631,0.021059177126260067,0.08516666666666667,0.0022968156910907244,4.688355396991822e-4,2018-08-25,Desert Scrub
4,Exclusion,24,-1.354663694554691,0.15595441306466626,0.03183406126197257,0.07641666666666666,0.0020198292365760885,4.1229591643055885e-4,2018-08-25,Desert Scrub
5,Ambient,24,-5.6908933831582935,2.4252092473496876,0.495043764623831,0.057833333333333334,0.0074987921732750425,0.0015306845426416662,2018-08-25,Desert Scrub
6,Ambient,24,-0.17622929900202558,0.0075684271862842215,0.0015448987301503792,0.11879166666666666,0.001102533314755125,2.25053670464118e-4,2018-08-25,Desert Scrub
7,Exclusion,24,-9.924523079863947,1.966869563130423,0.4014855683567002,0.049749999999999996,0.0021110475454452536,4.3091577575797953e-4,2018-08-25,Desert Scrub
8,Ambient,24,-0.14882260508594716,0.00811392958253033,0.0016562489405060866,0.12325,0.0014817733206914773,3.024657125136286e-4,2018-08-25,Desert Scrub
9,Addition,24,-0.19969561514645673,0.010558645337377708,0.002155274454299344,0.115625,0.0013125646981983496,2.6792614708134627e-4,2018-08-25,Desert Scrub
11,Addition,24,-0.09495782242292163,0.0021613825132616514,4.4119035803877847e-4,0.13583333333333333,6.370220572706067e-4,1.3003158293424912e-4,2018-08-25,Desert Scrub
12,Addition,24,-0.4941667537845745,0.04498101365159278,0.009181710963297219,0.09504166666666666,0.001805286118878251,3.6850248591509407e-4,2018-08-25,Desert Scrub
2,Exclusion,24,-0.8430633412027573,0.1892416059878245,0.03862878106458265,0.08508333333333333,0.004085144525852351,8.338766344885153e-4,2018-08-26,Desert Scrub
4,Exclusion,24,-1.3830369853726663,0.2742906332712765,0.055989341061624516,0.076375,0.0037044333017286915,7.56164281284071e-4,2018-08-26,Desert Scrub
5,Ambient,24,-5.036245355561734,2.2868094839643365,0.4667930312224946,0.059583333333333335,0.008500213126057829,0.0017350987386457988,2018-08-26,Desert Scrub
6,Ambient,24,-0.17240773053741718,0.009302889118023348,0.0018989442894039533,0.119375,0.001408437308570712,2.8749606172475875e-4,2018-08-26,Desert Scrub
7,Exclusion,24,-12.006850960125021,5.267642880433492,1.075253100355556,0.048666666666666664,0.004546060565661952,9.279607271383372e-4,2018-08-26,Desert Scrub
8,Ambient,24,-0.1499879602841684,0.013678475242597765,0.002792107066971406,0.123125,0.0024550303283347617,5.011309672898014e-4,2018-08-26,Desert Scrub
9,Addition,24,-0.21198391467752858,0.018664664179221593,0.0038099086216246587,0.11420833333333334,0.002186503396166876,4.463181367892789e-4,2018-08-26,Desert Scrub
11,Addition,24,-0.0972284828674682,0.004589015365286203,9.367288388952463e-4,0.13516666666666668,0.001340560125199674,2.736406896883946e-4,2018-08-26,Desert Scrub
12,Addition,24,-0.5547499316411154,0.07144064477171248,0.014582760548843868,0.09279166666666666,0.002637178443891795,5.383117956834879e-4,2018-08-26,Desert Scrub
2,Exclusion,24,-0.763685849649388,0.18947910075462948,0.03867725948085377,0.087125,0.005033042989994266,0.0010273655982481445,2018-08-27,Desert Scrub
4,Exclusion,24,-1.4894930858520885,0.19045833899195644,0.038877145649026564,0.074875,0.0020283319340735654,4.1403152228939704e-4,2018-08-27,Desert Scrub
5,Ambient,24,-4.3296560840224965,2.1846913989997074,0.4459482644163679,0.06120833333333334,0.00670482737622137,0.0013686171570988412,2018-08-27,Desert Scrub
6,Ambient,24,-0.17738363327608042,0.011999279107947102,0.002449342591309076,0.11866666666666667,0.0017856107630448014,3.644862707234571e-4,2018-08-27,Desert Scrub
7,Exclusion,24,-8.973863760796805,3.8461559113370756,0.7850932878304212,0.051833333333333335,0.004922589162013323,0.0010048193050239396,2018-08-27,Desert Scrub
8,Ambient,24,-0.14222187344307233,0.014265905455467446,0.0029120157570568413,0.12458333333333334,0.002749176424766655,5.611732877972709e-4,2018-08-27,Desert Scrub
9,Addition,24,-0.1987516072004175,0.021454002107890193,0.004379279842077143,0.115875,0.0027236883560476507,5.559705575563915e-4,2018-08-27,Desert Scrub
11,Addition,24,-0.10058181870834958,0.0065308223943268615,0.001333098538903527,0.13420833333333335,0.0018410575095914833,3.758042904681901e-4,2018-08-27,Desert Scrub
12,Addition,24,-0.4981828450285706,0.09456018602143369,0.019302017144597592,0.09520833333333334,0.003878358759406702,7.916666666666674e-4,2018-08-27,Desert Scrub
2,Exclusion,24,-0.8114546298553746,0.2070717552621575,0.042268345044563616,0.08600000000000001,0.004978213403988639,0.001016173555871325,2018-08-28,Desert Scrub
4,Exclusion,24,-1.913559591247793,0.4127357785481229,0.08424933800277136,0.07120833333333333,0.003463840124168129,7.070534045658869e-4,2018-08-28,Desert Scrub
5,Ambient,24,-8.518436597123264,5.852214766491372,1.194578336923739,0.05445833333333333,0.008272422318432055,0.0016886011347474964,2018-08-28,Desert Scrub
6,Ambient,24,-0.196196711201118,0.018735785680607717,0.0038244262373027128,0.11616666666666667,0.0024612945810066574,5.02409652511969e-4,2018-08-28,Desert Scrub
7,Exclusion,24,-9.288093035342666,4.1460854215808345,0.8463161427387603,0.051458333333333335,0.004836268474105134,9.871991683888482e-4,2018-08-28,Desert Scrub
8,Ambient,24,-0.14486020008103334,0.014257902633645387,0.00291038218789297,0.12408333333333334,0.002717362318685991,5.546792605872374e-4,2018-08-28,Desert Scrub
9,Addition,24,-0.2060584672023496,0.01489964513461194,0.0030413773273617693,0.114875,0.0017769661492702048,3.6272169632585737e-4,2018-08-28,Desert Scrub
11,Addition,24,-0.11089798935509941,0.005989883366654389,0.0012226798222572915,0.13137500000000002,0.001555145736215603,3.1744279411609284e-4,2018-08-28,Desert Scrub
12,Addition,24,-0.4613761175889615,0.053627418849957205,0.010946651033742287,0.09654166666666666,0.0024843714394742534,5.071201965213053e-4,2018-08-28,Desert Scrub
2,Exclusion,24,-0.839436662883749,0.269071567036102,0.05492400362746069,0.08575,0.006030718466102633,0.0012310152520276251,2018-08-29,Desert Scrub
4,Exclusion,24,-1.9489948801419525,0.4599576127047029,0.09388845453626729,0.07100000000000001,0.003706633301903843,7.56613354439334e-4,2018-08-29,Desert Scrub
5,Ambient,24,-10.596159673021058,6.992882237246846,1.4274161093855695,0.051916666666666667,0.00790110981013959,0.0016128072863783728,2018-08-29,Desert Scrub
6,Ambient,24,-0.2008999962752756,0.02511947221138653,0.0051274907938265325,0.11566666666666667,0.003185110286353028,6.501579146712445e-4,2018-08-29,Desert Scrub
7,Exclusion,24,-9.271001513751436,4.871856345486464,0.994463512215186,0.051958333333333336,0.005729247364385557,0.0011694777210774984,2018-08-29,Desert Scrub
8,Ambient,24,-0.14678128988040073,0.015460800460440094,0.0031559226785887874,0.12375,0.0028779521704941848,5.874595268205075e-4,2018-08-29,Desert Scrub
9,Addition,24,-0.21347846120807012,0.019131652601535157,0.003905232234162623,0.11404166666666667,0.0022742254613989732,4.642243283727605e-4,2018-08-29,Desert Scrub
11,Addition,24,-0.10593363885007534,0.01867714111570193,0.00381245546561882,0.13325,0.005795425482373066,0.0011829862728447566,2018-08-29,Desert Scrub
12,Addition,24,-0.40231792658153664,0.11416496728140162,0.023303826361747534,0.100375,0.006512946972060309,0.0013294497336127072,2018-08-29,Desert Scrub
2,Exclusion,24,-0.8096494057759285,0.22555467935510046,0.046041156126422275,0.08620833333333333,0.005555875594646481,0.0011340883567721623,2018-08-30,Desert Scrub
4,Exclusion,24,-1.9559299967709525,0.482715680548904,0.09853392568209515,0.07100000000000001,0.003912077175374604,7.985494095046901e-4,2018-08-30,Desert Scrub
5,Ambient,24,-7.472630769734831,3.5659348970862577,0.7278934128204481,0.05433333333333333,0.00599758405466348,0.001224251718614845,2018-08-30,Desert Scrub
6,Ambient,24,-0.2026423963498979,0.020612043631751165,0.004207415787814485,0.115375,0.002634429234446113,5.377506156553245e-4,2018-08-30,Desert Scrub
7,Exclusion,24,-8.377159474735508,3.468542839851065,0.708013342384935,0.052583333333333336,0.005029622396291332,0.0010266673724823475,2018-08-30,Desert Scrub
8,Ambient,24,-0.1466962394224282,0.014715404587301122,0.003003769383124886,0.12375,0.0027544430510974705,5.622483333953046e-4,2018-08-30,Desert Scrub
9,Addition,24,-0.16707150985868396,0.023387330440268996,0.004773918835376641,0.12045833333333333,0.0037761167846101463,7.707966109544958e-4,2018-08-30,Desert Scrub
11,Addition,24,-0.056303494204408285,0.0070219702799494,0.0014333536812386983,0.15245833333333333,0.004293363601477609,8.76379175321504e-4,2018-08-30,Desert Scrub
12,Addition,24,-0.3139702243494847,0.061118395550536955,0.012475740249700443,0.10529166666666667,0.004563362286989586,9.314924262153815e-4,2018-08-30,Desert Scrub
2,Exclusion,24,-0.8458316600763667,0.18745845875751238,0.0382647976603725,0.08504166666666667,0.004237299864881823,8.649352130103811e-4,2018-08-31,Desert Scrub
4,Exclusion,24,-1.8936919984906966,0.3688620616250523,0.07529365303770186,0.07129166666666667,0.0031551085789442352,6.440338417909262e-4,2018-08-31,Desert Scrub
5,Ambient,24,-5.9688901993378805,2.2194325919719122,0.45303978073615686,0.05633333333333333,0.004815434123430769,9.82946374365981e-4,2018-08-31,Desert Scrub
6,Ambient,24,-0.21847031664018823,0.01872756435254692,0.0038227480657396316,0.11345833333333334,0.0021260121204339103,4.339704068362982e-4,2018-08-31,Desert Scrub
7,Exclusion,24,-8.57984364252079,3.0391728938185096,0.6203685691627591,0.051958333333333336,0.0041648546784676214,8.501474012574142e-4,2018-08-31,Desert Scrub
8,Ambient,24,-0.15292684921680053,0.009806792165021679,0.0020018030681522533,0.12254166666666666,0.0017189270330434452,3.508745113360534e-4,2018-08-31,Desert Scrub
9,Addition,24,-0.14203476719364677,0.010172948560007328,0.0020765444292999047,0.12454166666666666,0.0019995470501583874,4.081558324646109e-4,2018-08-31,Desert Scrub
11,Addition,24,-0.04732492072611702,0.0023887754356742555,4.876067439580422e-4,0.15804166666666666,0.001731527766395072,3.534466252607497e-4,2018-08-31,Desert Scrub
12,Addition,24,-0.2837270081150733,0.024510516616820403,0.005003188253601519,0.10720833333333334,0.0021260121204339103,4.339704068362982e-4,2018-08-31,Desert Scrub
2,Exclusion,24,-0.7826378804930508,0.3523759461476523,0.07192843880768265,0.08929166666666667,0.012001735985542536,0.0024498440993481834,2018-09-01,Desert Scrub
4,Exclusion,24,-1.4574947087983936,0.680560283626761,0.1389187861741135,0.07766666666666666,0.009130296755340411,0.0018637140208977393,2018-09-01,Desert Scrub
5,Ambient,24,-5.217000874650573,4.397314842216485,0.8975981334831258,0.10875,0.08050992377394824,0.016434019373045148,2018-09-01,Desert Scrub
6,Ambient,24,-0.18545256423569792,0.08280385175785376,0.016902265461983472,0.12383333333333334,0.02217845932365489,0.004527159052002216,2018-09-01,Desert Scrub
7,Exclusion,24,-10.511723892622744,4.6374583830533105,0.9466172284894123,0.050749999999999997,0.006942308850369095,0.0014170928600176647,2018-09-01,Desert Scrub
8,Ambient,24,-0.129494955957683,0.05884187340047925,0.012011047111718355,0.13379166666666667,0.02297631893676744,0.004690021463543896,2018-09-01,Desert Scrub
9,Addition,24,-0.11786655265863058,0.05524529193862342,0.011276897995060021,0.13791666666666666,0.027055364599709027,0.005522653172853865,2018-09-01,Desert Scrub
11,Addition,24,-0.03698137557543604,0.020256048671910405,0.0041347486209301135,0.18270833333333333,0.04330827731575075,0.008840265088545072,2018-09-01,Desert Scrub
12,Addition,24,-0.24363655796061606,0.11369312317028143,0.023207511585882405,0.11699999999999999,0.02087228243180519,0.004260536810431695,2018-09-01,Desert Scrub
2,Exclusion,24,-0.08118420124121507,0.04428426135140943,0.00903948699558391,0.145125,0.015054430230507477,0.0030729727027560883,2018-09-02,Desert Scrub
4,Exclusion,24,-0.47095334265086636,0.10133084708752395,0.020684072547368385,0.0965,0.004442874118718945,9.068978818565757e-4,2018-09-02,Desert Scrub
5,Ambient,24,-0.011050226263218067,7.843154309941922e-4,1.6009771694390346e-4,0.21679166666666666,0.0033876908470759754,6.915094984694215e-4,2018-09-02,Desert Scrub
6,Ambient,24,-0.013133841931798595,0.0018982798397959152,3.8748474970934913e-4,0.20916666666666667,0.0059539294052179375,0.001215340750611374,2018-09-02,Desert Scrub
7,Exclusion,24,-0.6063487539614648,0.4664898037510071,0.09522183245008581,0.096375,0.01304111391614662,0.002662006231005676,2018-09-02,Desert Scrub
8,Ambient,24,-0.012285318867365055,0.0019477099912097243,3.9757463711537786e-4,0.21229166666666666,0.0063347157148845885,0.0012930684305881006,2018-09-02,Desert Scrub
9,Addition,24,-0.010041200456115371,7.897584877147702e-4,1.6120877624444034e-4,0.221375,0.0037856996366762196,7.72752702441367e-4,2018-09-02,Desert Scrub
11,Addition,24,-0.004631433662070972,4.956068955723973e-4,1.0116533392976674e-4,0.2620416666666667,0.006089757378380217,0.00124306651953171,2018-09-02,Desert Scrub
12,Addition,24,-0.017707551508160665,0.0035951064812454613,7.338480375020069e-4,0.19637500000000002,0.007094471209267857,0.001448152871464349,2018-09-02,Desert Scrub
2,Exclusion,24,-0.035492547730590615,0.0014834746414963905,3.0281299316869677e-4,0.16820833333333335,0.0014738050920238288,3.008392046478322e-4,2018-09-03,Desert Scrub
4,Exclusion,24,-0.3676108299844231,0.0725411876236954,0.014807407917795992,0.10175000000000001,0.004386243316869526,8.953381678352642e-4,2018-09-03,Desert Scrub
5,Ambient,24,-0.014860628003986581,0.0027257265850658937,5.563866093125273e-4,0.20400000000000001,0.007934514587492442,0.0016196260080021865,2018-09-03,Desert Scrub
6,Ambient,24,-0.01661346683623678,0.002232441602668524,4.556952339249158e-4,0.19875,0.005765338709458667,0.0011768448360408178,2018-09-03,Desert Scrub
7,Exclusion,24,-0.2978505953016447,0.02643417731865616,0.00539585385008,0.10608333333333334,0.0020624313778658926,4.209920421063901e-4,2018-09-03,Desert Scrub
8,Ambient,24,-0.012618252579975614,7.036711994318317e-4,1.4363628210835067e-4,0.21058333333333332,0.0025693285650851137,5.24461997167984e-4,2018-09-03,Desert Scrub
9,Addition,24,-0.011579397007380208,4.270250217964611e-4,8.716611756684955e-5,0.2145,0.0017445567519772953,3.5610615580596017e-4,2018-09-03,Desert Scrub
11,Addition,24,-0.0061698664554108475,6.022995020171022e-4,1.2294387102285901e-4,0.24616666666666667,0.005247497678328026,0.0010711409781952535,2018-09-03,Desert Scrub
12,Addition,24,-0.0191735212987864,0.0027014980603828976,5.514409824213799e-4,0.19270833333333334,0.005886455836820713,0.0012015677661365422,2018-09-03,Desert Scrub
2,Exclusion,24,-0.03498375246585421,6.74397813406594e-4,1.3766087720790466e-4,0.16870833333333335,6.902530516863506e-4,1.4089731416920857e-4,2018-09-04,Desert Scrub
4,Exclusion,24,-0.33244860353107814,0.034832861417154776,0.007110228062759046,0.103625,0.002392242898820374,4.88314536908867e-4,2018-09-04,Desert Scrub
5,Ambient,24,-0.02143793432596827,0.004632830894283791,9.456726462997639e-4,0.18879166666666666,0.009202925653275174,0.00187853933260781,2018-09-04,Desert Scrub
6,Ambient,24,-0.02376400379818906,0.0023900340191901574,4.878636512424287e-4,0.18370833333333333,0.004005204946899309,8.175590362645252e-4,2018-09-04,Desert Scrub
7,Exclusion,24,-0.35627931690930614,0.0325088847628831,0.006635848314666876,0.10204166666666667,0.0020103896803024667,4.103690750748371e-4,2018-09-04,Desert Scrub
8,Ambient,24,-0.015073452572069043,9.17323066672284e-4,1.872477868860141e-4,0.202625,0.002667232729774919,5.444466010999367e-4,2018-09-04,Desert Scrub
9,Addition,24,-0.01441126901683578,0.0011031110484928403,2.251715998695008e-4,0.20466666666666666,0.0033965028903355757,6.933082492675342e-4,2018-09-04,Desert Scrub
11,Addition,24,-0.00801782222952674,6.315920302469948e-4,1.2892318330946805e-4,0.23245833333333332,0.003988888552473972,8.142284661991862e-4,2018-09-04,Desert Scrub
12,Addition,24,-0.026572974517920022,0.0028202065528389964,5.756722519757523e-4,0.17933333333333332,0.004135389857723495,8.441329199086074e-4,2018-09-04,Desert Scrub
2,Exclusion,24,-0.03813421001173055,8.69443361263065e-4,1.774743829454006e-4,0.16558333333333333,8.297022339981077e-4,1.6936225931188777e-4,2018-09-05,Desert Scrub
4,Exclusion,24,-0.3250476064664683,0.04237326623514912,0.00864940675093488,0.10420833333333333,0.0029337491470763123,5.988490369718604e-4,2018-09-05,Desert Scrub
5,Ambient,24,-0.027384108250230122,0.002059182789840806,4.2032892685255866e-4,0.17804166666666665,0.0029411498293763607,6.003596949204909e-4,2018-09-05,Desert Scrub
6,Ambient,24,-0.02975687073747479,0.0020390537989060545,4.1622011378362117e-4,0.1748333333333333,0.0025480882290824206,5.201263317369952e-4,2018-09-05,Desert Scrub
7,Exclusion,24,-0.40754469385249625,0.05211657592248494,0.010638251512592302,0.09920833333333333,0.002750164685450933,5.613750156647155e-4,2018-09-05,Desert Scrub
8,Ambient,24,-0.01815607339004029,6.150495092110777e-4,1.2554645534303024e-4,0.19454166666666667,0.0014440030912488504,2.947558967134384e-4,2018-09-05,Desert Scrub
9,Addition,24,-0.017580555922460217,6.874978008084295e-4,1.4033490093885338e-4,0.19591666666666668,0.0016918388932104958,3.4534516794672954e-4,2018-09-05,Desert Scrub
11,Addition,24,-0.010237562479840792,8.23890724295667e-4,1.6817598986137e-4,0.22045833333333334,0.003922944398487342,8.007676721336225e-4,2018-09-05,Desert Scrub
12,Addition,24,-0.03392589027039582,0.002672441492205622,5.455098352788202e-4,0.16995833333333332,0.0028357832545289167,5.7885183289374e-4,2018-09-05,Desert Scrub
2,Exclusion,24,-0.03907798670422052,9.768712458028132e-4,1.9940300805115134e-4,0.16470833333333335,8.586727202955218e-4,1.752758350643008e-4,2018-09-06,Desert Scrub
4,Exclusion,24,-0.3092129695003835,0.03579491065775679,0.007306605541667961,0.10529166666666667,0.002578829641298659,5.264013962288574e-4,2018-09-06,Desert Scrub
5,Ambient,24,-0.031667199049201296,0.0018039138710052465,3.6822237699097075e-4,0.17245833333333332,0.002126012120433901,4.3397040683629636e-4,2018-09-06,Desert Scrub
6,Ambient,24,-0.034962629096481124,0.0012720124992793233,2.596484641397248e-4,0.16875,0.0012937979144666543,2.6409539339336145e-4,2018-09-06,Desert Scrub
7,Exclusion,24,-0.4034405940233212,0.0632014783929818,0.0129009477543618,0.09954166666666667,0.00348885388763636,7.121593176528733e-4,2018-09-06,Desert Scrub
8,Ambient,24,-0.0202552326021511,4.21694453030321e-4,8.607801977386118e-5,0.18995833333333334,8.586727202955218e-4,1.752758350643008e-4,2018-09-06,Desert Scrub
9,Addition,24,-0.020250231305550412,8.473979721621136e-4,1.7297438673886354e-4,0.19,0.0017194539072421919,3.509820590815173e-4,2018-09-06,Desert Scrub
11,Addition,24,-0.012513392042006953,8.293031978751451e-4,1.6928080640437137e-4,0.211,0.003064523510731498,6.255432421712249e-4,2018-09-06,Desert Scrub
12,Addition,24,-0.04264179151328372,0.0030606513848959144,6.247528477948059e-4,0.16170833333333334,0.0024756056205312285,5.053308812223025e-4,2018-09-06,Desert Scrub
2,Exclusion,24,-0.0428349136953803,0.00103276056070682,2.1081136668352993e-4,0.16145833333333334,8.329709356935248e-4,1.7002948025148296e-4,2018-09-07,Desert Scrub
4,Exclusion,24,-0.3021935371589032,0.0213031809663313,0.00434849360547353,0.10570833333333333,0.0015736738147921008,3.212248223183105e-4,2018-09-07,Desert Scrub
5,Ambient,24,-0.03589685061666273,0.003086196167157584,6.299671546391051e-4,0.1679166666666667,0.003133502924796804,6.39623606105905e-4,2018-09-07,Desert Scrub
6,Ambient,24,-0.040352203073475174,0.0015781008468847334,3.2212848646013344e-4,0.16358333333333333,0.0013486439781165926,2.7529079925524123e-4,2018-09-07,Desert Scrub
7,Exclusion,24,-0.4254045833454677,0.05985769235692778,0.012218400287913805,0.09833333333333333,0.003016860831288427,6.158141384704445e-4,2018-09-07,Desert Scrub
8,Ambient,24,-0.02260082905226547,6.160479193724686e-4,1.25750254963815e-4,0.1855,0.0010632190661423908,2.17028683070608e-4,2018-09-07,Desert Scrub
9,Addition,24,-0.023254776037547283,9.262578582177888e-4,1.8907159357306577e-4,0.184375,0.0015828565262236184,3.230992354401805e-4,2018-09-07,Desert Scrub
11,Addition,24,-0.014684713828728296,9.503738832518749e-4,1.9399425656954045e-4,0.20379166666666668,0.002888946952222135,5.89703827242737e-4,2018-09-07,Desert Scrub
12,Addition,24,-0.05307782549695449,0.0029987954073302,6.12126549246719e-4,0.15416666666666667,0.0018804871400937518,3.8385283009127654e-4,2018-09-07,Desert Scrub
2,Exclusion,24,-0.04531236928355104,0.0011096253679316334,2.265013297567122e-4,0.1595,8.340576562282998e-4,1.702513061517499e-4,2018-09-08,Desert Scrub
4,Exclusion,24,-0.32186286482576354,0.03156985220387919,0.006444169096215249,0.10433333333333333,0.0022001317483607476,4.491000125317727e-4,2018-09-08,Desert Scrub
5,Ambient,24,-0.040832452355458404,0.004046649462923738,8.260188626725628e-4,0.16333333333333333,0.003472458929129728,7.08812710761594e-4,2018-09-08,Desert Scrub
6,Ambient,24,-0.046892796209827364,0.0017539286408856463,3.5801918461858594e-4,0.15833333333333333,0.0012740441145412133,2.6006316586849824e-4,2018-09-08,Desert Scrub
7,Exclusion,24,-0.45036093648965747,0.0627537724134188,0.012809560153968277,0.097125,0.0030117523427255826,6.147713726091269e-4,2018-09-08,Desert Scrub
8,Ambient,24,-0.025454943630099064,0.00101483706623921,2.0715274869575982e-4,0.18079166666666666,0.0015316704909195148,3.126509297359189e-4,2018-09-08,Desert Scrub
9,Addition,24,-0.02659798137376518,0.0011405934473305466,2.3282266249348993e-4,0.17908333333333332,0.0016918388932104958,3.4534516794672954e-4,2018-09-08,Desert Scrub
11,Addition,24,-0.01746124703527379,0.0012300895848595882,2.5109098506816493e-4,0.19629166666666667,0.0030141574158521066,6.152623061052989e-4,2018-09-08,Desert Scrub
12,Addition,24,-0.06533512387493533,0.003957107073830612,8.077410990369035e-4,0.14737499999999998,0.0018838558977475606,3.845404748678538e-4,2018-09-08,Desert Scrub
2,Exclusion,24,-0.05081784623260138,0.0014292622459423487,2.917469342652526e-4,0.15558333333333332,9.743076322798885e-4,1.988797126320793e-4,2018-09-09,Desert Scrub
4,Exclusion,24,-0.34997017565526817,0.03322054653187379,0.006781115664956345,0.10245833333333333,0.0022646463716010454,4.622690048556586e-4,2018-09-09,Desert Scrub
5,Ambient,24,-0.055529999359689886,0.00686040659057178,0.0014003746312439742,0.15291666666666667,0.004333054617569529,8.84481070054654e-4,2018-09-09,Desert Scrub
6,Ambient,24,-0.05402010792123312,0.0019184085813719785,3.9159351187815746e-4,0.15354166666666666,0.0011787674722451374,2.4061490269924323e-4,2018-09-09,Desert Scrub
7,Exclusion,24,-0.4908773259431882,0.05920259120703357,0.012084678325651193,0.09525,0.002381997700141264,4.8622324448576224e-4,2018-09-09,Desert Scrub
8,Ambient,24,-0.028450172898023866,7.403138502462689e-4,1.5111593188487982e-4,0.17645833333333333,9.770927002733865e-4,1.9944821225566489e-4,2018-09-09,Desert Scrub
9,Addition,24,-0.030729716310337926,0.001052912018821686,2.1492476584640405e-4,0.17354166666666665,0.001284664282542552,2.62230998583991e-4,2018-09-09,Desert Scrub
11,Addition,24,-0.020584349099136565,0.0012586514187536678,2.5692114499805037e-4,0.18937500000000002,0.0025334715828028496,5.171427213090203e-4,2018-09-09,Desert Scrub
12,Addition,24,-0.07953852670181978,0.0060449187632838275,0.001233913875551776,0.14125,0.0022506037837221157,4.5940257360802775e-4,2018-09-09,Desert Scrub
2,Exclusion,24,-0.054782376154585616,0.0022580985153369732,4.609324292926533e-4,0.15308333333333332,0.0013486439781165926,2.7529079925524123e-4,2018-09-10,Desert Scrub
4,Exclusion,24,-0.3792505241810885,0.040098780518097295,0.008185129298099439,0.10070833333333333,0.0023678859892256217,4.8334270355734665e-4,2018-09-10,Desert Scrub
5,Ambient,24,-0.07184987303726106,0.010116813175990412,0.0020650858420201853,0.14466666666666667,0.004459154400894237,9.102210805397419e-4,2018-09-10,Desert Scrub
6,Ambient,24,-0.060887688518021364,0.0029238934777853355,5.968372569021512e-4,0.149625,0.0015828565262236184,3.230992354401805e-4,2018-09-10,Desert Scrub
7,Exclusion,24,-0.5565470758295694,0.06829137444418541,0.01393991843513312,0.09270833333333334,0.0025104852582487056,5.12450657457382e-4,2018-09-10,Desert Scrub
8,Ambient,24,-0.031154251240452464,0,0,0.173,0,0,2018-09-10,Desert Scrub
9,Addition,24,-0.03444345711538421,0.0010608275591358078,2.1654051874707306e-4,0.16929166666666667,0.0011220775245117847,2.2904311557492974e-4,2018-09-10,Desert Scrub
11,Addition,24,-0.024741057605605448,0.0018121500979798835,3.699035897821047e-4,0.182,0.002904269720376478,5.928315741948294e-4,2018-09-10,Desert Scrub
12,Addition,24,-0.09606299596545428,0.0029491605553696875,6.019948775165659e-4,0.1355,8.846517369293836e-4,1.8057877962865398e-4,2018-09-10,Desert Scrub
2,Exclusion,24,-0.05971920003262991,0.002687993706751477,5.486844177794564e-4,0.15025,0.0014817733206914773,3.024657125136286e-4,2018-09-11,Desert Scrub
4,Exclusion,24,-0.42282937242028423,0.04131220560922351,0.008432818657628556,0.09833333333333334,0.00207818203719264,4.242071319783018e-4,2018-09-11,Desert Scrub
5,Ambient,24,-0.08408890096043385,0.01876631817639451,0.0038306586569069895,0.14029166666666668,0.0065240635954212905,0.0013317189048541328,2018-09-11,Desert Scrub
6,Ambient,24,-0.06815644103486791,0.003041165130692684,6.207752328117994e-4,0.146,0.0014142135623730963,2.8867513459481317e-4,2018-09-11,Desert Scrub
7,Exclusion,24,-0.6317894866989311,0.08005417650449247,0.0163409903512257,0.09020833333333333,0.0025872457517039536,5.281193275715157e-4,2018-09-11,Desert Scrub
8,Ambient,24,-0.034005257078102695,6.333270458547916e-4,1.2927734188737363e-4,0.16975,6.756639246921768e-4,1.3791932109184275e-4,2018-09-11,Desert Scrub
9,Addition,24,-0.03940813932852856,0.0012618689850841939,2.5757792797499604e-4,0.16441666666666668,0.001138903617201809,2.324777273628742e-4,2018-09-11,Desert Scrub
11,Addition,24,-0.028668824985295827,0.0019084735383821743,3.895655297200212e-4,0.17625,0.002558022333927047,5.22154122397049e-4,2018-09-11,Desert Scrub
12,Addition,24,-0.11288543169061363,0.006515959459863219,0.0013300646551104977,0.13087500000000002,0.001623536129939028,3.314029247769622e-4,2018-09-11,Desert Scrub
2,Exclusion,24,-0.06508021883092807,0.002405203330116816,4.909600738690903e-4,0.14745833333333333,0.001141287094417553,2.329642526122177e-4,2018-09-12,Desert Scrub
4,Exclusion,24,-0.47094750567104593,0.05592527844627595,0.011415699659703842,0.096125,0.002592841315421469,5.292615172324443e-4,2018-09-12,Desert Scrub
5,Ambient,24,-0.0735412813988785,0.03057470800671339,0.006241036137586264,0.147625,0.016164406685005815,0.0032995456977581317,2018-09-12,Desert Scrub
6,Ambient,24,-0.07660808595983004,0.0029893818733301085,6.102050196653386e-4,0.1423333333333333,0.0012038585308576906,2.4573659359149495e-4,2018-09-12,Desert Scrub
7,Exclusion,24,-0.7269759871317751,0.08361642217905342,0.017068130704651602,0.08745833333333333,0.0021463653132612367,4.381249849249169e-4,2018-09-12,Desert Scrub
8,Ambient,24,-0.03582947628187258,5.71079492060552e-4,1.165711131763458e-4,0.16783333333333333,5.646597025732804e-4,1.1526067913468755e-4,2018-09-12,Desert Scrub
9,Addition,24,-0.044585703074492125,0.0018239424052113554,3.723106844160412e-4,0.16008333333333333,0.0014421200175184935,2.943715158978206e-4,2018-09-12,Desert Scrub
11,Addition,24,-0.03301246566876371,0.0024526349302596306,5.00642008705225e-4,0.17095833333333332,0.002773777312566761,5.661949229914142e-4,2018-09-12,Desert Scrub
12,Addition,24,-0.1307611403898722,0.0064598310619341116,0.001318607493859981,0.12675,0.0013269776053940754,2.70868169442981e-4,2018-09-12,Desert Scrub
2,Exclusion,24,-0.07146387448254038,0.0030304027202841866,6.185783649865297e-4,0.1445,0.0012510864843424453,2.553769592276239e-4,2018-09-13,Desert Scrub
4,Exclusion,24,-0.5485861233110025,0.08127497798885783,0.016590185410719653,0.09308333333333334,0.0030633409818390297,6.253018594718378e-4,2018-09-13,Desert Scrub
5,Ambient,24,-0.14632114261257223,0.03047914408371027,0.006221529233488242,0.12425,0.005023856131974981,0.0010254903387075906,2018-09-13,Desert Scrub
6,Ambient,24,-0.08640231064194755,0.005445089021461303,0.001111474142217563,0.13870833333333335,0.001921936674219553,3.923136808149675e-4,2018-09-13,Desert Scrub
7,Exclusion,24,-0.8281166663123608,0.1226749351293022,0.02504091627465146,0.085125,0.00281783913510057,5.751890048534891e-4,2018-09-13,Desert Scrub
8,Ambient,24,-0.04042662496722591,9.85053845799149e-4,2.010732742811782e-4,0.1635,8.846517369293836e-4,1.8057877962865398e-4,2018-09-13,Desert Scrub
9,Addition,24,-0.050534567842789285,0.0021250999118935794,4.337842030477299e-4,0.15579166666666666,0.0014440030912488504,2.947558967134384e-4,2018-09-13,Desert Scrub
11,Addition,24,-0.04034653509281214,0.005300549571872162,0.0010819701506178858,0.16391666666666668,0.00468036292411703,9.553750812606123e-4,2018-09-13,Desert Scrub
12,Addition,24,-0.14884186921741818,0.003481372224410635,7.10632129542009e-4,0.12320833333333334,6.58005330140079e-4,1.3431477557289854e-4,2018-09-13,Desert Scrub
1,Addition,23,-584537.6682868967,494985.5509257088,103211.62211799252,0.045,0.005443929062392679,0.00113513767861309,2018-06-04,Juniper Savanna
2,Ambient,23,-79316.95261836762,47388.16355066035,9881.11515600677,0.05573913043478261,0.00449461689442693,9.371924081524605e-4,2018-06-04,Juniper Savanna
4,Exclusion,23,-2659.3893780790213,1417.6274918782376,295.5957658201913,0.08404347826086957,0.00567673290217954,0.0011836806348564843,2018-06-04,Juniper Savanna
5,Ambient,23,-4408.089200127048,2894.392140496618,603.5224812270548,0.08013043478260869,0.0073750460573359196,0.0015378034072893389,2018-06-04,Juniper Savanna
6,Addition,23,-4481.170060456048,2518.7144322305307,525.1882640136469,0.079,0.005640760748177664,0.0011761799222424123,2018-06-04,Juniper Savanna
7,Ambient,23,-15761.472128446465,12119.842316706328,2527.16181913216,0.06921739130434783,0.007172906864401314,0.0014956544719166096,2018-06-04,Juniper Savanna
8,Exclusion,23,-189.6824905945253,91.10368392029565,18.996431271081395,0.11595652173913043,0.007270602456402866,0.0015160254110387723,2018-06-04,Juniper Savanna
9,Addition,23,-30510.537439357613,28815.122535688155,6008.368391511826,0.06626086956521739,0.009845245235896397,0.002052875541611144,2018-06-04,Juniper Savanna
12,Exclusion,23,-1133640.936160218,1206028.168666659,251474.25692585533,0.043304347826086956,0.0071441952445114205,0.001489667685318639,2018-06-04,Juniper Savanna
1,Addition,24,-644451.9229248811,493038.2761081073,100641.01667719246,0.043791666666666666,0.004549048315824987,9.285705990865331e-4,2018-06-05,Juniper Savanna
2,Ambient,24,-81280.15136366391,43169.800485334454,8811.998623901918,0.055125,0.003615335693115238,7.379773080836406e-4,2018-06-05,Juniper Savanna
4,Exclusion,24,-2716.325052274704,1187.6390721755508,242.42581045187853,0.08325,0.00450362173096855,9.192979362819071e-4,2018-06-05,Juniper Savanna
5,Ambient,24,-4733.515461347796,2659.1083713505736,542.7882233810094,0.07854166666666666,0.005830796549854668,0.0011902063617603795,2018-06-05,Juniper Savanna
6,Addition,24,-4722.454266914664,2220.3697318534346,453.23107361343534,0.07795833333333334,0.0046389575915535075,9.469232531430394e-4,2018-06-05,Juniper Savanna
7,Ambient,24,-16121.730285926538,10682.937636465633,2180.6455136095783,0.068,0.005649163077683353,0.001153130584507902,2018-06-05,Juniper Savanna
8,Exclusion,24,-192.38903803318595,75.56119962601655,15.423865286359971,0.11508333333333333,0.005770364065574663,0.0011778706325624813,2018-06-05,Juniper Savanna
9,Addition,24,-30917.63857875427,27646.43039789506,5643.3039736844175,0.06504166666666666,0.008508201499354795,0.0017367293585168358,2018-06-05,Juniper Savanna
12,Exclusion,24,-1051490.6186945338,976141.2898024606,199254.0064065224,0.04225,0.005635678270201146,0.0011503780097069794,2018-06-05,Juniper Savanna
1,Addition,24,-713778.7873451045,490124.087164246,100046.16034998241,0.043,0.004232380356047985,8.63931022474713e-4,2018-06-06,Juniper Savanna
2,Ambient,24,-92320.55876556651,43434.02838195632,8865.933917446288,0.054125,0.003379123889541424,6.89760775585443e-4,2018-06-06,Juniper Savanna
4,Exclusion,24,-3064.9713399675843,1253.9802917042402,255.96765518181618,0.08191666666666667,0.0042315242054665435,8.637562614690864e-4,2018-06-06,Juniper Savanna
5,Ambient,24,-5401.776289997444,2837.57279906563,579.2171221426511,0.077125,0.005550656052098315,0.0011330229221110163,2018-06-06,Juniper Savanna
6,Addition,24,-5150.454235704747,2212.9928740361247,451.7252788169795,0.07695833333333334,0.004247548312458223,8.67027168611868e-4,2018-06-06,Juniper Savanna
7,Ambient,24,-10289.713506080998,7355.2073261511505,1501.3754084542443,0.072625,0.007234052926204677,0.0014766448701240826,2018-06-06,Juniper Savanna
8,Exclusion,24,-205.5415090295521,77.7989615104317,15.88064651824881,0.11408333333333333,0.005578816039788111,0.0011387710555279373,2018-06-06,Juniper Savanna
9,Addition,24,-33675.223653003224,26180.63097775797,5344.098919967473,0.063625,0.007648884544991425,0.0015613220197241062,2018-06-06,Juniper Savanna
12,Exclusion,24,-1108703.1077555637,930547.8610075266,189947.2867255636,0.04175,0.005407321928162093,0.001103764966579967,2018-06-06,Juniper Savanna
1,Addition,24,-936229.978327021,762561.5802980872,155657.23076505796,0.04225,0.004918907619981601,0.0010040678134035788,2018-06-07,Juniper Savanna
2,Ambient,24,-107786.45383924175,58792.354305153756,12000.93906871238,0.05341666666666667,0.0039000185804091013,7.960879591146588e-4,2018-06-07,Juniper Savanna
4,Exclusion,24,-3622.9676895091484,1811.7915101487429,369.8303933475825,0.08075,0.005210774790090574,0.001063644950023336,2018-06-07,Juniper Savanna
5,Ambient,24,-6600.583244505382,4426.731646176491,903.6028134469175,0.07641666666666666,0.007330203548195029,0.001496271533651382,2018-06-07,Juniper Savanna
6,Addition,24,-5875.163961839875,2992.0099650431916,610.7414766398629,0.076125,0.004989663228158268,0.0010185107414430066,2018-06-07,Juniper Savanna
7,Ambient,24,-10608.295234416379,7284.5459482422075,1486.9517150876707,0.07195833333333333,0.006557300390084101,0.0013385033371549283,2018-06-07,Juniper Savanna
8,Exclusion,24,-227.92421291244278,98.09317750941945,20.023186012194376,0.113,0.006365668788936068,0.0012993867003711595,2018-06-07,Juniper Savanna
9,Addition,24,-45209.3830427406,42454.98976296748,8666.08849619614,0.06295833333333334,0.009252398827221566,0.001888638001951528,2018-06-07,Juniper Savanna
12,Exclusion,24,-1365589.5413969613,1473439.69472701,300764.6182369491,0.042208333333333334,0.006769362995313431,0.0013817904351830217,2018-06-07,Juniper Savanna
1,Addition,24,-997021.6588259977,885079.097690647,180666.01427875253,0.042291666666666665,0.0053036424453771205,0.001082601480778396,2018-06-08,Juniper Savanna
2,Ambient,24,-119715.43714898647,73191.98967797581,14940.252330841167,0.053,0.004273273869671517,8.722783759886468e-4,2018-06-08,Juniper Savanna
4,Exclusion,24,-3714.2029250851992,1916.495819936003,391.2030710850064,0.08058333333333333,0.005339896324239188,0.0010900017728124572,2018-06-08,Juniper Savanna
5,Ambient,24,-6413.732009877343,4478.308880453912,914.130972307223,0.07691666666666666,0.007677843145201575,0.0015672331692391161,2018-06-08,Juniper Savanna
6,Addition,24,-5987.443382201581,3380.869485033932,690.1170937732719,0.07625,0.005495057067393665,0.0011216738268824162,2018-06-08,Juniper Savanna
7,Ambient,24,-10891.793397938862,8365.522398260062,1707.605108963413,0.072375,0.0074297433977575395,0.0015165900203598444,2018-06-08,Juniper Savanna
8,Exclusion,24,-228.08363002657936,108.86094929907603,22.22114822481053,0.11333333333333333,0.007056706133124389,0.0014404441075769449,2018-06-08,Juniper Savanna
9,Addition,24,-49825.971797508435,49838.08254377533,10173.155999246586,0.06283333333333334,0.009814216248876429,0.0020033185029232343,2018-06-08,Juniper Savanna
12,Exclusion,24,-1075989.5169111555,1063392.8894924838,217064.1646133671,0.042833333333333334,0.006444860889426393,0.0013155517201928683,2018-06-08,Juniper Savanna
1,Addition,24,-955787.1527532768,744184.247237048,151905.9733623308,0.041791666666666664,0.004363675820528683,8.907315969346649e-4,2018-06-09,Juniper Savanna
2,Ambient,24,-120191.96984469268,64122.873697518124,13089.026783320991,0.052625,0.003680884818012955,7.513574671740883e-4,2018-06-09,Juniper Savanna
4,Exclusion,24,-3856.09863523064,1716.273537734421,350.3328688742219,0.07983333333333333,0.00457466241725923,9.33799055647682e-4,2018-06-09,Juniper Savanna
5,Ambient,24,-6326.055989557845,3830.954390324701,781.9902903475449,0.07625,0.006495818052709991,0.001325953307591577,2018-06-09,Juniper Savanna
6,Addition,24,-5998.0024394771735,2920.351812795789,596.1143175634621,0.07579166666666667,0.00468094348225419,9.554935871941175e-4,2018-06-09,Juniper Savanna
7,Ambient,24,-10851.657098473243,7120.415169162109,1453.4486601016947,0.0715,0.006143218247366977,0.0012539791737169888,2018-06-09,Juniper Savanna
8,Exclusion,24,-224.6838945896938,88.63026768515374,18.09157763290929,0.11295833333333333,0.005827067027667309,0.0011894450762317615,2018-06-09,Juniper Savanna
9,Addition,24,-45875.83276987327,40170.03975695006,8199.675029320137,0.06216666666666667,0.008483573214910898,0.0017317021310061962,2018-06-09,Juniper Savanna
12,Exclusion,24,-957009.8176013166,816472.403261861,166661.73142128828,0.042666666666666665,0.005692608988982932,0.001161998944015751,2018-06-09,Juniper Savanna
1,Addition,24,-969137.1491974342,676279.3630368529,138044.9469178927,0.04133333333333333,0.0038636169882487136,7.886575152298383e-4,2018-06-10,Juniper Savanna
2,Ambient,24,-127014.23325717518,61213.036414691276,12495.058735199955,0.052083333333333336,0.003335144435522561,6.807835071260755e-4,2018-06-10,Juniper Savanna
4,Exclusion,24,-4185.779856726725,1592.1523579663653,324.9967391488886,0.07875,0.003925944915337058,8.013801500708247e-4,2018-06-10,Juniper Savanna
5,Ambient,24,-6613.745685209738,3657.7187736834626,746.6287181769256,0.07541666666666667,0.005762824388052809,0.0011763316023330086,2018-06-10,Juniper Savanna
6,Addition,24,-6138.5517690955085,2482.176514933567,506.6721594255891,0.07520833333333334,0.00392294439848734,8.00767672133622e-4,2018-06-10,Juniper Savanna
7,Ambient,24,-10585.206890080319,6013.112964137702,1227.4215439876546,0.07116666666666667,0.005321544942938106,0.0010862558127905488,2018-06-10,Juniper Savanna
8,Exclusion,24,-231.36990972965677,82.99334139260351,16.940944871707075,0.11233333333333333,0.0052722956526806575,0.0010762028435134677,2018-06-10,Juniper Savanna
9,Addition,24,-44384.732899621966,34440.34083666873,7030.10513478139,0.06141666666666667,0.0073064394865772,0.0014914207148864036,2018-06-10,Juniper Savanna
12,Exclusion,24,-952613.1744226409,753749.331487449,153858.43800901534,0.042208333333333334,0.005132836885461452,0.0010477359418597486,2018-06-10,Juniper Savanna
1,Addition,24,-1042751.4104768407,927604.1612847357,189346.40653582942,0.042083333333333334,0.005290817859574114,0.0010799836731634036,2018-06-11,Juniper Savanna
2,Ambient,24,-132843.01196504213,79268.31033903273,16180.576091934536,0.05225,0.004088690658920998,8.346004858700317e-4,2018-06-11,Juniper Savanna
4,Exclusion,24,-4406.6146973829955,2184.961239543993,446.00334538681915,0.07883333333333334,0.005130189136836006,0.0010471954724347904,2018-06-11,Juniper Savanna
5,Ambient,24,-7133.252975831322,5106.055403273926,1042.2691947001754,0.07604166666666666,0.007703636446039856,0.0015724982047254405,2018-06-11,Juniper Savanna
6,Addition,24,-6090.6472289769235,3413.7419625465645,696.8271601471939,0.07608333333333334,0.005484497255439877,0.0011195183142935394,2018-06-11,Juniper Savanna
7,Ambient,24,-10974.595093607611,8347.378416633497,1703.9014842227866,0.07229166666666667,0.0074394902038213365,0.0015185795788163583,2018-06-11,Juniper Savanna
8,Exclusion,24,-231.44066297150445,109.08943422642201,22.267787515303407,0.113125,0.007079133452251244,0.0014450220649235576,2018-06-11,Juniper Savanna
9,Addition,24,-47945.18685008156,45502.83919184049,9288.228155660474,0.0625,0.009131883942967413,0.0018640380042154237,2018-06-11,Juniper Savanna
12,Exclusion,24,-1077866.6039291536,1064745.0077517638,217340.16459729508,0.042874999999999996,0.0065229527856238735,0.0013314921617537199,2018-06-11,Juniper Savanna
1,Addition,24,-1026005.4692094695,933918.591189529,190635.3341427723,0.042291666666666665,0.00542521621822511,0.0011074176232436126,2018-06-12,Juniper Savanna
2,Ambient,24,-136768.33693059933,86505.93697358764,17657.950442220917,0.05216666666666667,0.004197998142662418,8.569127825562022e-4,2018-06-12,Juniper Savanna
4,Exclusion,24,-4484.6974582387375,2256.3170604722054,460.5687913411133,0.07866666666666666,0.005104700874144613,0.0010419927025994628,2018-06-12,Juniper Savanna
5,Ambient,24,-7154.542728811648,5181.588364645454,1057.6872958769752,0.076,0.007655631629863984,0.0015626992626565246,2018-06-12,Juniper Savanna
6,Addition,24,-6027.70920374646,3347.450169312803,683.2954045174604,0.076125,0.005383650773608363,0.001098933112390034,2018-06-12,Juniper Savanna
7,Ambient,24,-10437.296459605854,7942.390631628758,1621.2336987793208,0.07258333333333333,0.007216627338648404,0.0014730878869589944,2018-06-12,Juniper Savanna
8,Exclusion,24,-222.50526144738572,108.30412986503237,22.10748793378784,0.11375,0.007230671386230478,0.0014759546161672817,2018-06-12,Juniper Savanna
9,Addition,24,-49282.55674191293,47264.119494141756,9647.747991881557,0.06225,0.009051783393823322,0.001847687548088778,2018-06-12,Juniper Savanna
12,Exclusion,24,-1095148.2836607532,1132469.3144410357,231164.3308116679,0.043083333333333335,0.006788203749514854,0.0013856362880299122,2018-06-12,Juniper Savanna
1,Addition,24,-926805.980982116,678909.347590021,138581.79026678132,0.041625,0.003909992772149441,7.98123932478035e-4,2018-06-13,Juniper Savanna
2,Ambient,24,-137457.76339864265,69432.05998603457,14172.759896341502,0.051583333333333335,0.003229169588591478,6.591514820801835e-4,2018-06-13,Juniper Savanna
4,Exclusion,24,-4786.144450922576,1952.2005901108214,398.49127677764375,0.07754166666666666,0.003999773544314369,8.164503558544637e-4,2018-06-13,Juniper Savanna
5,Ambient,24,-7222.706468337631,4255.590453444763,868.6687637665801,0.07466666666666667,0.0056619758931394926,0.001155745989510901,2018-06-13,Juniper Savanna
6,Addition,24,-6247.526977207921,2691.4192294158556,549.3836496652954,0.075125,0.004057333671481695,8.281997676119354e-4,2018-06-13,Juniper Savanna
7,Ambient,24,-10375.575545159325,6127.525062428455,1250.7758157554463,0.07133333333333333,0.005222581959035259,0.0010660550782917787,2018-06-13,Juniper Savanna
8,Exclusion,24,-227.8596830673104,79.58218805997403,16.244646113429027,0.11245833333333333,0.00500416493200081,0.001021470889344272,2018-06-13,Juniper Savanna
9,Addition,24,-46822.987054647565,37767.51827778728,7709.26238598468,0.06125,0.007473140309599206,0.00152544837789523,2018-06-13,Juniper Savanna
12,Exclusion,24,-958953.5718000549,844878.991965036,172460.20205927893,0.04225,0.00497165880811906,0.0010148356045921066,2018-06-13,Juniper Savanna
1,Addition,24,-972418.034347855,673722.8698155861,137523.1049243104,0.041291666666666664,0.0038275791721191846,7.813013268163727e-4,2018-06-14,Juniper Savanna
2,Ambient,24,-142999.28826493828,66352.15419335326,13544.076759015556,0.051208333333333335,0.0029924421706906106,6.108297002482067e-4,2018-06-14,Juniper Savanna
4,Exclusion,24,-5030.409540952361,1824.4571249912437,372.4157511511449,0.076875,0.003493005433222479,7.130067483470312e-4,2018-06-14,Juniper Savanna
5,Ambient,24,-7935.8947105806965,4515.0408495102665,921.6288540935371,0.07370833333333333,0.005433224414307942,0.0011090522894238704,2018-06-14,Juniper Savanna
6,Addition,24,-6510.497601598436,2615.3481252523925,533.8557005510792,0.074625,0.0037626597900490785,7.680497134423271e-4,2018-06-14,Juniper Savanna
7,Ambient,24,-10918.991068302255,5775.440118364924,1178.9067774994455,0.070625,0.004771404861026369,9.739589388124907e-4,2018-06-14,Juniper Savanna
8,Exclusion,24,-234.81379451246835,80.66037486425581,16.464730073253392,0.112,0.00484543711852349,9.890707100936806e-4,2018-06-14,Juniper Savanna
9,Addition,24,-47757.16732130953,36192.361561345104,7387.734867634584,0.060708333333333336,0.006950002606609876,0.001418663341433937,2018-06-14,Juniper Savanna
12,Exclusion,24,-913017.3314191628,751016.6101313496,153300.6235980445,0.042333333333333334,0.004833458269249847,9.86625537724836e-4,2018-06-14,Juniper Savanna
1,Addition,24,-1007792.8608669394,526139.517443762,107397.77927094886,0.04045833333333333,0.0027659288347389884,5.645928591634484e-4,2018-06-15,Juniper Savanna
2,Ambient,24,-162058.27209365732,55717.19140666924,11373.224070610278,0.050083333333333334,0.002124733572385767,4.33709424308833e-4,2018-06-15,Juniper Savanna
4,Exclusion,24,-5840.693029041494,1436.3956058307547,293.2030252551052,0.075125,0.0024013130466113944,4.901659730738362e-4,2018-06-15,Juniper Savanna
5,Ambient,24,-8734.548919951958,3526.014331500418,719.7446614930633,0.07204166666666667,0.0038727494633395898,7.905216739016153e-4,2018-06-15,Juniper Savanna
6,Addition,24,-6982.132130709175,2081.6981419599515,424.92485385847516,0.073625,0.002778997316831472,5.672604519000554e-4,2018-06-15,Juniper Savanna
7,Ambient,24,-11838.99242462625,4919.702792496839,1004.2301273135638,0.06941666666666667,0.0037406889236059693,7.635649291096225e-4,2018-06-15,Juniper Savanna
8,Exclusion,24,-249.84948771194937,65.01707999943973,13.271555880361745,0.11079166666666666,0.003776116784610153,7.707966109544971e-4,2018-06-15,Juniper Savanna
9,Addition,24,-52866.586803678794,31174.265588581635,6363.420316502443,0.058625000000000003,0.004915039032973409,0.0010032781413872765,2018-06-15,Juniper Savanna
12,Exclusion,24,-873100.2074055328,574567.1868218125,117283.035888318,0.041791666666666664,0.003922944398487339,8.007676721336218e-4,2018-06-15,Juniper Savanna
1,Addition,24,-1245781.3600003521,508196.84168231697,103735.24591797018,0.03908333333333333,0.001954185400546773,3.9889642451132977e-4,2018-06-16,Juniper Savanna
2,Ambient,24,-201964.1496359008,42579.4794959884,8691.499856539187,0.0485,0.0012158375177486586,2.481817940513583e-4,2018-06-16,Juniper Savanna
4,Exclusion,24,-8365.571442637616,1440.5222410776007,294.04537114755163,0.07170833333333333,0.0015174110293140902,3.0974022932424403e-4,2018-06-16,Juniper Savanna
5,Ambient,24,-26377.486321148997,26348.851894409778,5378.436870789155,0.06466666666666666,0.00527229565268066,0.0010762028435134683,2018-06-16,Juniper Savanna
6,Addition,24,-9069.52814460614,1313.189016661336,268.0535855539559,0.07095833333333333,0.0012676293062133758,2.5875374860175174e-4,2018-06-16,Juniper Savanna
7,Ambient,24,-16457.41136694463,3656.5232946082883,746.384692032563,0.06608333333333334,0.0019318084941243583,3.9432875761491947e-4,2018-06-16,Juniper Savanna
8,Exclusion,24,-352.18784301883124,64.98902563541971,13.265829307286133,0.10591666666666666,0.0022825741888351046,4.659285052244352e-4,2018-06-16,Juniper Savanna
9,Addition,24,-79344.86263945734,24409.71598974587,4982.612411761087,0.054625,0.0022030117724527085,4.4968789498779155e-4,2018-06-16,Juniper Savanna
12,Exclusion,24,-1169928.2496975875,411825.3581168906,84063.49921044438,0.03933333333333333,0.0019261736493723077,3.931785497463925e-4,2018-06-16,Juniper Savanna
1,Addition,24,-1436670.328653579,1151906.802467466,235131.9914405189,0.040125,0.004739404658998757,9.674269249263551e-4,2018-06-17,Juniper Savanna
2,Ambient,24,-227869.28282822322,113281.72745693997,23123.5357875445,0.04858333333333333,0.0033740269665511707,6.887203705367445e-4,2018-06-17,Juniper Savanna
4,Exclusion,24,-8766.138934896602,4076.3519495160626,832.0818573594839,0.07229166666666667,0.004457325837673121,9.09847826635229e-4,2018-06-17,Juniper Savanna
5,Ambient,24,-16121.361612123455,11760.639102667325,2400.630404213198,0.069,0.007295025106491946,0.0014890907643081487,2018-06-17,Juniper Savanna
6,Addition,24,-10356.974375780563,4919.710192112337,1004.2316377537524,0.07083333333333333,0.004340573661412153,8.860158884519911e-4,2018-06-17,Juniper Savanna
7,Ambient,24,-18508.368924089544,12117.962726570799,2473.5687835136705,0.067125,0.006109952678959996,0.0012471888680002593,2018-06-17,Juniper Savanna
8,Exclusion,24,-342.15601889960845,145.72370993395364,29.745727730294217,0.1075,0.0061148429536518846,0.0012481870911416903,2018-06-17,Juniper Savanna
9,Addition,24,-90380.73076556622,83532.30332098155,17050.960014649794,0.058208333333333334,0.009112720047640367,0.0018601261904624762,2018-06-17,Juniper Savanna
12,Exclusion,24,-1210877.8579408252,991513.0232853383,202391.7483644479,0.041291666666666664,0.005417196183705517,0.0011057805405525702,2018-06-17,Juniper Savanna
1,Addition,24,-1282892.4301405787,1109167.5635157267,226407.88082163184,0.04083333333333333,0.004922589162013321,0.0010048193050239392,2018-06-18,Juniper Savanna
2,Ambient,24,-250051.45047272212,160740.5563383165,32811.02866666399,0.048541666666666664,0.004085809660239957,8.340124044768497e-4,2018-06-18,Juniper Savanna
4,Exclusion,24,-8503.220299842927,4512.517679311662,921.1138141334723,0.07283333333333333,0.004913748827141236,0.0010030147792246108,2018-06-18,Juniper Savanna
5,Ambient,24,-12423.7770005685,9030.52929376504,1843.3490730817068,0.07104166666666667,0.007183793152504533,0.0014663856367779905,2018-06-18,Juniper Savanna
6,Addition,24,-9999.411062680361,5667.991628774432,1156.9739464053243,0.07154166666666667,0.005021511695709262,0.0010250117826588001,2018-06-18,Juniper Savanna
7,Ambient,24,-17237.809611349774,12368.250969721117,2524.658657208331,0.06808333333333333,0.0066458006791256284,0.001356568383008309,2018-06-18,Juniper Savanna
8,Exclusion,24,-319.60541604228825,149.4701966764375,30.510476134226497,0.10866666666666666,0.006676803886960252,0.0013628968863069993,2018-06-18,Juniper Savanna
9,Addition,24,-78261.9505606683,80220.6470876141,16374.971016711665,0.05925,0.008916277250063503,0.0018200274723201295,2018-06-18,Juniper Savanna
12,Exclusion,24,-1359334.3815823083,1345036.707791602,274554.468283532,0.04158333333333333,0.006213006460270448,0.0012682246330231737,2018-06-18,Juniper Savanna
1,Addition,24,-1170262.7237854826,1107202.2493822621,226006.71275402614,0.041791666666666664,0.005548044439390268,0.0011324898288993092,2018-06-19,Juniper Savanna
2,Ambient,24,-234118.2377278505,158248.13287601972,32302.26485786665,0.049166666666666664,0.0045172776205862405,9.220854330774999e-4,2018-06-19,Juniper Savanna
4,Exclusion,24,-7832.789924768349,4354.833861311584,888.9267395672989,0.07375,0.0053099578316511175,0.0010838906036033848,2018-06-19,Juniper Savanna
5,Ambient,24,-10647.063889537685,8135.602023518557,1660.6728089978978,0.072875,0.008028820369253451,0.0016388760950945816,2018-06-19,Juniper Savanna
6,Addition,24,-8601.500855959452,5222.576291345929,1066.053921379539,0.07320833333333333,0.005733040521676817,0.0011702519960673072,2018-06-19,Juniper Savanna
7,Ambient,24,-15772.35059594099,12863.880447203377,2625.8286006511466,0.06970833333333333,0.007854542671582488,0.0016033018090245072,2018-06-19,Juniper Savanna
8,Exclusion,24,-288.6933867037674,144.25417051952417,29.445759253439167,0.11029166666666666,0.007268031051276462,0.0014835806258609444,2018-06-19,Juniper Savanna
9,Addition,24,-73260.30023346281,75477.60707511767,15406.802028359982,0.06025,0.009696480760071395,0.0019792858469074434,2018-06-19,Juniper Savanna
12,Exclusion,24,-1312648.7048474597,1361838.77635143,277984.17616643524,0.042208333333333334,0.006724253096823834,0.0013725824157123337,2018-06-19,Juniper Savanna
1,Addition,24,-1111775.0108598324,997980.8507388064,203711.9881148947,0.042041666666666665,0.005660535899247232,0.001155452051988504,2018-06-20,Juniper Savanna
2,Ambient,24,-206987.49031421242,142701.8368689992,29128.890473910993,0.050041666666666665,0.004795642647841591,9.789064563284617e-4,2018-06-20,Juniper Savanna
4,Exclusion,24,-7507.220272194851,4333.148246532583,884.5001819867064,0.074375,0.005814618010557155,0.0011869039312551735,2018-06-20,Juniper Savanna
5,Ambient,24,-9958.873842492716,7919.962532868069,1616.655582290618,0.073875,0.008644236582079213,0.0017644974034995125,2018-06-20,Juniper Savanna
6,Addition,24,-7816.616782028705,4810.320018999799,981.9024621703826,0.07420833333333333,0.006064717396668148,0.0012379552546681106,2018-06-20,Juniper Savanna
7,Ambient,24,-13975.529240326017,11396.348055150143,2326.269805523108,0.070875,0.008205578696175575,0.0016749567374901866,2018-06-20,Juniper Savanna
8,Exclusion,24,-271.37330890205425,137.26498103172986,28.019096923379152,0.11120833333333333,0.00748900159751193,0.0015286860497326924,2018-06-20,Juniper Savanna
9,Addition,24,-63568.01385098083,62582.84196148331,12774.669121572837,0.06145833333333334,0.010193685883136577,0.0020807774176580607,2018-06-20,Juniper Savanna
12,Exclusion,24,-1302141.7911044662,1323731.09344142,270205.4779656599,0.042416666666666665,0.006927680248336263,0.0014141068091317749,2018-06-20,Juniper Savanna
1,Addition,24,-942167.2089469336,862986.9221422884,176156.46782863006,0.042625,0.0052899617817309345,0.0010798089270054126,2018-06-21,Juniper Savanna
2,Ambient,24,-186083.02426594403,129296.854783608,26392.609963881157,0.050541666666666665,0.004501006328701894,9.187640695297884e-4,2018-06-21,Juniper Savanna
4,Exclusion,24,-6518.264839661256,3536.4284887731046,721.8704424446613,0.07533333333333334,0.005230900385266356,0.0010677530699358764,2018-06-21,Juniper Savanna
5,Ambient,24,-8515.956487166877,6655.370414827954,1358.5217971286415,0.07483333333333334,0.008030738049717994,0.0016392675399802344,2018-06-21,Juniper Savanna
6,Addition,24,-6768.913366128846,4041.645827299341,824.9974998276807,0.07529166666666667,0.005698811215978497,0.001163264968299755,2018-06-21,Juniper Savanna
7,Ambient,24,-11249.635495731944,8710.921452393944,1778.1093956524094,0.072125,0.007450196962672108,0.0015207650868149765,2018-06-21,Juniper Savanna
8,Exclusion,24,-239.7394915506002,119.4782614669131,24.388397995730855,0.11283333333333333,0.007405442573549872,0.0015116296353900227,2018-06-21,Juniper Savanna
9,Addition,24,-53624.51177471151,51609.06954288886,10534.657206657499,0.062125,0.009615714041179632,0.0019627994094504743,2018-06-21,Juniper Savanna
12,Exclusion,24,-1005878.7331782392,1036768.8698625228,211629.5593637631,0.043458333333333335,0.006743622859810765,0.0013765362520253858,2018-06-21,Juniper Savanna
1,Addition,24,-859624.3882428851,686680.1418650075,140167.99700593614,0.042458333333333334,0.004652994983754075,9.497886238272657e-4,2018-06-22,Juniper Savanna
2,Ambient,24,-164335.88130098066,95980.73405444212,19591.98529759634,0.050749999999999997,0.0036860489038724287,7.524115817860576e-4,2018-06-22,Juniper Savanna
4,Exclusion,24,-6363.383988411602,2883.959879276044,588.6858452404069,0.07508333333333334,0.004353076539910462,8.885680278383971e-4,2018-06-22,Juniper Savanna
5,Ambient,24,-7741.781531687363,5231.037690011395,1067.7810971495937,0.07483333333333334,0.007001035120153533,0.001429080309640073,2018-06-22,Juniper Savanna
6,Addition,24,-6159.616212717713,3091.5805424808727,631.0662356495793,0.075625,0.004852722230200104,9.905577772875887e-4,2018-06-22,Juniper Savanna
7,Ambient,24,-9896.086444355065,6484.68499492315,1323.6807816870203,0.07241666666666667,0.00650027870082551,0.0013268638335753376,2018-06-22,Juniper Savanna
8,Exclusion,24,-222.8779816130289,96.7973149458366,19.758669174064966,0.11333333333333333,0.006431354355077919,0.0013127947104139403,2018-06-22,Juniper Savanna
9,Addition,24,-47125.19961031199,40789.0637473066,8326.032772229726,0.061875,0.00842002013836278,0.0017187294135789523,2018-06-22,Juniper Savanna
12,Exclusion,24,-855789.6585714695,783138.7584516307,159857.5296669352,0.043583333333333335,0.00624093545570845,0.0012739256153441424,2018-06-22,Juniper Savanna
1,Addition,24,-1199869.6324799892,1020564.5465835967,208321.86572539044,0.041041666666666664,0.004786567860592595,9.770540731380986e-4,2018-06-23,Juniper Savanna
2,Ambient,24,-209843.57124730796,129697.73872033515,26474.440054802802,0.049416666666666664,0.003866429278070251,7.892315714858041e-4,2018-06-23,Juniper Savanna
4,Exclusion,24,-7597.502002034961,3759.797436707351,767.4654380130952,0.073625,0.004537884011777716,9.262916950657746e-4,2018-06-23,Juniper Savanna
5,Ambient,24,-10495.748266271225,7638.201399286313,1559.141331738662,0.07229166666666667,0.006880844024736619,0.0014045464050236058,2018-06-23,Juniper Savanna
6,Addition,24,-7355.174621696045,3775.5866158212166,770.6883907036269,0.07404166666666667,0.004813740899682424,9.826007465156639e-4,2018-06-23,Juniper Savanna
7,Ambient,24,-13422.546000827264,9553.19945605994,1950.0386731983883,0.07,0.006487446070815473,0.0013242443839434613,2018-06-23,Juniper Savanna
8,Exclusion,24,-258.2569587843159,114.13542596670807,23.297796266136686,0.11133333333333333,0.0063702205727060625,0.0013003158293424903,2018-06-23,Juniper Savanna
9,Addition,24,-62149.46184667338,56094.34727147169,11450.21068913229,0.06025,0.008608640755204849,0.0017572314357649592,2018-06-23,Juniper Savanna
12,Exclusion,24,-1238605.13517996,1167809.0947933006,238378.03326875818,0.041958333333333334,0.006223931140411154,0.0012704546240188276,2018-06-23,Juniper Savanna
1,Addition,24,-1242309.9142315341,1049127.870167142,214152.3297368647,0.04070833333333333,0.004544266972663531,9.275946115006405e-4,2018-06-24,Juniper Savanna
2,Ambient,24,-204100.45436040638,114947.0930634506,23463.47711847214,0.04933333333333333,0.003434690881182084,7.011033402572026e-4,2018-06-24,Juniper Savanna
4,Exclusion,24,-8065.4071797029765,3615.8867334919287,738.0897887295209,0.072875,0.004089355216529435,8.347361381238112e-4,2018-06-24,Juniper Savanna
5,Ambient,24,-10936.188040959703,7542.296241234887,1539.5647733280814,0.07170833333333333,0.006623273633422403,0.0013519700690595375,2018-06-24,Juniper Savanna
6,Addition,24,-7628.9247376032845,3747.7464510626537,765.0055408691691,0.07358333333333333,0.004548450922797941,9.2844865674552e-4,2018-06-24,Juniper Savanna
7,Ambient,24,-13357.975065645,9268.205090716998,1891.8644419768436,0.06983333333333333,0.006162062519380472,0.0012578257446342613,2018-06-24,Juniper Savanna
8,Exclusion,24,-261.4508585444008,105.67082621606279,21.569967077305797,0.11095833333333333,0.005974432239109434,0.0012195258740543078,2018-06-24,Juniper Savanna
9,Addition,24,-62096.212754486725,54243.41527651518,11072.390777779357,0.059833333333333336,0.00812760549082525,0.0016590405235970575,2018-06-24,Juniper Savanna
12,Exclusion,24,-1168347.3171200496,1044292.3984557592,213165.2932069855,0.04175,0.005697062553556037,0.0011629080240774712,2018-06-24,Juniper Savanna
1,Addition,24,-1285025.9714880951,1133984.095222956,231473.53414399116,0.041041666666666664,0.0052126865865190245,0.0010640351938351507,2018-06-25,Juniper Savanna
2,Ambient,24,-220427.63959735047,147001.27184510426,30006.508963388707,0.04933333333333333,0.004177232979176389,8.526741113090152e-4,2018-06-25,Juniper Savanna
4,Exclusion,24,-8471.01373685185,4547.504808928773,928.2555320606839,0.07291666666666667,0.005020970516497405,0.0010249013149147626,2018-06-25,Juniper Savanna
5,Ambient,24,-11517.850520415339,9044.54154428367,1846.209311741598,0.072125,0.007770135133960027,0.0015860721925561904,2018-06-25,Juniper Savanna
6,Addition,24,-7495.775000892859,4325.930594770684,883.0268849902271,0.07420833333333333,0.0053809581065947295,0.0010983834740374819,2018-06-25,Juniper Savanna
7,Ambient,24,-13814.68896905999,10982.289309840346,2241.75041806094,0.07037500000000001,0.007287944184389903,0.0014876453771366152,2018-06-25,Juniper Savanna
8,Exclusion,24,-264.8892293476612,129.24376920372532,26.381773915263466,0.11133333333333333,0.007062864714194553,0.0014417012226737335,2018-06-25,Juniper Savanna
9,Addition,24,-65688.08717642976,63855.644533125334,13034.47885855827,0.06054166666666667,0.009292255619210741,0.0018967737355480051,2018-06-25,Juniper Savanna
12,Exclusion,24,-1243804.5464529716,1291493.9102198149,263625.0904958646,0.04225,0.006462265049130791,0.0013191043294160086,2018-06-25,Juniper Savanna
1,Addition,24,-1237309.9471312657,1081055.9523799785,220669.6222274548,0.041,0.004898979485566356,0.001,2018-06-26,Juniper Savanna
2,Ambient,24,-212395.3329700528,127654.05808572183,26057.275492135304,0.04925,0.0037095646058826624,7.572117043584255e-4,2018-06-26,Juniper Savanna
4,Exclusion,24,-8243.25840627555,4100.287592140786,836.9676999508326,0.07291666666666667,0.00454845092279794,9.284486567455197e-4,2018-06-26,Juniper Savanna
5,Ambient,24,-11361.192168035426,8647.391626570206,1765.1414242594053,0.072,0.00743668930546967,0.0015180078478344429,2018-06-26,Juniper Savanna
6,Addition,24,-7341.40275550084,3937.8420271256437,803.8086378453985,0.07416666666666667,0.00499274836456676,0.0010191404922753138,2018-06-26,Juniper Savanna
7,Ambient,24,-12971.458722585825,9346.504241284829,1907.8471891588883,0.07045833333333333,0.006782196429313818,0.0013844100489287412,2018-06-26,Juniper Savanna
8,Exclusion,24,-253.61304299108372,117.48616743636343,23.981763504523272,0.11175,0.006745368781616022,0.0013768926368215259,2018-06-26,Juniper Savanna
9,Addition,24,-62612.85933244265,57970.28445733956,11833.134763706365,0.06041666666666667,0.00882642606616343,0.0018016866762084502,2018-06-26,Juniper Savanna
12,Exclusion,24,-1172299.2820968742,1142042.4611956675,233118.44121013695,0.042333333333333334,0.006342860873294558,0.0012947310540863143,2018-06-26,Juniper Savanna
1,Addition,24,-1426899.7424446454,1299368.669918624,265232.5190882909,0.0405,0.005081937323159519,0.001037346112212187,2018-06-27,Juniper Savanna
2,Ambient,24,-237416.82731809316,142979.62060527108,29185.592841636822,0.04858333333333333,0.003646519086646245,7.443425916335884e-4,2018-06-27,Juniper Savanna
4,Exclusion,24,-8970.046086031292,4386.236083366646,895.3366913026719,0.07208333333333333,0.0043230088823759585,8.824304929450402e-4,2018-06-27,Juniper Savanna
5,Ambient,24,-13213.740048038408,10152.240586059883,2072.3174318183974,0.07062500000000001,0.007185810292877025,0.0014667973838323382,2018-06-27,Juniper Savanna
6,Addition,24,-8134.44381381149,4314.757743664764,880.7462363084276,0.07320833333333333,0.004889911234783098,9.981489510601186e-4,2018-06-27,Juniper Savanna
7,Ambient,24,-14963.551021956644,11103.28150781595,2266.4478470524423,0.06929166666666667,0.006708068902880851,0.0013692788309574544,2018-06-27,Juniper Savanna
8,Exclusion,24,-267.9946395134821,123.68088285252108,25.246254493801523,0.11095833333333333,0.006616705910152671,0.0013506294381609835,2018-06-27,Juniper Savanna
9,Addition,24,-74206.89391546765,70365.106390085,14363.217196030024,0.059333333333333335,0.008844878973619198,0.0018054533601699026,2018-06-27,Juniper Savanna
12,Exclusion,24,-1414390.7605708614,1420662.1702604755,289991.45116776036,0.0415,0.006358835004047175,0.0012979917598720154,2018-06-27,Juniper Savanna
1,Addition,24,-1622853.2796392827,1350315.2083613793,275631.9377004441,0.03941666666666667,0.004461591319411637,9.10718514449106e-4,2018-06-28,Juniper Savanna
2,Ambient,24,-278376.25784808025,169038.04736933214,34504.74693093968,0.047625,0.003536302416735409,7.218447080977291e-4,2018-06-28,Juniper Savanna
4,Exclusion,24,-10212.0977341422,4761.7349042758515,971.9850671563614,0.070875,0.004152657608976603,8.476576848732257e-4,2018-06-28,Juniper Savanna
5,Ambient,24,-15681.585367173928,10930.143631333094,2231.106226008108,0.06870833333333333,0.00650403999310306,0.00132763160414646,2018-06-28,Juniper Savanna
6,Addition,24,-9219.491534122457,4608.446008615434,940.695102356132,0.07191666666666667,0.0044713257120442915,9.127055390245986e-4,2018-06-28,Juniper Savanna
7,Ambient,24,-16931.53953063794,11049.922632801172,2255.5560122995134,0.06766666666666667,0.005798550543523536,0.0011836241732808936,2018-06-28,Juniper Savanna
8,Exclusion,24,-294.8245631448856,120.43896787461597,24.584501370022046,0.10929166666666666,0.0057064354720877605,0.0011648212630610878,2018-06-28,Juniper Savanna
9,Addition,24,-84217.91270251652,77112.49243415637,15740.521604825957,0.057958333333333334,0.008137295601742936,0.0016610185092053326,2018-06-28,Juniper Savanna
12,Exclusion,24,-1579130.6121052816,1498498.1153050547,305879.6469183047,0.04045833333333333,0.005664375069461434,0.001156235719326878,2018-06-28,Juniper Savanna
1,Addition,24,-1692225.8954685486,1305085.7051853507,266399.5040253723,0.039,0.004201449025401054,8.576171910455219e-4,2018-06-29,Juniper Savanna
2,Ambient,24,-278238.5264384184,136898.12537448946,27944.21282592146,0.04729166666666666,0.0030141574158521044,6.152623061052984e-4,2018-06-29,Juniper Savanna
4,Exclusion,24,-10887.645367184436,4446.973412910347,907.7346467794499,0.07008333333333333,0.0036225941541659177,7.3945893524131e-4,2018-06-29,Juniper Savanna
5,Ambient,24,-16664.654412606775,10425.15426710164,2128.025703683146,0.06770833333333333,0.005759522675471931,0.0011756576430746353,2018-06-29,Juniper Savanna
6,Addition,24,-9586.389011667869,3975.1024775643696,811.4143954421602,0.07120833333333333,0.003718101042510655,7.58954197188441e-4,2018-06-29,Juniper Savanna
7,Ambient,24,-17306.4108226257,9726.424220640574,1985.398030201413,0.067,0.005081937323159518,0.0010373461122121868,2018-06-29,Juniper Savanna
8,Exclusion,24,-311.13814977692556,114.7032434281739,23.413701520106166,0.108375,0.005265247011010647,0.0010747640455575306,2018-06-29,Juniper Savanna
9,Addition,24,-84985.30678234668,68385.88354815404,13959.210025197353,0.05708333333333333,0.007306439486577201,0.0014914207148864038,2018-06-29,Juniper Savanna
12,Exclusion,24,-1561652.406396857,1304482.1689894395,266276.3077152654,0.03995833333333333,0.005137070444681792,0.0010486001135168893,2018-06-29,Juniper Savanna
1,Addition,24,-1787013.8904415143,1566062.0489285374,319671.077117705,0.03941666666666667,0.005038259418788842,0.0010284303973170006,2018-06-30,Juniper Savanna
2,Ambient,24,-318419.7630123547,184751.0009369945,37712.14014700778,0.046875,0.0036273418222787014,7.404280489366768e-4,2018-06-30,Juniper Savanna
4,Exclusion,24,-12251.461759365186,6104.607841263113,1246.0978575739798,0.06945833333333333,0.004373628149306452,8.927631075394941e-4,2018-06-30,Juniper Savanna
5,Ambient,24,-19360.102076880292,14604.663673525005,2981.164488758133,0.06754166666666667,0.007210976938376456,0.0014719345038332647,2018-06-30,Juniper Savanna
6,Addition,24,-10194.88050692365,5491.367509153541,1120.9206989603674,0.07125,0.004847679857416327,9.895285072531593e-4,2018-06-30,Juniper Savanna
7,Ambient,24,-19903.937276925488,14781.60102252712,3017.2816738827933,0.06704166666666667,0.006740398431435099,0.0013758780683393416,2018-06-30,Juniper Savanna
8,Exclusion,24,-319.30817097614215,143.75677615354223,29.344229053639925,0.10858333333333334,0.006520313853920162,0.0013309534920753743,2018-06-30,Juniper Savanna
9,Addition,24,-97556.28081880331,88872.31106610775,18140.984531155573,0.05708333333333333,0.008277348171583893,0.0016896066203116536,2018-06-30,Juniper Savanna
12,Exclusion,24,-1778918.1585083,1723735.0439034046,351855.9424431084,0.04020833333333333,0.006021549465960941,0.0012291436377110708,2018-06-30,Juniper Savanna
1,Addition,24,-1627234.7902160087,1435330.6060460224,292985.6330843746,0.03983333333333333,0.005010134656410176,0.001022689454236604,2018-07-01,Juniper Savanna
2,Ambient,24,-313405.854849186,203817.59652501406,41604.09267389519,0.04716666666666667,0.003886058321147833,7.932383331257363e-4,2018-07-01,Juniper Savanna
4,Exclusion,24,-12102.7604863339,6441.345623034096,1314.8341694452783,0.06975,0.004729647472845232,9.65435247642898e-4,2018-07-01,Juniper Savanna
5,Ambient,24,-18037.945982990397,14274.066396838756,2913.681602238548,0.068375,0.007551633857189017,0.001541470806203222,2018-07-01,Juniper Savanna
6,Addition,24,-9506.342178544168,5398.539113051354,1101.9721819527574,0.07208333333333333,0.005315413736333775,0.0010850042854831992,2018-07-01,Juniper Savanna
7,Ambient,24,-17320.562361313343,12712.96534027802,2595.0231834474225,0.06816666666666667,0.006812180054978675,0.0013905304308885343,2018-07-01,Juniper Savanna
8,Exclusion,24,-301.6760427967647,140.96366600908837,28.774087832864645,0.10945833333333334,0.006782196429313818,0.0013844100489287412,2018-07-01,Juniper Savanna
9,Addition,24,-96092.49633067254,92464.06771837168,18874.148787680053,0.057791666666666665,0.008982975040581495,0.0018336421017984732,2018-07-01,Juniper Savanna
12,Exclusion,24,-1625361.9152982982,1552026.5203200583,316806.08683762094,0.04070833333333333,0.006209944105795272,0.0012675995325335313,2018-07-01,Juniper Savanna
1,Addition,24,-1628454.5101299842,1302151.4638889695,265800.55452884425,0.03908333333333333,0.0039882072540741,8.140893967456645e-4,2018-07-02,Juniper Savanna
2,Ambient,24,-314993.6019888954,158945.03322415234,32444.519045741054,0.04654166666666667,0.002812691217332251,5.741381905393067e-4,2018-07-02,Juniper Savanna
4,Exclusion,24,-12362.359112051241,5197.528239307401,1060.9410091674492,0.069,0.0035262987123463652,7.198027104901625e-4,2018-07-02,Juniper Savanna
5,Ambient,24,-18361.358675227642,12573.679219670126,2566.5915231356644,0.06704166666666667,0.005691176745948343,0.001161706588630551,2018-07-02,Juniper Savanna
6,Addition,24,-9825.908211939595,4450.186708378447,908.3905579702534,0.071125,0.003970680590002936,8.105117814233709e-4,2018-07-02,Juniper Savanna
7,Ambient,24,-17548.338978848467,10918.67548412852,2228.7653002625802,0.06708333333333333,0.005282593785390778,0.001078304941050406,2018-07-02,Juniper Savanna
8,Exclusion,24,-305.2889976922115,112.8378144427914,23.032922422974092,0.10858333333333334,0.005089773777040518,0.0010389457216622956,2018-07-02,Juniper Savanna
9,Addition,24,-92493.87961173982,76948.4785614148,15707.042413246403,0.05625,0.006621769105530374,0.0013516629585895994,2018-07-02,Juniper Savanna
12,Exclusion,24,-1629682.0694608944,1453305.4587674842,296654.73453181284,0.04,0.005445380970422866,0.0011115337360497932,2018-07-02,Juniper Savanna
1,Addition,24,-2034462.5787336722,1614147.4185019124,329486.4620800317,0.03820833333333333,0.004221880548087408,8.617877581496607e-4,2018-07-03,Juniper Savanna
2,Ambient,24,-396538.6292600538,228019.23183946376,46544.23079567216,0.0455,0.003243723035407738,6.621221919717308e-4,2018-07-03,Juniper Savanna
4,Exclusion,24,-14478.172591201113,6870.044839952436,1402.3420306603327,0.06795833333333333,0.0041439234367052855,8.458748294240345e-4,2018-07-03,Juniper Savanna
5,Ambient,24,-23287.715216466982,16427.223139840433,3353.192881954135,0.06554166666666666,0.006379172405548398,0.0013021431145696912,2018-07-03,Juniper Savanna
6,Addition,24,-11445.123363413995,5292.589669918265,1080.3453424354163,0.069875,0.004078709301386576,8.325630497950634e-4,2018-07-03,Juniper Savanna
7,Ambient,24,-21260.392644869073,13086.940507574845,2671.3605448098556,0.065625,0.005451864459701517,0.0011128571727569184,2018-07-03,Juniper Savanna
8,Exclusion,24,-341.31199748780455,135.04388351438587,27.565717291174543,0.10729166666666667,0.00552841801938868,0.0011284836026925222,2018-07-03,Juniper Savanna
9,Addition,24,-115188.981530329,99446.77381020079,20299.48770008047,0.055625,0.007817552713911345,0.0015957512655327198,2018-07-03,Juniper Savanna
12,Exclusion,24,-1918061.9616697927,1700285.7970993875,347069.3849829058,0.03929166666666667,0.005376916577747693,0.0010975585004161504,2018-07-03,Juniper Savanna
1,Addition,24,-2330546.806920284,1692424.867742388,345464.7794971797,0.037208333333333336,0.003611324780003408,7.371585838730889e-4,2018-07-04,Juniper Savanna
2,Ambient,24,-440491.69387498696,217096.27921107982,44314.592426994415,0.044625,0.002634429234446116,5.377506156553251e-4,2018-07-04,Juniper Savanna
4,Exclusion,24,-16044.100682358297,6528.7821134554115,1332.6820683146093,0.06679166666666667,0.00336192448337021,6.862499615022471e-4,2018-07-04,Juniper Savanna
5,Ambient,24,-26321.838624564214,16359.633265539485,3339.39615663612,0.063875,0.0051356596460435345,0.0010483121354507604,2018-07-04,Juniper Savanna
6,Addition,24,-12730.262263799119,5496.731030030425,1122.015523074795,0.06883333333333333,0.003737782028523547,7.629715616356441e-4,2018-07-04,Juniper Savanna
7,Ambient,24,-24561.231559632874,13760.86561042387,2808.9249303792544,0.06408333333333334,0.004624289996422642,9.439292428243435e-4,2018-07-04,Juniper Savanna
8,Exclusion,24,-373.9226925973059,127.28734927566387,25.982421369733206,0.10575,0.004532491396668013,9.251909321159417e-4,2018-07-04,Juniper Savanna
9,Addition,24,-125487.01006810264,95168.34850100671,19426.157790902565,0.05379166666666667,0.005948906853668427,0.0012143155265694468,2018-07-04,Juniper Savanna
12,Exclusion,24,-2122458.7580472045,1741061.8699939284,355392.7660084189,0.03833333333333333,0.004659414655032993,9.510990337397448e-4,2018-07-04,Juniper Savanna
1,Addition,24,-2430499.8223670144,2079724.171825935,424521.91889215563,0.03791666666666667,0.004790540195251349,9.77864922554892e-4,2018-07-05,Juniper Savanna
2,Ambient,24,-487858.3585902487,330403.90951872064,67443.41561179729,0.044833333333333336,0.003952617918012959,8.068247539428121e-4,2018-07-05,Juniper Savanna
4,Exclusion,24,-17409.834818594332,9065.76855381263,1850.542256917527,0.06666666666666667,0.004497986667162432,9.181476836991559e-4,2018-07-05,Juniper Savanna
5,Ambient,24,-29380.501567413932,23605.900228503324,4818.5342065734985,0.06466666666666666,0.00751037929145055,0.001533049753234943,2018-07-05,Juniper Savanna
6,Addition,24,-13278.460862288055,7403.373673046294,1511.20732284316,0.06908333333333333,0.00488045495622182,9.962186962817227e-4,2018-07-05,Juniper Savanna
7,Ambient,24,-25548.146444694135,19084.9726903172,3895.7037371857555,0.06508333333333333,0.006606430771319099,0.001348532034229441,2018-07-05,Juniper Savanna
8,Exclusion,24,-381.6518681932104,170.99743872865594,34.90470601733648,0.10616666666666667,0.006197241087891392,0.0012650065398620359,2018-07-05,Juniper Savanna
9,Addition,24,-134381.66918768344,124068.14977255039,25325.305022829107,0.05508333333333333,0.008134289561274955,0.0016604049037642734,2018-07-05,Juniper Savanna
12,Exclusion,24,-2186281.4087167443,2116927.3181062215,432115.97932655766,0.03904166666666667,0.005481027884135115,0.0011188101318414627,2018-07-05,Juniper Savanna
1,Addition,24,-1782044.4323953092,1132245.6296211674,231118.67133901094,0.03808333333333334,0.003147347629584199,6.424496446366205e-4,2018-07-06,Juniper Savanna
2,Ambient,24,-350538.68595258176,171534.17245210745,35014.26632985317,0.04591666666666667,0.0027649462085602835,5.643922814346378e-4,2018-07-06,Juniper Savanna
4,Exclusion,24,-15820.15640491061,5584.142741531488,1139.8583639682097,0.06670833333333334,0.00285107404120023,5.819730516529458e-4,2018-07-06,Juniper Savanna
5,Ambient,24,-20506.957416769947,12500.879041851527,2551.73124906571,0.06575,0.005049752469181038,0.001030776406404415,2018-07-06,Juniper Savanna
6,Addition,24,-10560.56237761653,4448.06110083263,907.9566701468649,0.07033333333333333,0.0035098205908151658,7.164391280175786e-4,2018-07-06,Juniper Savanna
7,Ambient,24,-18534.783240276978,10243.938450355095,2091.035179987251,0.06629166666666667,0.004666990154419577,9.526453760767363e-4,2018-07-06,Juniper Savanna
8,Exclusion,24,-329.674088224688,111.67363624396265,22.795285543240524,0.107375,0.004489722563327515,9.164607805677454e-4,2018-07-06,Juniper Savanna
9,Addition,24,-94400.54015559122,72624.10072717528,14824.33248417235,0.055625,0.00591102507111113,0.0012065829400850767,2018-07-06,Juniper Savanna
12,Exclusion,24,-1560149.9808035174,1199548.9272616715,244856.8994411691,0.03933333333333333,0.004103727538488017,8.376698760586049e-4,2018-07-06,Juniper Savanna
1,Addition,24,-2155948.70800266,867853.6481388477,177149.88411275574,0.03654166666666667,0.0018645238736369975,3.80594341970682e-4,2018-07-07,Juniper Savanna
2,Ambient,24,-429110.37922245177,106920.56603854192,21825.069150331656,0.04425,0.0012937979144666525,2.640953933933611e-4,2018-07-07,Juniper Savanna
4,Exclusion,24,-19377.733735558148,2761.624220459196,563.7141834530325,0.064625,0.0011349200316590029,2.3166458136899062e-4,2018-07-07,Juniper Savanna
5,Ambient,24,-42376.59432145282,23414.49965611578,4779.464728337988,0.0595,0.003243723035407737,6.621221919717307e-4,2018-07-07,Juniper Savanna
6,Addition,24,-12680.208405123365,2460.750599594002,502.29861277108864,0.06816666666666667,0.0016329931618554515,3.3333333333333327e-4,2018-07-07,Juniper Savanna
7,Ambient,24,-24388.2729408761,5672.25916521592,1157.845053633689,0.06295833333333334,0.0017810394294555548,3.6355315116198215e-4,2018-07-07,Juniper Savanna
8,Exclusion,24,-419.0915935329166,46.4897385536907,9.489678144328087,0.10354166666666666,0.0014440030912488493,2.947558967134382e-4,2018-07-07,Juniper Savanna
9,Addition,24,-140776.47983048,44019.98706959331,8985.542233701413,0.050916666666666666,0.0021041711508059543,4.295121375799551e-4,2018-07-07,Juniper Savanna
12,Exclusion,24,-1687251.160156966,765267.391582848,156209.5521807187,0.03779166666666667,0.002225917820793826,4.543635725260635e-4,2018-07-07,Juniper Savanna
1,Addition,24,-2192873.990790005,1810228.3419685217,369511.31297894113,0.038375,0.004825768692991911,9.85055909543989e-4,2018-07-08,Juniper Savanna
2,Ambient,24,-524272.2607281411,317564.60328399466,64822.60320126284,0.04425,0.003674234614174767,7.500000000000001e-4,2018-07-08,Juniper Savanna
4,Exclusion,24,-21312.59417714675,10843.429676605068,2213.405814119569,0.06508333333333333,0.004577037837108062,9.342839361938918e-4,2018-07-08,Juniper Savanna
5,Ambient,24,-41395.581628258435,32954.26376788909,6726.760923367971,0.062625,0.008218814576535855,0.0016776585002551208,2018-07-08,Juniper Savanna
6,Addition,24,-14723.806096190667,8473.797095552263,1729.7065889984297,0.06841666666666667,0.005207992742486982,0.0010630770669342582,2018-07-08,Juniper Savanna
7,Ambient,24,-28329.73301872293,21363.88576959562,4360.884921551332,0.06458333333333334,0.007008793648396069,0.0014306640125858383,2018-07-08,Juniper Savanna
8,Exclusion,24,-408.3327962461943,188.68699265708736,38.5155710925117,0.10545833333333333,0.006547347067567779,0.0013364716237040664,2018-07-08,Juniper Savanna
9,Addition,24,-163499.37231464815,148157.90133650863,30242.60496967167,0.05429166666666667,0.008579445440001995,0.0017512719670044,2018-07-08,Juniper Savanna
12,Exclusion,24,-1624154.399302687,1457414.0162968494,297493.3903256307,0.04054166666666667,0.0059780698256694615,0.0012202683933015808,2018-07-08,Juniper Savanna
1,Addition,24,-1013852.5966251808,645770.7396911136,131817.40025524073,0.04083333333333333,0.003447326206063838,7.036825151484184e-4,2018-07-09,Juniper Savanna
2,Ambient,24,-311549.77529009205,134964.88004716745,27549.590775958226,0.04645833333333333,0.0025872457517039536,5.281193275715157e-4,2018-07-09,Juniper Savanna
4,Exclusion,24,-16907.733770972518,7265.290208180422,1483.0211536067507,0.06654166666666667,0.003855872615010563,7.870767016622438e-4,2018-07-09,Juniper Savanna
5,Ambient,24,-56804.5016517201,55423.678526165786,11313.311004762949,0.06229166666666667,0.009989033842241665,0.0020390029947404166,2018-07-09,Juniper Savanna
6,Addition,24,-9933.751104969699,3829.0140148957544,781.5942128716822,0.07079166666666667,0.003463840124168129,7.070534045658869e-4,2018-07-09,Juniper Savanna
7,Ambient,24,-17527.192471735518,10202.956653857838,2082.6698058071797,0.06708333333333333,0.0054207064088561815,0.0011064970622610211,2018-07-09,Juniper Savanna
8,Exclusion,24,-358.122456427021,139.58113822248814,28.491880530165478,0.10666666666666667,0.005553429544897903,0.001133589058958039,2018-07-09,Juniper Savanna
9,Addition,24,-100272.83592477141,81995.78678320856,16737.319889742157,0.05620833333333333,0.007454086516609629,0.0015215590386878064,2018-07-09,Juniper Savanna
12,Exclusion,24,-1021534.8762601708,742012.2800062109,151462.62240786443,0.04145833333333333,0.0045585959572492585,9.305195032312436e-4,2018-07-09,Juniper Savanna
1,Addition,24,-1220434.4257467948,738954.0801735977,150838.36998108382,0.039625,0.0027316582000204803,5.575973951449771e-4,2018-07-10,Juniper Savanna
2,Ambient,24,-420582.8215551872,138659.13323534475,28303.677050265254,0.0445,0.001769303473858765,3.6115755925730754e-4,2018-07-10,Juniper Savanna
4,Exclusion,24,-19892.403749416517,4069.001547298485,830.58146278971,0.0645,0.0015603789952109894,3.185110286353034e-4,2018-07-10,Juniper Savanna
5,Ambient,24,-33661.0067603602,10923.188337489531,2229.686482597454,0.06070833333333333,0.002404328825566353,4.907815663752256e-4,2018-07-10,Juniper Savanna
6,Addition,24,-12168.105694066297,3254.3790597729076,664.2973438368417,0.06866666666666667,0.002258638810293117,4.610427165387493e-4,2018-07-10,Juniper Savanna
7,Ambient,24,-19469.141675871855,5328.0810227353795,1087.589984492335,0.06479166666666666,0.0020211741457717685,4.125704448705416e-4,2018-07-10,Juniper Savanna
8,Exclusion,24,-417.56369689637665,55.89381281882145,11.409276765395505,0.103625,0.001714706211368099,3.5001293971939694e-4,2018-07-10,Juniper Savanna
9,Addition,24,-117063.12191198189,46549.49213400095,9501.875292833465,0.05225,0.0025237997577841438,5.151684682942442e-4,2018-07-10,Juniper Savanna
12,Exclusion,24,-1117538.227836549,603768.1464191593,123243.65680607856,0.039875,0.002455030328334761,5.011309672898012e-4,2018-07-10,Juniper Savanna
1,Addition,24,-399529.8064380371,204048.62129483663,41651.25040756263,0.04533333333333334,0.003059790653064309,6.245771516454056e-4,2018-07-11,Juniper Savanna
2,Ambient,24,-486358.939914746,248894.83739681414,50805.44593626527,0.04425,0.0029963746210320925,6.116324083128286e-4,2018-07-11,Juniper Savanna
4,Exclusion,24,-27909.463045318505,9501.80569596506,1939.5479658487661,0.06220833333333333,0.0027183621454146246,5.548833493635998e-4,2018-07-11,Juniper Savanna
5,Ambient,24,-40035.311445288135,19996.509117852747,4081.770331304217,0.06016666666666667,0.004124862755731782,8.419840842127795e-4,2018-07-11,Juniper Savanna
6,Addition,24,-12211.99052242327,4723.117361816393,964.1022943108667,0.06904166666666667,0.0034575584080283463,7.057711546282641e-4,2018-07-11,Juniper Savanna
7,Ambient,24,-15343.889822125437,7847.850410545795,1601.9357569607232,0.06766666666666667,0.0044591544008942404,9.102210805397425e-4,2018-07-11,Juniper Savanna
8,Exclusion,24,-549.8755355687513,147.76061643329814,30.161509528390276,0.10054166666666667,0.0033619244833702072,6.862499615022465e-4,2018-07-11,Juniper Savanna
9,Addition,24,-141415.87345058558,109661.47677708708,22384.55521199421,0.0535,0.006527533657682196,0.0013324272283470418,2018-07-11,Juniper Savanna
12,Exclusion,24,-588039.3251410046,287180.9969996512,58620.57553940769,0.043166666666666666,0.0028539319431675103,5.825564184491734e-4,2018-07-11,Juniper Savanna
1,Addition,24,-72021.21156512707,51374.09995446096,10486.694240264156,0.05695833333333333,0.005187603674535862,0.00105891516586666,2018-07-12,Juniper Savanna
2,Ambient,24,-460305.80818215,271822.50579405064,55485.53665001234,0.04479166666666667,0.0033748322556274093,6.888847494810964e-4,2018-07-12,Juniper Savanna
4,Exclusion,24,-29110.554238379482,6474.447243914485,1321.591009513279,0.06158333333333333,0.0016659418713870495,3.400589605029659e-4,2018-07-12,Juniper Savanna
5,Ambient,24,-14462.608431303108,7970.684608952068,1627.0091827156532,0.06833333333333333,0.004751811248874214,9.699594094799259e-4,2018-07-12,Juniper Savanna
6,Addition,24,-7443.94283015889,4703.233713861194,960.043561667919,0.07475,0.006109507914433185,0.0012470980808213946,2018-07-12,Juniper Savanna
7,Ambient,24,-5999.49965741782,3819.0885007870015,779.5681757882455,0.07675,0.0062293135918885115,0.0012715533123258955,2018-07-12,Juniper Savanna
8,Exclusion,24,-568.6454133091424,84.93952586429968,17.338208113455714,0.09979166666666667,0.0018645238736369962,3.8059434197068175e-4,2018-07-12,Juniper Savanna
9,Addition,24,-17217.56268672691,15826.996654597117,3230.672163708276,0.07004166666666667,0.008794658293120525,0.001795202106690145,2018-07-12,Juniper Savanna
12,Exclusion,24,-325746.5749321285,145579.39519107286,29716.26960675931,0.04625,0.0026743548592218437,5.459003996855214e-4,2018-07-12,Juniper Savanna
1,Addition,24,-15219.393720538617,12006.015833039104,2450.7177195601435,0.070375,0.008525218344774928,0.0017402029075427644,2018-07-13,Juniper Savanna
2,Ambient,24,-172189.7929050208,113177.26196441756,23102.21185817713,0.05125,0.005109666882701251,0.001043006384851301,2018-07-13,Juniper Savanna
4,Exclusion,24,-22247.821708373263,12983.270080523,2650.1989075020683,0.06520833333333333,0.005397093957715189,0.0011016771908550352,2018-07-13,Juniper Savanna
5,Ambient,24,-5005.498146190301,3991.9425676568135,814.8518644379091,0.0815,0.011201707944307655,0.002286539059269537,2018-07-13,Juniper Savanna
6,Addition,24,-1990.990375911994,1334.9191753844405,272.4892356290638,0.08858333333333333,0.00839729079844346,0.0017140898064962353,2018-07-13,Juniper Savanna
7,Ambient,24,-1494.54983944824,1168.4467553088118,238.50819517643507,0.0935,0.01115893091341795,0.002277807234403616,2018-07-13,Juniper Savanna
8,Exclusion,24,-484.6867916377356,261.73524602563947,53.42648337205296,0.10408333333333333,0.008166296945195014,0.0016669383836480658,2018-07-13,Juniper Savanna
9,Addition,24,-1513.5450940851817,1416.1962855998784,289.07985627871153,0.09729166666666667,0.015974107219161742,0.0032607009819546175,2018-07-13,Juniper Savanna
12,Exclusion,24,-175207.69299236021,143348.16159157577,29260.820955449202,0.052375,0.006806726213028583,0.0013894171700622418,2018-07-13,Juniper Savanna
1,Addition,24,-5037.124217105543,1833.6111114836715,374.28430081937637,0.07691666666666666,0.0036939041049047156,7.540150179823981e-4,2018-07-14,Juniper Savanna
2,Ambient,24,-86702.11358677893,39921.00105741502,8148.840217647876,0.0545,0.0032969023669789355,6.72977377572707e-4,2018-07-14,Juniper Savanna
4,Exclusion,24,-15692.654145802408,5955.693595522181,1215.7008644492541,0.06691666666666667,0.0032825847009392718,6.700547962306445e-4,2018-07-14,Juniper Savanna
5,Ambient,24,-1847.886897703426,952.9316277535974,194.5163539796762,0.088,0.006310791309853443,0.0012881848818609356,2018-07-14,Juniper Savanna
6,Addition,24,-845.9716354678247,298.4278359329246,60.91632692322334,0.09570833333333334,0.00428829718578636,8.753449975491383e-4,2018-07-14,Juniper Savanna
7,Ambient,24,-552.8896355581649,226.86139148463164,46.30788762292702,0.10120833333333333,0.005445214625599304,0.0011114997810548698,2018-07-14,Juniper Savanna
8,Exclusion,24,-368.00314712977274,129.44246401979757,26.42233232475623,0.10604166666666667,0.004786567860592595,9.770540731380986e-4,2018-07-14,Juniper Savanna
9,Addition,24,-305.2281944333919,181.85580884311048,37.12116153556146,0.110625,0.009145264871244427,0.001866769374762379,2018-07-14,Juniper Savanna
12,Exclusion,24,-102485.47415551581,49235.34804433013,10050.12333474554,0.05354166666666667,0.0036233441995490567,7.396120376140284e-4,2018-07-14,Juniper Savanna
1,Addition,24,-4951.5386490713645,1399.1818462375004,285.6067983872656,0.07679166666666666,0.002918891490999948,5.958162306251225e-4,2018-07-15,Juniper Savanna
2,Ambient,24,-81990.54914969367,24015.96804460691,4902.238949022768,0.054375,0.0021020176642620237,4.290725589799068e-4,2018-07-15,Juniper Savanna
4,Exclusion,24,-15007.199568540615,3687.5189043098,752.7116443688266,0.066875,0.0020707591550590504,4.2269194250762543e-4,2018-07-15,Juniper Savanna
5,Ambient,24,-1900.2280632647207,719.7446541118667,146.917262305837,0.08679166666666667,0.0043835578826045985,8.947900058613593e-4,2018-07-15,Juniper Savanna
6,Addition,24,-816.6916276745507,182.4268707529713,37.23772905978632,0.095625,0.0026996376568459855,5.510612291396213e-4,2018-07-15,Juniper Savanna
7,Ambient,24,-606.7100843406008,191.2250271358156,39.03364521105127,0.09954166666666667,0.004053760108157949,8.274703170530436e-4,2018-07-15,Juniper Savanna
8,Exclusion,24,-366.2993914127199,80.40120908091596,16.41182807925578,0.10554166666666666,0.0030069364254447875,6.137883276106769e-4,2018-07-15,Juniper Savanna
9,Addition,24,-266.9716657780609,87.87206862419262,17.93681089767495,0.11025,0.004980396352308416,0.001016619148331185,2018-07-15,Juniper Savanna
12,Exclusion,24,-115122.53211325107,44956.74302851472,9176.756743107164,0.0525,0.003092768564135432,6.313087395543333e-4,2018-07-15,Juniper Savanna
1,Addition,24,-4552.562075246953,1861.7352123258377,380.02510886420015,0.07820833333333334,0.00468094348225419,9.554935871941175e-4,2018-07-16,Juniper Savanna
2,Ambient,24,-69004.2108231723,31287.89086041969,6386.613977993132,0.05616666666666666,0.003772516939388214,7.700617956256016e-4,2018-07-16,Juniper Savanna
4,Exclusion,24,-14422.03834267166,5833.955733483519,1190.8512274182494,0.06779166666666667,0.003833254567558764,7.824598120593299e-4,2018-07-16,Juniper Savanna
5,Ambient,24,-1688.3771546271253,967.2816103977534,197.4455319210076,0.089875,0.008237309079399971,0.001681433674843748,2018-07-16,Juniper Savanna
6,Addition,24,-841.3997449886522,311.9993134510072,63.68659317113632,0.09591666666666666,0.004754098155840109,9.704262224095642e-4,2018-07-16,Juniper Savanna
7,Ambient,24,-606.387130968139,275.5769920234682,56.25191794237726,0.10054166666666667,0.006600258009888814,0.0013472720245787636,2018-07-16,Juniper Savanna
8,Exclusion,24,-370.2077128754261,131.10991407120946,26.762699141217624,0.10604166666666667,0.005094576542258203,0.001039926082007105,2018-07-16,Juniper Savanna
9,Addition,24,-282.5398660863881,161.4008904393428,32.945818800603476,0.11175,0.009709923207505413,0.0019820297749997373,2018-07-16,Juniper Savanna
12,Exclusion,24,-113441.29057601429,55315.77891148859,11291.286088146111,0.053,0.003934242095952562,8.030738049717995e-4,2018-07-16,Juniper Savanna
1,Addition,24,-2932.579073900147,1813.6452049473874,370.2087772138767,0.083875,0.0071341950583394325,0.0014562614682014066,2018-07-17,Juniper Savanna
2,Ambient,24,-38715.91263351251,26358.588549106764,5380.424357106596,0.06175,0.006346858175164479,0.001295546999913746,2018-07-17,Juniper Savanna
4,Exclusion,24,-8588.294212734989,4871.599683695892,994.4111213465719,0.07308333333333333,0.005571017131912085,0.001137179110124001,2018-07-17,Juniper Savanna
5,Ambient,24,-814.5155312267435,669.0859399834634,136.5765955858279,0.10133333333333333,0.012713110886238551,0.0025950528928922077,2018-07-17,Juniper Savanna
6,Addition,24,-551.0095950365909,304.9425180356747,62.24613083890496,0.102375,0.007643198169671487,0.0015601612932224559,2018-07-17,Juniper Savanna
7,Ambient,24,-392.9230827250951,262.7346663501869,53.630489191528625,0.108,0.009982593546420861,0.002037688374860954,2018-07-17,Juniper Savanna
8,Exclusion,24,-233.92686196635722,117.34549805119381,23.953049486515223,0.11325,0.007577139531397115,0.0015466771301495142,2018-07-17,Juniper Savanna
9,Addition,24,-140.34217996489284,109.20900547229134,22.292194893660803,0.12479166666666666,0.014470296913112154,0.002953736988641276,2018-07-17,Juniper Savanna
12,Exclusion,24,-75680.2009669519,55907.9936188373,11412.171409077446,0.05725,0.006408214836544134,0.0013080713759721532,2018-07-17,Juniper Savanna
1,Addition,24,-2600.6776311464914,622.7332932219182,127.11490118638983,0.08295833333333334,0.002493106437788993,5.089032205859039e-4,2018-07-18,Juniper Savanna
2,Ambient,24,-25479.518831782167,7717.163516690991,1575.2594064595953,0.06275,0.0021918822564378237,4.474160920444081e-4,2018-07-18,Juniper Savanna
4,Exclusion,24,-7053.534685651467,1747.584745489147,356.72424239333475,0.073375,0.002183186741400304,4.45641127470023e-4,2018-07-18,Juniper Savanna
5,Ambient,24,-496.8708980787272,183.3728958673605,37.43083562762895,0.10220833333333333,0.004568123643596831,9.324643340629797e-4,2018-07-18,Juniper Savanna
6,Addition,24,-483.3948390268114,102.49575727364899,20.921858843383127,0.10195833333333333,0.002678077939357879,5.466603702359195e-4,2018-07-18,Juniper Savanna
7,Ambient,24,-346.37566077171283,89.49286630114764,18.26765483807729,0.106375,0.003359768366756982,6.858098460415516e-4,2018-07-18,Juniper Savanna
8,Exclusion,24,-199.0623254710836,46.02584437526245,9.394986141678352,0.11379166666666667,0.0032834124172039787,6.702237531056723e-4,2018-07-18,Juniper Savanna
9,Addition,24,-102.97779373929342,30.917370427981172,6.310981811430654,0.12370833333333334,0.00461075459887148,9.411663413688382e-4,2018-07-18,Juniper Savanna
12,Exclusion,24,-90509.11147217709,40112.76527025944,8187.9839236808175,0.05425,0.0035416773230871226,7.229418562624743e-4,2018-07-18,Juniper Savanna
1,Addition,24,-3283.9636538212603,1452.0358789807613,296.39558264304424,0.0815,0.004960715235948735,0.001012601757277055,2018-07-19,Juniper Savanna
2,Ambient,24,-27539.618948916366,13308.965152481043,2716.6811356717562,0.062875,0.004035844828317967,8.238133758691165e-4,2018-07-19,Juniper Savanna
4,Exclusion,24,-7696.2146054871655,3176.583344649953,648.4173599846617,0.07320833333333333,0.004010628994002838,8.186662152432307e-4,2018-07-19,Juniper Savanna
5,Ambient,24,-587.9457929760973,350.3985276662026,71.52479995039091,0.10200000000000001,0.00844419018178102,0.0017236631030319192,2018-07-19,Juniper Savanna
6,Addition,24,-591.8838851283189,234.70122174978115,47.908186274564095,0.10029166666666667,0.005270749197357929,0.0010758871746425764,2018-07-19,Juniper Savanna
7,Ambient,24,-451.42071531933453,220.06995411885316,44.92159127574129,0.10429166666666667,0.0067403984314351,0.0013758780683393419,2018-07-19,Juniper Savanna
8,Exclusion,24,-208.04920268889194,79.32444308005,16.192034139714213,0.114,0.005890301535058544,0.0012023527660021596,2018-07-19,Juniper Savanna
9,Addition,24,-141.48056975074945,74.69040958022241,15.246116012585768,0.12083333333333333,0.008932922335343312,0.001823425136125183,2018-07-19,Juniper Savanna
12,Exclusion,24,-121754.00008264133,81119.44066445882,16558.436487325045,0.05370833333333333,0.006017938161043609,0.0012284064831816486,2018-07-19,Juniper Savanna
1,Addition,24,-3245.3290941764217,1373.9446422050057,280.4552756860888,0.0815,0.004681136985632962,9.55533085905909e-4,2018-07-20,Juniper Savanna
2,Ambient,24,-21215.76176957981,9410.587978365293,1920.928227213706,0.06475,0.0038249751349007104,7.807697799449995e-4,2018-07-20,Juniper Savanna
4,Exclusion,24,-6969.265178121934,2625.4582076067727,535.9194124698915,0.07395833333333333,0.0037239432894699675,7.601467408552445e-4,2018-07-20,Juniper Savanna
5,Ambient,24,-534.3716875103231,228.51536729710742,46.64550402188293,0.10204166666666667,0.006830107050320704,0.001394189763489303,2018-07-20,Juniper Savanna
6,Addition,24,-571.9589966884864,204.18540586582904,41.67917144119737,0.10045833333333333,0.004606037310980547,9.402034290102886e-4,2018-07-20,Juniper Savanna
7,Ambient,24,-439.4015850128416,179.0888554342548,36.55635953608222,0.10416666666666667,0.0058730531772825285,0.0011988319597144757,2018-07-20,Juniper Savanna
8,Exclusion,24,-194.1134453095539,63.72115058729273,13.007025396826322,0.11466666666666667,0.005172390471378373,0.0010558097837758977,2018-07-20,Juniper Savanna
9,Addition,24,-153.06462690761782,62.09818820499463,12.67573958779614,0.11887500000000001,0.007685743436643788,0.0015688458094768412,2018-07-20,Juniper Savanna
12,Exclusion,24,-128719.28242964517,79818.33511035501,16292.849428237085,0.053083333333333337,0.005602147621315819,0.00114353359466419,2018-07-20,Juniper Savanna
1,Addition,24,-3584.3899259270233,1290.327759827086,263.38705104373696,0.080125,0.0035546968316886624,7.255994523271033e-4,2018-07-21,Juniper Savanna
2,Ambient,24,-24998.662952237337,7093.537709260003,1447.9623215731717,0.06291666666666666,0.0023941353466274675,4.887008311998859e-4,2018-07-21,Juniper Savanna
4,Exclusion,24,-8728.719293649605,2318.0463458362046,473.1692289518176,0.07154166666666667,0.0024133535510402994,4.926237307485477e-4,2018-07-21,Juniper Savanna
5,Ambient,24,-771.803474684217,417.5528251765487,85.23261352834115,0.097875,0.006549560224200918,0.00133692338241007,2018-07-21,Juniper Savanna
6,Addition,24,-814.2536396675065,180.4677919113947,36.83783376580753,0.09566666666666666,0.0027610122067454022,5.635892566768343e-4,2018-07-21,Juniper Savanna
7,Ambient,24,-547.3424224317978,194.3720074996769,39.67601988788613,0.10095833333333333,0.004447560803569666,9.078545473957006e-4,2018-07-21,Juniper Savanna
8,Exclusion,24,-239.94276144845014,54.49986460768274,11.124738278299237,0.11120833333333334,0.0032568211584259633,6.647958351369688e-4,2018-07-21,Juniper Savanna
9,Addition,24,-195.06111504730077,139.0802397319034,28.389635053926902,0.12141666666666666,0.018168095941648026,0.0037085470545806273,2018-07-21,Juniper Savanna
12,Exclusion,24,-168274.0625427825,85433.80200600866,17439.101808390595,0.050541666666666665,0.0038105022682360244,7.778155184080147e-4,2018-07-21,Juniper Savanna
1,Addition,24,-2268.094918408114,1589.8704561513962,324.5309478914048,0.08758333333333333,0.008895121607139338,0.0018157090947914024,2018-07-22,Juniper Savanna
2,Ambient,24,-26473.182488345043,21757.14682392426,4441.158998119174,0.06633333333333333,0.008711145617599012,0.0017781551531832846,2018-07-22,Juniper Savanna
4,Exclusion,24,-9947.640068549577,6155.308650955833,1256.447117015073,0.07229166666666667,0.006396188856190689,0.0013056165830119303,2018-07-22,Juniper Savanna
5,Ambient,24,-495.9215412744811,323.65279811525295,66.06535076719891,0.105375,0.010753411996441751,0.002195031032100471,2018-07-22,Juniper Savanna
6,Addition,24,-919.3275688550444,663.6876266097452,135.47466948272356,0.09779166666666667,0.009587034571965306,0.001956945237311395,2018-07-22,Juniper Savanna
7,Ambient,24,-455.82938242257256,322.6153831487304,65.85358932390668,0.10691666666666667,0.01120526532548394,0.0022872652066614103,2018-07-22,Juniper Savanna
8,Exclusion,24,-269.02829921620037,141.98796237110716,28.983171452225907,0.11166666666666666,0.008196853408296472,0.001673175695559962,2018-07-22,Juniper Savanna
9,Addition,24,-24.662667074914978,16.216336069082065,3.310145738895117,0.15225,0.014981873105160458,0.0030581620415641424,2018-07-22,Juniper Savanna
12,Exclusion,24,-138397.3034810745,124667.8356432727,25447.715388597968,0.0545,0.007483314773547883,0.0015275252316519468,2018-07-22,Juniper Savanna
1,Addition,24,-820.8500131309523,862.4811302477762,176.05322349049752,0.136625,0.05217596689798024,0.010650374644699772,2018-07-23,Juniper Savanna
2,Ambient,24,-7407.191932969363,4647.386462214496,948.6437891619842,0.07491666666666667,0.006500278700825512,0.001326863833575338,2018-07-23,Juniper Savanna
4,Exclusion,24,-5928.669804481348,3387.9158530514833,691.5554276218442,0.07654166666666667,0.0059415937451061124,0.001212822744535176,2018-07-23,Juniper Savanna
5,Ambient,24,-286.0462179465642,225.88895793697935,46.109390456217646,0.114625,0.013666246900587818,0.002789610967111022,2018-07-23,Juniper Savanna
6,Addition,24,-340.25342621362114,337.65382365972187,68.92329813883407,0.162875,0.07176429565204959,0.014648825508146243,2018-07-23,Juniper Savanna
7,Ambient,24,-229.56723390681336,142.22893651166316,29.0323600926899,0.11458333333333333,0.00938044527851362,0.0019147753743715005,2018-07-23,Juniper Savanna
8,Exclusion,24,-196.24583163552754,97.53927449323052,19.91012103247342,0.11566666666666667,0.007648055545247328,0.0015611528008599449,2018-07-23,Juniper Savanna
9,Addition,24,-10.466028710613248,10.529494617527062,2.149324088526935,0.220625,0.07672299836594546,0.015661016461079494,2018-07-23,Juniper Savanna
12,Exclusion,24,-80670.84216060411,58797.32076860642,12001.952843819481,0.05679166666666667,0.006467169037710306,0.0013201053518930295,2018-07-23,Juniper Savanna
1,Addition,24,-8.209370591163449,1.1396656570171093,0.23263327808880507,0.16808333333333333,0.0028271458439897293,5.770887288504111e-4,2018-07-24,Juniper Savanna
2,Ambient,24,-4625.979047403507,1838.4721652241144,375.2765592590707,0.07779166666666666,0.0037990750209087446,7.754829413149799e-4,2018-07-24,Juniper Savanna
4,Exclusion,24,-4344.0370095353,1697.8489194089234,346.5719594073051,0.078375,0.0037856996366762196,7.72752702441367e-4,2018-07-24,Juniper Savanna
5,Ambient,24,-145.27221776779803,66.9004302850724,13.655993147588829,0.1195,0.006665941989598743,0.0013606797107924844,2018-07-24,Juniper Savanna
6,Addition,24,-1.4108937083467588,0.24049576366136555,0.04909099218927686,0.20891666666666667,0.004481038958202385,9.146882470940468e-4,2018-07-24,Juniper Savanna
7,Ambient,24,-191.33643862635424,68.18109686110832,13.917408117749265,0.114875,0.004937104414532874,0.0010077822185373185,2018-07-24,Juniper Savanna
8,Exclusion,24,-164.51547267939534,50.29411763902129,10.266243773259431,0.11679166666666667,0.004373628149306452,8.927631075394941e-4,2018-07-24,Juniper Savanna
9,Addition,24,-0.17933174206158117,0.025130584248413624,0.005129759028886473,0.269125,0.0046933116147389485,9.580182216656842e-4,2018-07-24,Juniper Savanna
12,Exclusion,24,-89723.86858330968,49841.085919368335,10173.76906072232,0.05470833333333333,0.004154402239915448,8.480138061723626e-4,2018-07-24,Juniper Savanna
1,Addition,24,-11.725471516969387,2.5071217799814427,0.5117640903310707,0.16116666666666668,0.0043305453684733325,8.839688717277189e-4,2018-07-25,Juniper Savanna
2,Ambient,24,-3864.96227953941,1815.0702309030194,370.4996594190034,0.07995833333333333,0.004876555864690702,9.954227975557523e-4,2018-07-25,Juniper Savanna
4,Exclusion,24,-3841.452176145398,1712.3005303845403,349.5218821449273,0.079875,0.004580796399336465,9.350511494960655e-4,2018-07-25,Juniper Savanna
5,Ambient,24,-132.15159276999333,72.54061738892732,14.807291519111377,0.12191666666666667,0.008880445869469603,0.0018127134223839196,2018-07-25,Juniper Savanna
6,Addition,24,-2.527126866268881,0.30376299314720806,0.06200536132926692,0.19425,0.0027858337289252215,5.686559286751453e-4,2018-07-25,Juniper Savanna
7,Ambient,24,-216.63490785175438,95.23755546375915,19.440284603018508,0.11375,0.0064689895723332655,0.001320476966966806,2018-07-25,Juniper Savanna
8,Exclusion,24,-158.91172652366936,63.50388105910252,12.962675440099549,0.11791666666666667,0.006163826216173555,0.0012581857577345977,2018-07-25,Juniper Savanna
9,Addition,24,-0.2831021860004518,0.05979488957728937,0.012205580724201925,0.25483333333333336,0.006611364830920792,0.0013495391949281603,2018-07-25,Juniper Savanna
12,Exclusion,24,-116614.81853510257,82760.23949828226,16893.363146776803,0.05408333333333333,0.005860083592419559,0.001196184554290309,2018-07-25,Juniper Savanna
1,Addition,24,-15.838219265381856,3.1741547854421914,0.6479216324122323,0.15525,0.003892579339338314,7.945694303899101e-4,2018-07-26,Juniper Savanna
2,Ambient,24,-3119.9875522785137,1411.196749145195,288.0593301733434,0.08191666666666667,0.004567528745457405,9.323429009887694e-4,2018-07-26,Juniper Savanna
4,Exclusion,24,-3675.234414462917,1680.9871802482594,343.13007131401076,0.080375,0.004753145411656141,9.70231744317387e-4,2018-07-26,Juniper Savanna
5,Ambient,24,-131.7682080072454,63.37310714464555,12.935981326592387,0.12154166666666667,0.008376878980221415,0.0017099232615490306,2018-07-26,Juniper Savanna
6,Addition,24,-4.316123983516594,0.7156656639625275,0.14608464192819368,0.182,0.0034641016151377574,7.071067811865482e-4,2018-07-26,Juniper Savanna
7,Ambient,24,-242.90685419399588,105.27483458102816,21.48913562328536,0.112125,0.006319827322902451,0.001290029350300869,2018-07-26,Juniper Savanna
8,Exclusion,24,-156.35794419139665,61.469484488695656,12.547405979102475,0.11816666666666667,0.006301598600953271,0.001286308428014322,2018-07-26,Juniper Savanna
9,Addition,24,-0.4451504063077603,0.13981845996179756,0.02854032362734697,0.24170833333333333,0.00851841568585975,0.0017388143206063993,2018-07-26,Juniper Savanna
12,Exclusion,24,-148809.1540345743,109465.47382040322,22344.546275998186,0.05275,0.006116620265985201,0.0012485498835025388,2018-07-26,Juniper Savanna
1,Addition,24,-22.040297728488937,4.231708838187926,0.8637939494655206,0.14904166666666666,0.003676945408383419,7.505533385507409e-4,2018-07-27,Juniper Savanna
2,Ambient,24,-2869.237668374261,1176.1018855879402,240.0707921013012,0.08254166666666667,0.004107037085684568,8.383454345512056e-4,2018-07-27,Juniper Savanna
4,Exclusion,24,-3880.578130652201,1692.0440552829593,345.38704647940517,0.07975,0.0045611783374569954,9.310466293838117e-4,2018-07-27,Juniper Savanna
5,Ambient,24,-211.68717842450852,134.80581423083132,27.517121602162995,0.116125,0.010275815846167538,0.002097542126159686,2018-07-27,Juniper Savanna
6,Addition,24,-7.536636356021056,1.095617393293931,0.22364196390736063,0.169875,0.0029238524318915644,5.968288784441698e-4,2018-07-27,Juniper Savanna
7,Ambient,24,-308.26851390118344,127.19256854827621,25.96307433477074,0.10879166666666666,0.006007091220177718,0.0012261923606490172,2018-07-27,Juniper Savanna
8,Exclusion,24,-177.21962232172174,76.77677010711659,15.671992571783687,0.116625,0.0067811279041302495,0.0013841919371389865,2018-07-27,Juniper Savanna
9,Addition,24,-0.8300649211507097,0.276041076728562,0.05634664883611974,0.224375,0.00991183964849065,0.0020232457959241225,2018-07-27,Juniper Savanna
12,Exclusion,24,-189962.95862144278,139632.37116638527,28502.338411046196,0.051291666666666666,0.006237886812379492,0.0012733033136305017,2018-07-27,Juniper Savanna
1,Addition,24,-34.05731375173449,6.307193339493108,1.2874504492365624,0.14125,0.0034167108516054154,6.974331820886202e-4,2018-07-28,Juniper Savanna
2,Ambient,24,-3094.508000782009,1138.6009262775424,232.41594083668883,0.081625,0.003751086799037452,7.65687386544302e-4,2018-07-28,Juniper Savanna
4,Exclusion,24,-4363.757961295987,1611.1169193976275,328.8678640407434,0.07833333333333334,0.00395261791801296,8.068247539428123e-4,2018-07-28,Juniper Savanna
5,Ambient,24,-210.4924535958086,76.44071086393711,15.603394766022385,0.11395833333333333,0.00656392755349541,0.001339856101221574,2018-07-28,Juniper Savanna
6,Addition,24,-13.862417924130476,2.3231693262929944,0.4742149529585997,0.15766666666666668,0.003116110544819655,6.360734014095206e-4,2018-07-28,Juniper Savanna
7,Ambient,24,-438.3437442991449,175.99571920227177,35.924975746642765,0.10420833333333333,0.005963506166434428,0.0012172955988087805,2018-07-28,Juniper Savanna
8,Exclusion,24,-190.4415512541665,61.43737030716812,12.540850699248344,0.11491666666666667,0.005166082248387209,0.001054522123149894,2018-07-28,Juniper Savanna
9,Addition,24,-1.1850147303296585,0.3245691431339914,0.06625239891088643,0.21420833333333333,0.007857309898469054,0.0016038666668473905,2018-07-28,Juniper Savanna
12,Exclusion,24,-270865.10554177314,179667.4804395425,36674.470870696394,0.04883333333333333,0.0058210014577402824,0.0011882069469550626,2018-07-28,Juniper Savanna
1,Addition,24,-48.38915633632554,8.128581097671615,1.659239668510654,0.13520833333333335,0.0029039578189933766,5.927679075916071e-4,2018-07-29,Juniper Savanna
2,Ambient,24,-3307.2287172438573,1447.43162977563,295.455744209612,0.08133333333333333,0.0046219388616228685,9.434493194430146e-4,2018-07-29,Juniper Savanna
4,Exclusion,24,-4612.730293334503,2117.4714085933015,432.2270413321617,0.07825,0.004901197724070598,0.001000452796038599,2018-07-29,Juniper Savanna
5,Ambient,24,-231.38097285912312,136.36372839079428,27.835129498410154,0.114375,0.009389228333343066,0.0019165682079310864,2018-07-29,Juniper Savanna
6,Addition,24,-23.42377030506153,3.0224433137867743,0.616953657938692,0.14770833333333333,0.0023121449982113217,4.719646214121719e-4,2018-07-29,Juniper Savanna
7,Ambient,24,-521.027062238734,256.57715080160625,52.37359159342227,0.10254166666666667,0.006769362995313432,0.001381790435183022,2018-07-29,Juniper Savanna
8,Exclusion,24,-195.69435146246175,83.62355093368694,17.069585855597737,0.11516666666666667,0.0065850071253249,0.0013441589508031238,2018-07-29,Juniper Savanna
9,Addition,24,-1.5821704628098991,0.4970174923849411,0.10145327079839414,0.20704166666666668,0.008487736251007485,0.0017325519071909818,2018-07-29,Juniper Savanna
12,Exclusion,24,-277861.7748184139,214102.51243944184,43703.49234371005,0.04908333333333333,0.005977615248405589,0.001220175603106151,2018-07-29,Juniper Savanna
1,Addition,24,-73.55785266026052,12.924443807565204,2.6381910448173778,0.12841666666666668,0.002701314763087666,5.514035670176675e-4,2018-07-30,Juniper Savanna
2,Ambient,24,-2833.058955809183,976.6853199620422,199.36505609782742,0.082375,0.003320718884977087,6.778389039514807e-4,2018-07-30,Juniper Savanna
4,Exclusion,24,-4014.292477268216,1562.868400929219,319.0191764496725,0.07916666666666666,0.003930556622454238,8.023215108441792e-4,2018-07-30,Juniper Savanna
5,Ambient,24,-184.13142092430064,76.84336943828968,15.685587103332413,0.115875,0.0062017704344597534,0.0012659310888587618,2018-07-30,Juniper Savanna
6,Addition,24,-38.83221743954486,5.679634787684213,1.1593505962655828,0.13883333333333334,0.002389590954020414,4.877732109433728e-4,2018-07-30,Juniper Savanna
7,Ambient,24,-521.383841588295,220.73520082725605,45.05738419146238,0.10195833333333333,0.005473089634285878,0.0011171897433763496,2018-07-30,Juniper Savanna
8,Exclusion,24,-176.69299632538528,62.6307225811494,12.784442712135354,0.11604166666666667,0.0051539699064994,0.001052049701715288,2018-07-30,Juniper Savanna
9,Addition,24,-1.9000668264278882,0.3328807428649646,0.06794899710148129,0.20141666666666666,0.0043630530462117805,8.906044736595547e-4,2018-07-30,Juniper Savanna
12,Exclusion,24,-270984.3069661074,188381.13740766697,38453.13865115906,0.04858333333333333,0.005046881660268411,0.0010301904049890007,2018-07-30,Juniper Savanna
1,Addition,24,-122.35271384041772,26.02026795133256,5.311364954271581,0.12075,0.0032066506974804997,6.54554832680584e-4,2018-07-31,Juniper Savanna
2,Ambient,24,-3157.9747004572155,1161.9110406517684,237.17409800858627,0.08141666666666666,0.0037056556852965994,7.564137992850158e-4,2018-07-31,Juniper Savanna
4,Exclusion,24,-4466.076795492031,2019.22497274221,412.17257159197385,0.07845833333333334,0.004643641437180683,9.478793391280849e-4,2018-07-31,Juniper Savanna
5,Ambient,24,-228.98417978486884,112.94359256396959,23.05451429154383,0.11341666666666667,0.00737750203198102,0.0015059262962249635,2018-07-31,Juniper Savanna
6,Addition,24,-64.32936024720047,10.795848482779547,2.20369334360082,0.13054166666666667,0.0027183621454146246,5.548833493635998e-4,2018-07-31,Juniper Savanna
7,Ambient,24,-651.8326003797226,329.46359328736526,67.25147436482416,0.099875,0.0068544653804781825,0.0013991618868119753,2018-07-31,Juniper Savanna
8,Exclusion,24,-186.9101947105183,76.07396480804366,15.528533040845952,0.115625,0.006148965978820801,0.001255152424487023,2018-07-31,Juniper Savanna
9,Addition,24,-2.9436314727050727,0.5966378920899105,0.12178819973583438,0.191,0.0049078464240172774,0.0010018099562321184,2018-07-31,Juniper Savanna
12,Exclusion,24,-353922.7894063487,285086.9337594019,58193.126670430196,0.04779166666666667,0.005999849031917145,0.001224714055160719,2018-07-31,Juniper Savanna
1,Addition,24,-204.21494246877512,39.89854230740286,8.144255844498666,0.11333333333333334,0.0028842400350369835,5.887430317956405e-4,2018-08-01,Juniper Savanna
2,Ambient,24,-3731.5981960648583,975.7047262791564,199.16489325048852,0.07941666666666666,0.002636147826340331,5.381014217567343e-4,2018-08-01,Juniper Savanna
4,Exclusion,24,-5148.0845856870255,1507.535682821298,307.7244326625337,0.0765,0.0032168037066250313,6.566273069937436e-4,2018-08-01,Juniper Savanna
5,Ambient,24,-383.0254916235368,179.60545260716756,36.66180949243227,0.10629166666666667,0.006682092660150753,0.001363976452613836,2018-08-01,Juniper Savanna
6,Addition,24,-105.73638925522559,18.892381121913655,3.8563911479065043,0.12283333333333334,0.0027767147724489538,5.667945294790199e-4,2018-08-01,Juniper Savanna
7,Ambient,24,-830.085581560561,325.89064693321666,66.52214974432404,0.09629166666666666,0.0054492054998605205,0.001112314414852169,2018-08-01,Juniper Savanna
8,Exclusion,24,-210.2451610048379,65.35076454982874,13.339668953987005,0.1135,0.00507337465941385,0.001035598265794194,2018-08-01,Juniper Savanna
9,Addition,24,-6.231268822485521,2.5435327718002414,0.5191964529131298,0.175375,0.007998980913352266,0.0016327851416645662,2018-08-01,Juniper Savanna
12,Exclusion,24,-408944.9201723431,273639.26215929986,55856.38049016351,0.046375,0.005379611267675792,0.0010981085516943887,2018-08-01,Juniper Savanna
1,Addition,24,-312.3753445175765,63.347991271661975,12.93085457048786,0.10758333333333334,0.0028729119701803975,5.86430700239658e-4,2018-08-02,Juniper Savanna
2,Ambient,24,-5036.473130574191,1404.0114296867484,286.59263298066963,0.07658333333333334,0.0026851713032013886,5.481082970672951e-4,2018-08-02,Juniper Savanna
4,Exclusion,24,-6443.318004414867,2341.2901224882457,477.91384499287744,0.074625,0.003621343733309863,7.392036941528875e-4,2018-08-02,Juniper Savanna
5,Ambient,24,-558.3139695857027,307.6830313837772,62.805535783583075,0.10220833333333333,0.0077008139980059296,0.0015719220749330536,2018-08-02,Juniper Savanna
6,Addition,24,-162.0806459176357,28.49015206845354,5.815527938500825,0.11654166666666667,0.0026536138880151063,5.41666666666666e-4,2018-08-02,Juniper Savanna
7,Ambient,24,-1138.2916265919362,462.1513305473679,94.33624531578131,0.092625,0.005139890880249268,0.0010491758325162819,2018-08-02,Juniper Savanna
8,Exclusion,24,-246.532156131533,87.94136277297817,17.95095550656537,0.11145833333333333,0.005250086265681876,0.0010716693713762164,2018-08-02,Juniper Savanna
9,Addition,24,-10.187710075204022,2.810741051228051,0.5737401145502266,0.164375,0.006005884795258148,0.0012259461001935235,2018-08-02,Juniper Savanna
12,Exclusion,24,-451220.54391975154,312697.2262509042,63829.05402486172,0.04575,0.0050411351378693335,0.001029017401016233,2018-08-02,Juniper Savanna
1,Addition,24,-421.46598612110165,107.25078816663057,21.892475459964423,0.103875,0.00351781181986757,7.180703308172533e-4,2018-08-03,Juniper Savanna
2,Ambient,24,-5334.235458850639,1726.3306599143793,352.38577034269895,0.07620833333333334,0.003202976423736914,6.538048246933264e-4,2018-08-03,Juniper Savanna
4,Exclusion,24,-6264.887050632428,2647.6996088845835,540.459419494485,0.07508333333333334,0.004031578250314112,8.229424642810143e-4,2018-08-03,Juniper Savanna
5,Ambient,24,-541.2959419503538,358.7117392884035,73.22172716690484,0.10320833333333333,0.008387253095784915,0.0017120408690209673,2018-08-03,Juniper Savanna
6,Addition,24,-199.83841151706764,44.2843655665865,9.039508268417851,0.11370833333333333,0.0031688588903052563,6.468406123441675e-4,2018-08-03,Juniper Savanna
7,Ambient,24,-1175.8425091689253,584.3786158835551,119.28578545904992,0.09283333333333334,0.006267005849593615,0.0012792472122118116,2018-08-03,Juniper Savanna
8,Exclusion,24,-235.00057083519593,97.89381020158052,19.982490330894564,0.11245833333333333,0.006043171976390535,0.0012335573141702802,2018-08-03,Juniper Savanna
9,Addition,24,-11.69263180183171,3.4525688302520208,0.7047526613296035,0.16170833333333334,0.006153678056511283,0.0012561142733178592,2018-08-03,Juniper Savanna
12,Exclusion,24,-430698.32262243895,320694.7530286972,65461.542342348206,0.04633333333333333,0.005394575912466365,0.0011011631970209638,2018-08-03,Juniper Savanna
1,Addition,24,-593.9454910291969,166.13161631827242,33.911474176966564,0.09966666666666667,0.003655450566015042,7.461657222254007e-4,2018-08-04,Juniper Savanna
2,Ambient,24,-5872.685672905361,2182.4076550421837,445.48209713310985,0.07541666666666666,0.003361116101725045,6.860849512899067e-4,2018-08-04,Juniper Savanna
4,Exclusion,24,-6055.250731730017,2512.007511219888,512.7613860439512,0.075375,0.004008821793733547,8.182973220329987e-4,2018-08-04,Juniper Savanna
5,Ambient,24,-504.18330726550005,269.28394048723715,54.9673541766436,0.10316666666666667,0.0070751657941346335,0.0014442121701019322,2018-08-04,Juniper Savanna
6,Addition,24,-251.5294622136352,62.55402402485766,12.76878668489178,0.110625,0.0034365364262139973,7.014800605593289e-4,2018-08-04,Juniper Savanna
7,Ambient,24,-1290.1371976431599,644.2749234332613,131.51206804018258,0.09175,0.006116620265985203,0.0012485498835025392,2018-08-04,Juniper Savanna
8,Exclusion,24,-227.22516220805767,87.16870161725586,17.79323670859964,0.11270833333333333,0.005559787035854699,0.0011348867763654145,2018-08-04,Juniper Savanna
9,Addition,24,-15.227744215801891,4.001036180576314,0.8167080904021721,0.156375,0.005507406080827025,0.0011241945586939585,2018-08-04,Juniper Savanna
12,Exclusion,24,-469682.2996688265,371546.6681088181,75841.64604148465,0.04591666666666667,0.005356155878715765,0.0010933207404718406,2018-08-04,Juniper Savanna
1,Addition,24,-787.9364723533649,244.75433566041198,49.96026955849085,0.09641666666666666,0.004063802745412625,8.295202617985288e-4,2018-08-05,Juniper Savanna
2,Ambient,24,-6024.231444331202,2063.417037805787,421.19323909911043,0.075125,0.003274572657150324,6.684193446406647e-4,2018-08-05,Juniper Savanna
4,Exclusion,24,-5906.096561225541,2437.2444862800644,497.5004474831562,0.075625,0.004105272325871359,8.379852044627945e-4,2018-08-05,Juniper Savanna
5,Ambient,24,-516.1533488607178,256.6106704023873,52.38043375328022,0.10275000000000001,0.006998447032704128,0.0014285520185016777,2018-08-05,Juniper Savanna
6,Addition,24,-305.0948766211874,82.5145021757193,16.843202225857056,0.108125,0.0037336600529914842,7.621301669034949e-4,2018-08-05,Juniper Savanna
7,Ambient,24,-1372.4996198273054,664.6435048162605,135.66978730457433,0.09108333333333334,0.006261800454145458,0.0012781846653153622,2018-08-05,Juniper Savanna
8,Exclusion,24,-218.6522063135893,85.9123975534082,17.536794715415333,0.113375,0.0059986411504751565,0.0012244674973938318,2018-08-05,Juniper Savanna
9,Addition,24,-20.941496244725148,6.481397767298192,1.323009779157893,0.15070833333333333,0.0064705296246279935,0.00132079132882508,2018-08-05,Juniper Savanna
12,Exclusion,24,-454072.9960364304,329607.8280241588,67280.9161571849,0.04608333333333334,0.005563207290971534,0.0011355849330176137,2018-08-05,Juniper Savanna
1,Addition,24,-1214.938475212648,486.19002929189026,99.24312414949485,0.091875,0.005076052043451302,0.0010361447845222962,2018-08-06,Juniper Savanna
2,Ambient,24,-7868.753381772818,3545.8543209949253,723.7944823900401,0.07308333333333333,0.004053089714265407,8.273334734727599e-4,2018-08-06,Juniper Savanna
4,Exclusion,24,-6921.405220234739,3401.710046248248,694.3711555172979,0.0745,0.004681136985632963,9.555330859059091e-4,2018-08-06,Juniper Savanna
5,Ambient,24,-686.0625060760217,403.9967330163997,82.46548780346544,0.09995833333333333,0.008072923971478697,0.001647878705200459,2018-08-06,Juniper Savanna
6,Addition,24,-417.7817343942914,147.40714268366338,30.08935700138416,0.104375,0.004632705097644262,9.456469681682468e-4,2018-08-06,Juniper Savanna
7,Ambient,24,-1965.7761060943642,1276.7913214939585,260.6239371395026,0.08825,0.007752979791807401,0.0015825703730031242,2018-08-06,Juniper Savanna
8,Exclusion,24,-236.80772388465567,110.30661753460583,22.516244017677007,0.11275,0.006954823162194083,0.0014196473332221064,2018-08-06,Juniper Savanna
9,Addition,24,-32.47141607964065,12.062795484579041,2.4623078173973,0.14325,0.007373572079893926,0.0015051240981143832,2018-08-06,Juniper Savanna
12,Exclusion,24,-747711.7673205553,720417.8941225929,147054.6868475624,0.04466666666666667,0.006689814884464727,0.001365552745051215,2018-08-06,Juniper Savanna
1,Addition,24,-1882.198323204445,867.6008846175267,177.0982889750203,0.087375,0.005475736996256659,0.0011177301338757548,2018-08-07,Juniper Savanna
2,Ambient,24,-9260.048743450037,4209.345181481314,859.228987156023,0.07166666666666667,0.004050407029108217,8.267858726581221e-4,2018-08-07,Juniper Savanna
4,Exclusion,24,-7624.878050370532,3963.989747666693,809.1460189506037,0.07379166666666667,0.00497803144841907,0.0010161364143462168,2018-08-07,Juniper Savanna
5,Ambient,24,-832.8214221993389,534.602874682361,109.12535483307033,0.098125,0.00867436252513067,0.001770646835874197,2018-08-07,Juniper Savanna
6,Addition,24,-548.2165036253184,219.4015892212726,44.785161862319626,0.10120833333333333,0.005166608227813498,0.0010546294882506947,2018-08-07,Juniper Savanna
7,Ambient,24,-2437.072566379373,1641.1686049869993,335.0021386744527,0.08625,0.008028481907504709,0.0016388070068794258,2018-08-07,Juniper Savanna
8,Exclusion,24,-251.388350167743,122.26695149579456,24.957636964193096,0.11208333333333333,0.007204567794215646,0.001470626242759771,2018-08-07,Juniper Savanna
9,Addition,24,-50.7024924489597,20.78655476654921,4.243037724038589,0.13595833333333335,0.007843464001079612,0.0016010403848778015,2018-08-07,Juniper Savanna
12,Exclusion,24,-965227.6257988018,923542.5367269128,188517.33089471082,0.043541666666666666,0.006839648901913699,0.0013961374857896528,2018-08-07,Juniper Savanna
1,Addition,24,-2573.2043422171437,1037.2527950666295,211.72834018240758,0.083875,0.004998369299298912,0.001020287860772919,2018-08-08,Juniper Savanna
2,Ambient,24,-9653.108625319337,3065.5078963241754,625.7441790389089,0.07083333333333333,0.0029733112366761923,6.06924614695025e-4,2018-08-08,Juniper Savanna
4,Exclusion,24,-7469.268849564302,3290.4633521978926,671.6630191843909,0.073625,0.00437197100113697,8.92424843585876e-4,2018-08-08,Juniper Savanna
5,Ambient,24,-824.3737151051846,454.29926503912634,92.73344915560638,0.0975,0.007604346583140576,0.0015522307463309293,2018-08-08,Juniper Savanna
6,Addition,24,-636.0367129879279,204.86700157810716,41.81830158335989,0.09904166666666667,0.0043186065251236494,8.81531865533907e-4,2018-08-08,Juniper Savanna
7,Ambient,24,-2507.737580317244,1308.987283595251,267.1959103833486,0.08491666666666667,0.0065535696656340535,0.0013377418062154665,2018-08-08,Juniper Savanna
8,Exclusion,24,-239.96890191591578,93.4570395374486,19.076838311488522,0.11208333333333333,0.00597761524840559,0.0012201756031061512,2018-08-08,Juniper Savanna
9,Addition,24,-79.44701127746302,32.001353089642066,6.532248845688418,0.12870833333333334,0.007748655797405552,0.0015816877413418592,2018-08-08,Juniper Savanna
12,Exclusion,24,-817941.252356071,612393.6564607616,125004.33167051007,0.043291666666666666,0.005930607173744976,0.0012105801200470545,2018-08-08,Juniper Savanna
1,Addition,24,-4020.5528521936203,1384.7856917472784,282.6681956573222,0.07908333333333334,0.00395536692814104,8.073858932854405e-4,2018-08-09,Juniper Savanna
2,Ambient,24,-12912.539811116043,3564.8734637150806,727.6767486408359,0.06820833333333333,0.00243130250772255,4.962875461891171e-4,2018-08-09,Juniper Savanna
4,Exclusion,24,-8693.295733264811,2836.3797620310706,578.9735944777417,0.07179166666666667,0.0031482109020931166,6.426258593996055e-4,2018-08-09,Juniper Savanna
5,Ambient,24,-1029.601479922995,391.43503731406406,79.90134240556254,0.09366666666666666,0.005010134656410179,0.0010226894542366047,2018-08-09,Juniper Savanna
6,Addition,24,-854.5681947300645,225.3670609822719,46.00285868643884,0.09525,0.003339487073345769,6.816699443597898e-4,2018-08-09,Juniper Savanna
7,Ambient,24,-3432.0110531299565,1483.2284180847182,302.76273302525306,0.08108333333333333,0.005089773777040515,0.0010389457216622947,2018-08-09,Juniper Savanna
8,Exclusion,24,-279.4258087976518,84.79961534903029,17.30964899911739,0.1095,0.004510856469336677,9.207747210672777e-4,2018-08-09,Juniper Savanna
9,Addition,24,-126.993831393437,45.80528827107058,9.3499653154345,0.121125,0.006415419604020627,0.0013095420429748872,2018-08-09,Juniper Savanna
12,Exclusion,24,-1044125.46087933,723573.6654558694,147698.85597351493,0.041375,0.004798663763282804,9.795231389355462e-4,2018-08-09,Juniper Savanna
1,Addition,24,-5363.340881050281,2609.468864557212,532.6556014870798,0.07704166666666666,0.005376916577747695,0.0010975585004161508,2018-08-10,Juniper Savanna
2,Ambient,24,-16280.40482556019,6592.105890829032,1345.6079802438567,0.06670833333333333,0.0035074971463828807,7.159648569088445e-4,2018-08-10,Juniper Savanna
4,Exclusion,24,-10848.138602235544,4515.036426457263,921.6279512416235,0.07025,0.004078043008920906,8.32427043415034e-4,2018-08-10,Juniper Savanna
5,Ambient,24,-1826.18262052131,900.3730506815772,183.7878793602435,0.08804166666666667,0.006504039993103059,0.0013276316041464598,2018-08-10,Juniper Savanna
6,Addition,24,-1092.7045708333915,407.011438406601,83.08086196436636,0.092875,0.004580796399336468,9.350511494960662e-4,2018-08-10,Juniper Savanna
7,Ambient,24,-4377.177969593471,2334.291002382894,476.48515558399686,0.07945833333333333,0.006500696729660175,0.001326949163353896,2018-08-10,Juniper Savanna
8,Exclusion,24,-335.19869660749237,116.5728656596878,23.79533656002056,0.107375,0.00537152314242108,0.0010964575700402417,2018-08-10,Juniper Savanna
9,Addition,24,-218.13167685542516,103.01895025325359,21.028655163136264,0.11441666666666667,0.008752225389885841,0.001786540526587656,2018-08-10,Juniper Savanna
12,Exclusion,24,-1329825.1394813678,1193859.182477052,243695.48515042083,0.041541666666666664,0.0062899448166976344,0.0012839296092644228,2018-08-10,Juniper Savanna
1,Addition,24,-5865.903707006218,2448.454752542825,499.7887335018646,0.07579166666666666,0.004442670237658849,9.068562648094547e-4,2018-08-11,Juniper Savanna
2,Ambient,24,-17841.343417540633,7098.721109284562,1449.02037867258,0.06591666666666667,0.003348155451518975,6.834393696449426e-4,2018-08-11,Juniper Savanna
4,Exclusion,24,-11791.453816867317,5659.367583093315,1155.2135704522252,0.06979166666666667,0.004481645337098442,9.148120236678912e-4,2018-08-11,Juniper Savanna
5,Ambient,24,-3438.1143858340265,2844.8357167945933,580.6996590159656,0.08529166666666667,0.01119580343221306,0.002285333805785216,2018-08-11,Juniper Savanna
6,Addition,24,-1243.74095163873,417.9004030823513,85.3035625712646,0.09120833333333334,0.003934011855010397,8.030268072362826e-4,2018-08-11,Juniper Savanna
7,Ambient,24,-4586.594239199197,2481.173837049913,506.4674886596452,0.07891666666666666,0.006121357242699827,0.0012495168148253955,2018-08-11,Juniper Savanna
8,Exclusion,24,-358.3427391464747,161.5274257061974,32.97164770379187,0.10708333333333334,0.006500278700825512,0.001326863833575338,2018-08-11,Juniper Savanna
9,Addition,24,-360.14195692341065,246.0323986810178,50.22115308012456,0.10970833333333334,0.011121773265972927,0.0022702224613800714,2018-08-11,Juniper Savanna
12,Exclusion,24,-904167.7554867658,710328.7192861487,144995.24265797774,0.042624999999999996,0.0054198708471697,0.0011063265039459797,2018-08-11,Juniper Savanna
1,Addition,24,-7790.015959233832,3843.8159200433483,784.615639107739,0.07354166666666667,0.00497803144841907,0.0010161364143462168,2018-08-12,Juniper Savanna
2,Ambient,24,-21028.969112019913,8682.997243943168,1772.4093904711162,0.064625,0.0033075999442653834,6.751610113923558e-4,2018-08-12,Juniper Savanna
4,Exclusion,24,-11074.715520664484,5358.951078206515,1093.8913081786427,0.07025,0.004265636198026388,8.707193427925227e-4,2018-08-12,Juniper Savanna
5,Ambient,24,-1688.6479029861441,956.9487111003868,195.33633768416504,0.08925,0.006803132270921401,0.0013886835597016,2018-08-12,Juniper Savanna
6,Addition,24,-1436.9021127699586,568.8486042177663,116.11573510232886,0.089875,0.004561774063749283,9.311682315040171e-4,2018-08-12,Juniper Savanna
7,Ambient,24,-4939.823595482464,3037.6184639169433,620.0512724877789,0.0785,0.006433607413250055,0.0013132546139874854,2018-08-12,Juniper Savanna
8,Exclusion,24,-324.311549875413,132.5813368182105,27.063052051724032,0.10804166666666667,0.005729247364385558,0.0011694777210774986,2018-08-12,Juniper Savanna
9,Addition,24,-274.4110966346196,147.37442043617332,30.082677600585182,0.1115,0.008459622768853488,0.0017268132666768041,2018-08-12,Juniper Savanna
12,Exclusion,24,-1083299.1087262572,1017301.4542031912,207655.78978242734,0.042416666666666665,0.006121357242699826,0.0012495168148253953,2018-08-12,Juniper Savanna
1,Addition,24,-8517.209053270892,3879.887373524824,791.9786937169185,0.07254166666666667,0.004539480593412753,9.266175959273196e-4,2018-08-13,Juniper Savanna
2,Ambient,24,-21234.210945120452,7910.230289855327,1614.6689965044527,0.06441666666666666,0.0030060325820020625,6.136038313405071e-4,2018-08-13,Juniper Savanna
4,Exclusion,24,-10464.863588764598,4458.075643439175,910.0008800963147,0.07050000000000001,0.0038107399715061586,7.778640393848497e-4,2018-08-13,Juniper Savanna
5,Ambient,24,-1640.3322858594943,856.1296490088271,174.75673281164038,0.08933333333333333,0.006505293273920104,0.0013278874290219747,2018-08-13,Juniper Savanna
6,Addition,24,-1432.3440209121097,515.1234446384276,105.14913282574723,0.08975,0.004183300132670377,8.539125638299665e-4,2018-08-13,Juniper Savanna
7,Ambient,24,-4546.793842802279,2436.9764650245024,497.44573787346064,0.078875,0.005870430693036001,0.0011982966473592692,2018-08-13,Juniper Savanna
8,Exclusion,24,-310.8861307626305,121.1482706556895,24.729287193919312,0.10854166666666666,0.0056873556678612635,0.0011609266143321614,2018-08-13,Juniper Savanna
9,Addition,24,-295.64311462393135,144.0540200121712,29.404903702208006,0.110125,0.007836994210848287,0.0015997197444770023,2018-08-13,Juniper Savanna
12,Exclusion,24,-939790.988537035,785774.6185409001,160395.57235460827,0.042583333333333334,0.005609903251639338,0.001145116706074713,2018-08-13,Juniper Savanna
1,Addition,24,-10751.163705823796,4528.569891405208,924.3904582061491,0.07029166666666667,0.003939533923731571,8.041539947939042e-4,2018-08-14,Juniper Savanna
2,Ambient,24,-27190.43121766623,6382.649001294424,1302.8527717046657,0.06216666666666667,0.002035909510816208,4.1557828866491836e-4,2018-08-14,Juniper Savanna
4,Exclusion,24,-12219.997569911186,3893.1105211328468,794.6778574196818,0.06883333333333333,0.0030168608312884275,6.158141384704446e-4,2018-08-14,Juniper Savanna
5,Ambient,24,-2383.000521713428,1095.93476584797,223.70674730867393,0.08479166666666667,0.005191792575298779,0.0010597702216543518,2018-08-14,Juniper Savanna
6,Addition,24,-1758.2565881433263,400.55011128403294,81.76194908840827,0.08708333333333333,0.0028880061824976965,5.89511793426876e-4,2018-08-14,Juniper Savanna
7,Ambient,24,-5163.979916054217,1991.5140203426133,406.51609711984344,0.076875,0.004347037972048876,8.873354103352259e-4,2018-08-14,Juniper Savanna
8,Exclusion,24,-367.22472886714087,103.24087696896935,21.073955764285873,0.10579166666666666,0.0041386740857919475,8.448033101558269e-4,2018-08-14,Juniper Savanna
9,Addition,24,-503.10691951263334,250.25309262570306,51.08269862386902,0.10304166666666667,0.007159543139824949,0.0014614356236679071,2018-08-14,Juniper Savanna
12,Exclusion,24,-950358.6232231632,687512.4836382611,140337.89805894234,0.041749999999999995,0.004570700640801811,9.329903614147114e-4,2018-08-14,Juniper Savanna
1,Addition,24,-9369.786574624653,6257.89735529542,1277.3879485988425,0.07345833333333333,0.0075179736323182115,0.0015345999415731543,2018-08-15,Juniper Savanna
2,Ambient,24,-30386.492482062065,13908.258637681858,2839.0114060814376,0.06204166666666667,0.003883959954419747,7.928100058109826e-4,2018-08-15,Juniper Savanna
4,Exclusion,24,-17375.491316267107,8923.853944088158,1821.5740585115961,0.06679166666666667,0.004827270059970132,9.85362374795098e-4,2018-08-15,Juniper Savanna
5,Ambient,24,-4610.3231741857235,3180.61316088677,649.2399427794438,0.08083333333333333,0.0094255280865395,0.0019239778640244387,2018-08-15,Juniper Savanna
6,Addition,24,-1979.6174927740856,727.5350089622777,148.5074618307306,0.08633333333333333,0.004330545368473326,8.839688717277177e-4,2018-08-15,Juniper Savanna
7,Ambient,24,-6260.650069711203,3765.3874393172246,768.60649251768,0.0765,0.006928203230275508,0.0014142135623730948,2018-08-15,Juniper Savanna
8,Exclusion,24,-541.1754925776016,263.9826237049245,53.88522741985034,0.10212500000000001,0.006923887447908461,0.0014133326069864145,2018-08-15,Juniper Savanna
9,Addition,24,-972.4271493494589,578.8087887380713,118.14884925388843,0.09625,0.008857568613289455,0.0018080436220208951,2018-08-15,Juniper Savanna
12,Exclusion,24,-720070.1602782987,517968.6332886915,105729.90452700594,0.043333333333333335,0.004887131875754376,9.975816167740882e-4,2018-08-15,Juniper Savanna
1,Addition,24,-3213.052736613271,1967.329150349229,401.5793812048985,0.08304166666666667,0.007309785975970347,0.0014921038141733074,2018-08-16,Juniper Savanna
2,Ambient,24,-26910.301272896384,13300.248049636759,2714.901764504768,0.06308333333333334,0.004085144525852355,8.338766344885162e-4,2018-08-16,Juniper Savanna
4,Exclusion,24,-12574.107957674465,5921.535835540335,1208.7284408899222,0.06920833333333333,0.0044033501738588955,8.988300903958242e-4,2018-08-16,Juniper Savanna
5,Ambient,24,-2570.408476822693,1637.5953721282872,334.27275557145344,0.08595833333333333,0.00887340514349366,0.0018112762402122682,2018-08-16,Juniper Savanna
6,Addition,24,-1709.2731549752916,779.1594209477321,159.04525080036254,0.088375,0.0054038030086709975,0.0011030466701467073,2018-08-16,Juniper Savanna
7,Ambient,24,-4600.376623415418,2924.9790364413393,597.0588456349071,0.07958333333333333,0.007246688399098114,0.0014792240752280568,2018-08-16,Juniper Savanna
8,Exclusion,24,-373.1829563059443,160.77816281323288,32.818705056211485,0.10645833333333334,0.006358692555430932,0.0012979626826699854,2018-08-16,Juniper Savanna
9,Addition,24,-673.4556522967508,450.8778339415843,92.03505245735066,0.10170833333333333,0.010840660844073664,0.002212840628545806,2018-08-16,Juniper Savanna
12,Exclusion,24,-489278.1968430896,359298.8940229699,73341.57962521708,0.04575,0.005697062553556037,0.0011629080240774712,2018-08-16,Juniper Savanna
1,Addition,24,-1422.8415422508938,1060.7873588686855,216.53231290190863,0.10083333333333333,0.024549270186029287,0.005011098792790969,2018-08-17,Juniper Savanna
2,Ambient,24,-24737.687794015474,9299.369867312265,1898.2259253606967,0.06325,0.003053864266224312,6.233674329973774e-4,2018-08-17,Juniper Savanna
4,Exclusion,24,-10294.072193127031,4983.954420958414,1017.3454360530425,0.07095833333333333,0.004496173896786567,9.177776534956807e-4,2018-08-17,Juniper Savanna
5,Ambient,24,-2529.0730234056855,1875.5330818035616,382.8415871773623,0.08670833333333333,0.009019202541952013,0.0018410370095496187,2018-08-17,Juniper Savanna
6,Addition,24,-1087.3918621224304,829.0455242151745,169.2282089887811,0.132125,0.06898790851837103,0.014082097857651174,2018-08-17,Juniper Savanna
7,Ambient,24,-3079.247812352893,2548.8527019477438,520.2823791071824,0.10158333333333333,0.03803878646016877,0.0077646347718419205,2018-08-17,Juniper Savanna
8,Exclusion,24,-346.2435431930022,108.12202837108077,22.070316621989512,0.10666666666666666,0.004400263496721501,8.982000250635465e-4,2018-08-17,Juniper Savanna
9,Addition,24,-435.4013880850983,389.49963694455033,79.50628045945399,0.14170833333333333,0.06851434579495118,0.013985432271519391,2018-08-17,Juniper Savanna
12,Exclusion,24,-379935.1603410486,364633.71500493656,74430.5453981264,0.08070833333333333,0.05790658081297216,0.011820131311751709,2018-08-17,Juniper Savanna
1,Addition,24,-20.83806617147864,5.698874092123793,1.163277802839169,0.1505,0.0054213747654839484,0.0011066334899863743,2018-08-18,Juniper Savanna
2,Ambient,24,-12239.384422733474,9357.71763023868,1910.1361125942465,0.07216666666666667,0.00860569410416689,0.001756629953140539,2018-08-18,Juniper Savanna
4,Exclusion,24,-4779.611187784768,2806.4642242456866,572.8671108981466,0.07879166666666666,0.006426704928023697,0.0013118456500906793,2018-08-18,Juniper Savanna
5,Ambient,24,-699.571883788098,426.6030755172267,87.07998814326704,0.10020833333333333,0.008866052337876821,0.0018097753550506742,2018-08-18,Juniper Savanna
6,Addition,24,-1.0093206931353889,0.18961911667041872,0.03870584010998312,0.21779166666666666,0.005047420061314727,0.0010303003056423721,2018-08-18,Juniper Savanna
7,Ambient,24,-4.300697042716902,0.8938629426375988,0.1824590091203989,0.18233333333333332,0.0049048925589142926,0.0010012070010428412,2018-08-18,Juniper Savanna
8,Exclusion,24,-324.41740312256877,150.1802322362586,30.655411535959256,0.1085,0.006795138927459707,0.0013870519252999368,2018-08-18,Juniper Savanna
9,Addition,24,-0.32940496780972534,0.09525070349524788,0.019442968433707627,0.25054166666666666,0.007706457860367709,0.0015730741235134586,2018-08-18,Juniper Savanna
12,Exclusion,24,-12.93695961431293,4.330851123395586,0.8840312836898745,0.15995833333333334,0.006810983244262406,0.0013902861329240714,2018-08-18,Juniper Savanna
1,Addition,24,-25.40186470104596,6.425884839421898,1.3116782502058226,0.14675,0.004838702664791554,9.876960454820451e-4,2018-08-19,Juniper Savanna
2,Ambient,24,-2874.57785038751,1681.7501245009407,343.285806657449,0.08395833333333333,0.007055550800713525,0.0014402082763361184,2018-08-19,Juniper Savanna
4,Exclusion,24,-2286.8086867900283,1542.7486004181885,314.9122393681214,0.08716666666666667,0.008421848741926209,0.0017191026757183052,2018-08-19,Juniper Savanna
5,Ambient,24,-294.8391714924483,214.3454324345067,43.75307818006241,0.11354166666666667,0.013014971869106103,0.0026566700079989174,2018-08-19,Juniper Savanna
6,Addition,24,-1.7810651374549402,0.27027910257372395,0.055170490786914946,0.20291666666666666,0.003752293984341775,7.659338022126835e-4,2018-08-19,Juniper Savanna
7,Ambient,24,-5.4269761611326555,1.3630223114289461,0.2782257642524852,0.17741666666666667,0.005663895315498646,0.0011561377899593022,2018-08-19,Juniper Savanna
8,Exclusion,24,-260.9435108240185,156.90775606437793,32.02866158690156,0.11275,0.009241917738124533,0.0018864985585984961,2018-08-19,Juniper Savanna
9,Addition,24,-0.770159670290861,0.15719608001846233,0.03208751546757893,0.22525,0.005620227443950928,0.0011472241230055266,2018-08-19,Juniper Savanna
12,Exclusion,24,-30.929187812177165,10.94496743152033,2.2341321215504166,0.14391666666666666,0.006870963900904746,0.0014025296331916391,2018-08-19,Juniper Savanna
1,Addition,24,-36.38474013502148,6.209211970387007,1.2674500860191251,0.14004166666666668,0.003014157415852094,6.152623061052963e-4,2018-08-20,Juniper Savanna
2,Ambient,24,-1421.4918496351997,598.3901011565738,122.14586791383466,0.09016666666666667,0.004984032474828482,0.0010173613687325521,2018-08-20,Juniper Savanna
4,Exclusion,24,-1089.2792989606714,549.4995343935308,112.16612276342383,0.09370833333333334,0.006230912883544343,0.0012718797663681186,2018-08-20,Juniper Savanna
5,Ambient,24,-130.53763829552608,75.388014001762,15.388513918842554,0.1225,0.009618822128017278,0.0019634338450195154,2018-08-20,Juniper Savanna
6,Addition,24,-3.206184010296449,0.450284377617845,0.09191391369253489,0.18870833333333334,0.0031961820520966804,6.524179293898757e-4,2018-08-20,Juniper Savanna
7,Ambient,24,-7.318371036965623,1.371966596647934,0.28005150882752167,0.17066666666666666,0.00398548089582856,8.135328811991975e-4,2018-08-20,Juniper Savanna
8,Exclusion,24,-172.52981398045287,78.96452192159776,16.118565540894263,0.117125,0.006923887447908461,0.0014133326069864145,2018-08-20,Juniper Savanna
9,Addition,24,-1.4876518499247475,0.3037545449591358,0.06200363685009791,0.20775,0.005407321928162087,0.0011037649665799657,2018-08-20,Juniper Savanna
12,Exclusion,24,-61.57280592013977,18.69354042921163,3.815802961471378,0.131875,0.005277618863613139,0.0010772894393949498,2018-08-20,Juniper Savanna
1,Addition,24,-36.139370346713534,14.109930944425669,2.88017759331247,0.14495833333333333,0.019107201389202348,0.003900241151345304,2018-08-21,Juniper Savanna
2,Ambient,24,-1005.1204493863903,453.0202535333499,92.47237202524795,0.09725,0.0160006793334044,0.0032661249920614053,2018-08-21,Juniper Savanna
4,Exclusion,24,-713.1651290076744,365.61430903482466,74.63070831629685,0.1105,0.04069291146475343,0.008306405769741461,2018-08-21,Juniper Savanna
5,Ambient,24,-92.91455972544229,45.352226352637985,9.257484438597308,0.12808333333333333,0.013180739131701643,0.002690507108783669,2018-08-21,Juniper Savanna
6,Addition,24,-4.755785378611621,2.012148862185842,0.4107281665730886,0.191375,0.03926145637290777,0.008014211222680569,2018-08-21,Juniper Savanna
7,Ambient,24,-8.885019495305562,3.569806996768462,0.7286838018583308,0.17395833333333333,0.02744873350474467,0.005602949264355086,2018-08-21,Juniper Savanna
8,Exclusion,24,-129.07522538137545,62.67053807659146,12.792570016109451,0.130625,0.036057698327758694,0.00736024685018459,2018-08-21,Juniper Savanna
9,Addition,24,-2.124190061858889,0.904743991227813,0.1846800938631035,0.21050000000000002,0.040601991812353674,0.008287846873410576,2018-08-21,Juniper Savanna
12,Exclusion,24,-98.27270223629037,50.52876818223297,10.314141614820723,0.144375,0.05611386909087473,0.011454195563831307,2018-08-21,Juniper Savanna
1,Addition,24,-5.317170156730572,0.7570256340142825,0.15452721046182644,0.177375,0.003572996550211896,7.293348667286434e-4,2018-08-22,Juniper Savanna
2,Ambient,24,-13.165151230280419,1.0252990497854046,0.20928829214455733,0.15845833333333334,0.0015597983890531359,3.1839251289961516e-4,2018-08-22,Juniper Savanna
4,Exclusion,24,-0.7602858514731328,0.1353568908812328,0.02762960965238347,0.2255,0.00522535623915604,0.001066621375850067,2018-08-22,Juniper Savanna
5,Ambient,24,-1.6926920166159558,0.42396967438880045,0.08654244738887422,0.20458333333333334,0.005444715560636002,0.0011113979098458207,2018-08-22,Juniper Savanna
6,Addition,24,-0.5660764982919947,0.12572807880052522,0.025664136616810142,0.23429166666666668,0.007843464001079613,0.0016010403848778017,2018-08-22,Juniper Savanna
7,Ambient,24,-0.9533207034203125,0.1727228122279304,0.0352568964080817,0.21941666666666668,0.005911791214371399,0.0012067393284232043,2018-08-22,Juniper Savanna
8,Exclusion,24,-0.327400353543464,0.054543575838053554,0.011133660795835715,0.25004166666666666,0.00517081413711417,0.0010554880158916175,2018-08-22,Juniper Savanna
9,Addition,24,-0.053312869127774845,0.0051114912254487666,0.0010433787772552478,0.31225,0.0038021732915702908,7.761153731654652e-4,2018-08-22,Juniper Savanna
12,Exclusion,24,-0.6304371015644282,0.15842148616933316,0.03233765045068739,0.23141666666666666,0.008423139281901896,0.00171936610608773,2018-08-22,Juniper Savanna
1,Addition,24,-4.952947951214533,1.9552122013391697,0.39910601934540124,0.18091666666666667,0.010282601035631554,0.002098927147159265,2018-08-23,Juniper Savanna
2,Ambient,24,-10.054316845514288,4.533548250749015,0.925406661551861,0.16679166666666667,0.01173615434631718,0.0023956324742520126,2018-08-23,Juniper Savanna
4,Exclusion,24,-0.7993069701273617,0.3152533865238308,0.06435082805564868,0.22666666666666666,0.013541134326214318,0.0027640724698092646,2018-08-23,Juniper Savanna
5,Ambient,24,-1.0356414051610878,0.38829958779624413,0.07926132145281968,0.21920833333333334,0.01226156655948797,0.0025028817931599173,2018-08-23,Juniper Savanna
6,Addition,24,-0.5870355131285101,0.28429009338610556,0.058030472310344784,0.23779166666666668,0.019600308708009564,0.004000896261304437,2018-08-23,Juniper Savanna
7,Ambient,24,-0.9327689332712182,0.4177511604082232,0.08527309853797607,0.22358333333333333,0.016151232734394606,0.003296856576350291,2018-08-23,Juniper Savanna
8,Exclusion,24,-0.37708822146412674,0.1137609567032828,0.023221358047824374,0.24704166666666666,0.010481781987009107,0.0021395847886056907,2018-08-23,Juniper Savanna
9,Addition,24,-0.057664570257352075,0.009977800875439154,0.0020367100749934352,0.3097083333333333,0.006937479599134392,0.0014161070932372708,2018-08-23,Juniper Savanna
12,Exclusion,24,-0.7536425756017128,0.23660102239906183,0.04829598145820958,0.22691666666666666,0.00969498600428017,0.0019789807311592286,2018-08-23,Juniper Savanna
1,Addition,24,-4.478687422001491,0.6028989811588678,0.12306623919025628,0.18108333333333332,0.002932822748711953,5.986599366975913e-4,2018-08-24,Juniper Savanna
2,Ambient,24,-6.811605718288667,0.8762087115129128,0.1788553542823454,0.17195833333333332,0.002678077939357876,5.46660370235919e-4,2018-08-24,Juniper Savanna
4,Exclusion,24,-0.5874641119774775,0.07714002719204203,0.015746142113743537,0.2325,0.0035995168757946396,7.347483055194934e-4,2018-08-24,Juniper Savanna
5,Ambient,24,-0.7776893685659824,0.09705129476194643,0.01981051258693455,0.22458333333333333,0.0032693127407914754,6.673456687099232e-4,2018-08-24,Juniper Savanna
6,Addition,24,-0.527529051859054,0.06540094553259583,0.013349912104201235,0.23558333333333334,0.0035742638848916177,7.295935603368643e-4,2018-08-24,Juniper Savanna
7,Ambient,24,-0.8710675567937503,0.14178021186992298,0.028940764558750182,0.22162500000000002,0.004261174567610697,8.698086162975789e-4,2018-08-24,Juniper Savanna
8,Exclusion,24,-0.29586288722224596,0.03767602931655584,0.007690587279975154,0.25295833333333334,0.0037122496011784147,7.577597767281226e-4,2018-08-24,Juniper Savanna
9,Addition,24,-0.050638859502509494,0.005288077078774445,0.001079424213625403,0.31425000000000003,0.0038701758189474086,7.899963309399304e-4,2018-08-24,Juniper Savanna
12,Exclusion,24,-0.6913757459967508,0.11291530897573288,0.02304874092827092,0.228,0.004201449025401059,8.57617191045523e-4,2018-08-24,Juniper Savanna
1,Addition,24,-6.708143227858218,1.0571523329595807,0.21579031634531667,0.17241666666666666,0.003670288066726312,7.491944143754669e-4,2018-08-25,Juniper Savanna
2,Ambient,24,-10.488492309849104,1.4903218456536178,0.3042106728645193,0.16312500000000002,0.0030689539359315225,6.26447598928194e-4,2018-08-25,Juniper Savanna
4,Exclusion,24,-1.0054532692128344,0.12004799609543132,0.024504694589786172,0.21758333333333332,0.0031195967781062718,6.367850257992303e-4,2018-08-25,Juniper Savanna
5,Ambient,24,-1.1874371740975862,0.10205849525460747,0.02083260310750389,0.21308333333333332,0.002263446134944923,4.6202400757415154e-4,2018-08-25,Juniper Savanna
6,Addition,24,-0.9373223737058941,0.2340659908948319,0.04777852031927263,0.22012500000000002,0.006442471170491085,0.0013150639208578542,2018-08-25,Juniper Savanna
7,Ambient,24,-1.4555308362077313,0.13662461483398344,0.027888382720628744,0.20783333333333331,0.002461294581006663,5.024096525119701e-4,2018-08-25,Juniper Savanna
8,Exclusion,24,-0.5033058080545484,0.058422829698529376,0.011925510174243013,0.23691666666666666,0.0033089689273728164,6.754404538989974e-4,2018-08-25,Juniper Savanna
9,Addition,24,-0.07303636333917389,0.003885813236691519,7.931883054705816e-4,0.30025,0.0019836286468731135,4.0490650200054727e-4,2018-08-25,Juniper Savanna
12,Exclusion,24,-1.1648475503029414,0.21803772839329164,0.0445067649365927,0.214,0.005107539184552496,0.0010425720702853748,2018-08-25,Juniper Savanna
1,Addition,24,-7.73788198148824,1.3980505063866986,0.2853758646072539,0.1695,0.004043244500021789,8.253238275306561e-4,2018-08-26,Juniper Savanna
2,Ambient,24,-12.466386469617376,1.643884080421866,0.33555643277649316,0.15966666666666668,0.0028539319431675134,5.825564184491741e-4,2018-08-26,Juniper Savanna
4,Exclusion,24,-1.3959516395259806,0.13816661221887608,0.028203141618769825,0.20891666666666667,0.0025693285650851137,5.24461997167984e-4,2018-08-26,Juniper Savanna
5,Ambient,24,-1.365249750435415,0.13919975614304944,0.028414031239193276,0.2095,0.002686520296656595,5.483836592032626e-4,2018-08-26,Juniper Savanna
6,Addition,24,-1.233861162440663,0.21373754339052523,0.043628993348563835,0.21245833333333333,0.005038798741130989,0.0010285404860290958,2018-08-26,Juniper Savanna
7,Ambient,24,-1.6843305474226025,0.17996447945021124,0.036735095539883876,0.20416666666666666,0.0027293360662107528,5.571233915659524e-4,2018-08-26,Juniper Savanna
8,Exclusion,24,-0.70492117849691,0.0707331541364783,0.014438344627667094,0.22725,0.0028322674892098023,5.781341803031397e-4,2018-08-26,Juniper Savanna
9,Addition,24,-0.08563786301901087,0.005951335316852907,0.001214811234541206,0.2944583333333333,0.002413353551040305,4.926237307485489e-4,2018-08-26,Juniper Savanna
12,Exclusion,24,-1.5835858750033474,0.2946551394487115,0.060146228478163824,0.20608333333333334,0.00508977377704051,0.0010389457216622936,2018-08-26,Juniper Savanna
1,Addition,24,-8.624141487667519,2.07092681781772,0.42272616652492606,0.16754166666666667,0.005225182889802422,0.0010665859910614333,2018-08-27,Juniper Savanna
2,Ambient,24,-12.691055140576829,3.506713836919392,0.7158049645341578,0.15995833333333334,0.005652849736630861,0.0011538831206143237,2018-08-27,Juniper Savanna
4,Exclusion,24,-1.5845580628115867,0.2265518877864546,0.046244710445090514,0.20583333333333334,0.00369096036361772,7.534141293084063e-4,2018-08-27,Juniper Savanna
5,Ambient,24,-1.6500607952131605,0.27029654517385293,0.0551740512427569,0.20491666666666666,0.004373006792333742,8.926362735785557e-4,2018-08-27,Juniper Savanna
6,Addition,24,-1.2752876971838183,0.19741714672797525,0.040297606329974756,0.21145833333333333,0.004096437122848256,8.361817261977533e-4,2018-08-27,Juniper Savanna
7,Ambient,24,-2.118721831069864,0.3105911994047921,0.06339916309506358,0.198625,0.0037278330341412487,7.609407316614402e-4,2018-08-27,Juniper Savanna
8,Exclusion,24,-0.8423381940552568,0.12324471622359212,0.025157222353492707,0.2225,0.004128374772337124,8.427009716003853e-4,2018-08-27,Juniper Savanna
9,Addition,24,-0.1300472015509354,0.022088436130806622,0.004508783144711015,0.28008333333333335,0.00527435688778357,0.0010766235913669717,2018-08-27,Juniper Savanna
12,Exclusion,24,-1.8646380981937025,0.47183092126379517,0.09631208349696697,0.20241666666666666,0.006813775475599704,0.0013908560947590873,2018-08-27,Juniper Savanna
1,Addition,24,-10.13404066150636,1.8529462605476505,0.37823107159499303,0.16395833333333334,0.0038389215726007918,7.83616584619559e-4,2018-08-28,Juniper Savanna
2,Ambient,24,-12.38498503215479,1.6969382454155,0.34638606885681256,0.15979166666666667,0.002750164685450939,5.613750156647167e-4,2018-08-28,Juniper Savanna
4,Exclusion,24,-1.8022202368363576,0.25222856220573825,0.05148593966332539,0.20258333333333334,0.0035252710862973356,7.195929472012864e-4,2018-08-28,Juniper Savanna
5,Ambient,24,-1.9632381813267572,0.3890275086679907,0.07940990767856143,0.20075,0.005126656678153131,0.0010464744123255814,2018-08-28,Juniper Savanna
6,Addition,24,-1.6349769556688787,0.15495368529523765,0.031629788561428104,0.204875,0.0023277625009587052,4.751525308111389e-4,2018-08-28,Juniper Savanna
7,Ambient,24,-2.8148588941573696,0.44096812724926676,0.0900122420492822,0.19183333333333333,0.0037840243894179874,7.724107440267283e-4,2018-08-28,Juniper Savanna
8,Exclusion,24,-1.0093589624265964,0.13540987529050122,0.027640425049636007,0.21754166666666666,0.0036113247800034116,7.371585838730895e-4,2018-08-28,Juniper Savanna
9,Addition,24,-0.2432934476043388,0.03265275890430409,0.006665216500805413,0.25916666666666666,0.004177232979176391,8.526741113090157e-4,2018-08-28,Juniper Savanna
12,Exclusion,24,-2.2426193886876336,0.4767716410141247,0.09732060369283352,0.19758333333333333,0.005492419017761355,0.0011211353372561415,2018-08-28,Juniper Savanna
1,Addition,24,-12.667229722511063,2.6373429591888145,0.5383453772278696,0.15962500000000002,0.0042407187659846,8.656330932756179e-4,2018-08-29,Juniper Savanna
2,Ambient,24,-14.458190907534373,2.4186720196716798,0.4937093586118711,0.156875,0.003301020922447297,6.738180741872766e-4,2018-08-29,Juniper Savanna
4,Exclusion,24,-2.053952592051298,0.36265916717099145,0.0740274925093028,0.1995,0.004343911281022124,8.866971772019857e-4,2018-08-29,Juniper Savanna
5,Ambient,24,-2.2472478692263556,0.5736855187010396,0.11710306613678698,0.19779166666666667,0.006467169037710302,0.0013201053518930286,2018-08-29,Juniper Savanna
6,Addition,24,-2.4065069043758824,0.24546135251323445,0.05010458876923781,0.19537500000000002,0.0024103490636618718,4.920104423305661e-4,2018-08-29,Juniper Savanna
7,Ambient,24,-3.6452817122342065,0.6472671766632258,0.13212285917306657,0.18591666666666667,0.004179834266182531,8.532050967956469e-4,2018-08-29,Juniper Savanna
8,Exclusion,24,-1.2194743938472827,0.20002644252155632,0.040830226603496764,0.21266666666666667,0.004350578838716073,8.880581867170477e-4,2018-08-29,Juniper Savanna
9,Addition,24,-0.38108152460434436,0.06269070157529598,0.012796685873047395,0.24541666666666667,0.005149222538755073,0.0010510806493323757,2018-08-29,Juniper Savanna
12,Exclusion,24,-2.787350597389086,0.7069741551436111,0.14431049511975655,0.192625,0.006364388013203529,0.0012991252631195213,2018-08-29,Juniper Savanna
1,Addition,24,-15.778082412436122,3.126304258986192,0.6381541846005034,0.15533333333333332,0.003996375169169388,8.15756665432817e-4,2018-08-30,Juniper Savanna
2,Ambient,24,-15.696181089725888,2.9135840950123755,0.5947328629557519,0.15537499999999999,0.003704433301728693,7.561642812840714e-4,2018-08-30,Juniper Savanna
4,Exclusion,24,-2.1859019973520186,0.4127343536628317,0.08424904714927925,0.19804166666666667,0.0046576647131057105,9.507418283396327e-4,2018-08-30,Juniper Savanna
5,Ambient,24,-2.403150564243681,0.6654483988785287,0.13583408561703708,0.19633333333333333,0.007019641181630335,0.001432878256035158,2018-08-30,Juniper Savanna
6,Addition,24,-3.491215705197217,0.3992200813496932,0.0814904578649283,0.18666666666666668,0.0026484887678869247,5.4062050590129e-4,2018-08-30,Juniper Savanna
7,Ambient,24,-4.485713666387182,0.9060819981527825,0.18495321338297727,0.18133333333333332,0.004555614468807236,9.299109094514968e-4,2018-08-30,Juniper Savanna
8,Exclusion,24,-1.3716857661575608,0.2614782096393567,0.053374016039409486,0.20975,0.0050411351378693335,0.001029017401016233,2018-08-30,Juniper Savanna
9,Addition,24,-0.5624567113158713,0.10319429712803203,0.021064447694069507,0.23404166666666668,0.005481027884135108,0.0011188101318414612,2018-08-30,Juniper Savanna
12,Exclusion,24,-3.201685670995102,0.8652502401912325,0.17661846569075879,0.1895,0.0067630710801220096,0.0013805061033727011,2018-08-30,Juniper Savanna
1,Addition,24,-12.588182180689373,10.214676439247224,2.0850620969820897,0.170875,0.02357100743083223,0.0048114117440741355,2018-08-31,Juniper Savanna
2,Ambient,24,-17.237051892545413,2.552349312625484,0.5209961217729849,0.15345833333333334,0.0029039578189933766,5.927679075916071e-4,2018-08-31,Juniper Savanna
4,Exclusion,24,-2.3842577435206165,0.3520705116345811,0.07186609224877767,0.19575,0.0035661451603023466,7.27936332619706e-4,2018-08-31,Juniper Savanna
5,Ambient,24,-2.646642389121944,0.5805476183692515,0.11850378636605706,0.193625,0.005483671413743998,0.0011193497400632713,2018-08-31,Juniper Savanna
6,Addition,24,-2.817459331361154,2.5141814207138884,0.5132051334612256,0.21275,0.03730864219733407,0.007615594698294788,2018-08-31,Juniper Savanna
7,Ambient,24,-5.1460670875629075,0.8282238421448604,0.16906048383852582,0.17812499999999998,0.0036512356455220005,7.45305355182538e-4,2018-08-31,Juniper Savanna
8,Exclusion,24,-1.5840029503068669,0.2232872899194724,0.04557832719596678,0.20583333333333334,0.003631584474730198,7.412940767418547e-4,2018-08-31,Juniper Savanna
9,Addition,24,-0.5068500882853267,0.44928610476826625,0.09171014210040639,0.26004166666666667,0.04195803199955119,0.008564647417522418,2018-08-31,Juniper Savanna
12,Exclusion,24,-3.9066320257904095,0.8564127493051813,0.17481452041764858,0.18458333333333332,0.00535615587871577,0.0010933207404718417,2018-08-31,Juniper Savanna
1,Addition,24,-4.465725519533323,0.8639751971997717,0.17635819862999288,0.18141666666666667,0.0045484509227979465,9.28448656745521e-4,2018-09-01,Juniper Savanna
2,Ambient,24,-23.87237459639997,5.343546360934969,1.0907468334330488,0.14766666666666667,0.003886058321147837,7.932383331257371e-4,2018-09-01,Juniper Savanna
4,Exclusion,24,-2.898588300451395,0.3015576613743195,0.06155519986617322,0.19095833333333334,0.002422344654087939,4.944590319728395e-4,2018-09-01,Juniper Savanna
5,Ambient,24,-3.2216308569758,0.3435135984454909,0.07011941965823079,0.1885,0.0024847360108225325,5.071946143361488e-4,2018-09-01,Juniper Savanna
6,Addition,24,-0.734367765797576,0.20351485995935853,0.04154229683120031,0.22708333333333333,0.007615297343058141,0.0015544660608387423,2018-09-01,Juniper Savanna
7,Ambient,24,-6.72171755525974,0.9657590510012487,0.19713474078563126,0.17229166666666668,0.0030571252006997636,6.240330684598364e-4,2018-09-01,Juniper Savanna
8,Exclusion,24,-2.0931489128359937,0.23892444759721446,0.04877024864079282,0.19879166666666667,0.0027343096524282563,5.581386206013376e-4,2018-09-01,Juniper Savanna
9,Addition,24,-0.09409398776295164,0.0223187377186818,0.004555793259481591,0.29204166666666664,0.008389844620350435,0.0017125698617577515,2018-09-01,Juniper Savanna
12,Exclusion,24,-5.427233399962094,1.2093753286982856,0.24686270523512377,0.17725,0.005023856131974979,0.0010254903387075904,2018-09-01,Juniper Savanna
1,Addition,24,-5.770921076293382,0.6292346064181664,0.12844197618545908,0.17545833333333333,0.002413353551040305,4.926237307485489e-4,2018-09-02,Juniper Savanna
2,Ambient,24,-33.85728157064275,4.893781031925421,0.9989388700940164,0.14120833333333332,0.0025703859745125762,5.246778399635249e-4,2018-09-02,Juniper Savanna
4,Exclusion,24,-3.8530051518088464,0.31099245810921744,0.06348106968512128,0.18433333333333332,0.001833662684514171,3.742948281201441e-4,2018-09-02,Juniper Savanna
5,Ambient,24,-4.196367487173139,0.43460241327486954,0.0887128461254674,0.18245833333333333,0.002340181462058515,4.7768754063030617e-4,2018-09-02,Juniper Savanna
6,Addition,24,-1.0721814238651772,0.11191314811506874,0.022844175699202954,0.21583333333333332,0.0028539319431675134,5.825564184491741e-4,2018-09-02,Juniper Savanna
7,Ambient,24,-9.038241919128437,1.2795142994316475,0.2611797626835187,0.16612500000000002,0.0029681277952095775,6.058665491362925e-4,2018-09-02,Juniper Savanna
8,Exclusion,24,-3.0431643262932933,0.2830220621502791,0.05777163651820432,0.18979166666666666,0.0021665273087847644,4.42240535027327e-4,2018-09-02,Juniper Savanna
9,Addition,24,-0.1023818113386702,0.008126829979685843,0.0016588822230486082,0.2880833333333333,0.00270131476308766,5.514035670176662e-4,2018-09-02,Juniper Savanna
12,Exclusion,24,-7.729108646736021,1.2748097833716545,0.2602194573640428,0.16945833333333335,0.0037063889219265227,7.565634705853516e-4,2018-09-02,Juniper Savanna
1,Addition,24,-6.67619501778821,1.6167009452327386,0.3300076985412885,0.17291666666666666,0.005436724290829237,0.001109766698727197,2018-09-03,Juniper Savanna
2,Ambient,24,-33.27286236277608,10.74856871030182,2.1940424004570436,0.14233333333333334,0.005843366113485599,0.0011927721131924818,2018-09-03,Juniper Savanna
4,Exclusion,24,-4.129919540675918,0.8439412270277915,0.1722687815930354,0.18320833333333333,0.004717950611336932,9.6304763578562e-4,2018-09-03,Juniper Savanna
5,Ambient,24,-4.931070459995503,1.3443825741080286,0.2744209438045052,0.17970833333333333,0.0064705296246279935,0.00132079132882508,2018-09-03,Juniper Savanna
6,Addition,24,-1.2454110091552142,0.2090230827534988,0.04266665810080123,0.212125,0.00435702830518393,8.89374678547001e-4,2018-09-03,Juniper Savanna
7,Ambient,24,-9.938808877789386,2.7497108486891086,0.5612823766236333,0.164875,0.005987759252806109,0.001222246239333636,2018-09-03,Juniper Savanna
8,Exclusion,24,-3.4125276322936897,0.8465993269581009,0.17281136396925087,0.18783333333333332,0.005975796593554393,0.0012198043717391786,2018-09-03,Juniper Savanna
9,Addition,24,-0.15249118037709644,0.02108368923698152,0.004303690043834528,0.2745,0.00428343624756533,8.743527626897452e-4,2018-09-03,Juniper Savanna
12,Exclusion,24,-8.073306624037254,2.4629633504234056,0.502750288642752,0.169375,0.0069144618451977575,0.0014114086138897963,2018-09-03,Juniper Savanna
1,Addition,24,-8.096846391098719,1.3614403143445413,0.2779028404498716,0.1685,0.0037183446527348286,7.590039239172201e-4,2018-09-04,Juniper Savanna
2,Ambient,24,-30.879497705392403,3.630389159952203,0.7410500841345135,0.14275,0.0021315436333487407,4.3509952218187737e-4,2018-09-04,Juniper Savanna
4,Exclusion,24,-4.3295278289997094,0.5542640292368153,0.11313867120077123,0.18183333333333332,0.0029586522587836867,6.039323633627435e-4,2018-09-04,Juniper Savanna
5,Ambient,24,-5.523340421278728,1.1033467210299894,0.225219706324701,0.17675,0.00449395729551506,9.173251916558144e-4,2018-09-04,Juniper Savanna
6,Addition,24,-1.6468409486916806,0.18891520395699915,0.03856215452903846,0.20475,0.0028475771547359103,5.812592526924433e-4,2018-09-04,Juniper Savanna
7,Ambient,24,-11.653247253334127,2.1174223377938666,0.43221702479717117,0.16116666666666668,0.0038183386629432915,7.794151157793357e-4,2018-09-04,Juniper Savanna
8,Exclusion,24,-3.5945700410526333,0.5355571377078607,0.10932014295747691,0.18612499999999998,0.0035790756640081915,7.305757606360799e-4,2018-09-04,Juniper Savanna
9,Addition,24,-0.26875870308724975,0.03267479923771114,0.006669715465022754,0.25595833333333334,0.0037472211926528557,7.648983229452432e-4,2018-09-04,Juniper Savanna
12,Exclusion,24,-9.535976798897181,2.075230035220947,0.42360455709910694,0.16541666666666666,0.005055489196358025,0.0010319474109358464,2018-09-04,Juniper Savanna
1,Addition,24,-10.789293035204942,1.6329657469903227,0.3333277372974222,0.16258333333333333,0.0031885210782848345,6.508541396588885e-4,2018-09-05,Juniper Savanna
2,Ambient,24,-39.74874919979853,5.343253469689149,1.0906870472578498,0.13841666666666666,0.0023015432755599734,4.698005538379794e-4,2018-09-05,Juniper Savanna
4,Exclusion,24,-5.046763509482011,0.6237466439931887,0.12732175054639555,0.17841666666666667,0.002749176424766655,5.611732877972709e-4,2018-09-05,Juniper Savanna
5,Ambient,24,-6.075011855008583,1.6177873159627405,0.33022945303795515,0.17504166666666668,0.00578212512961218,0.0011802713497061576,2018-09-05,Juniper Savanna
6,Addition,24,-2.733591591727939,0.5833211006951643,0.11906992107514987,0.19275,0.00481167059481876,9.82178147304999e-4,2018-09-05,Juniper Savanna
7,Ambient,24,-14.48301333685811,2.534857175504657,0.5174255542349164,0.156875,0.003493005433222479,7.130067483470312e-4,2018-09-05,Juniper Savanna
8,Exclusion,24,-4.462746180282819,0.5867531160588477,0.11977047827768461,0.18116666666666667,0.003016860831288433,6.158141384704458e-4,2018-09-05,Juniper Savanna
9,Addition,24,-0.39066965456857006,0.05549577850255151,0.011328028350813929,0.24454166666666666,0.0043437027549302265,8.866546119917187e-4,2018-09-05,Juniper Savanna
12,Exclusion,24,-12.595706822811259,2.75282751751431,0.5619185639835486,0.15983333333333333,0.004779181908040849,9.755464218867498e-4,2018-09-05,Juniper Savanna
1,Addition,24,-12.176040697076155,2.936361049425849,0.5993821893063889,0.16058333333333333,0.005029622396291337,0.0010266673724823483,2018-09-06,Juniper Savanna
2,Ambient,24,-44.594737380716126,13.943662999167785,2.846238291107235,0.13725,0.00553447692041521,0.0011297203706856075,2018-09-06,Juniper Savanna
4,Exclusion,24,-5.324226073905704,1.0522527184818549,0.2147901867280849,0.17754166666666665,0.004462200341093843,9.10842830479414e-4,2018-09-06,Juniper Savanna
5,Ambient,24,-5.188366054436807,1.1813055565782338,0.24113298699426308,0.17829166666666665,0.005336332942701605,0.001089274400601963,2018-09-06,Juniper Savanna
6,Addition,24,-3.5696714104612504,0.9298138441492414,0.1897974561617803,0.18683333333333332,0.005990330372443123,0.0012227710669318304,2018-09-06,Juniper Savanna
7,Ambient,24,-15.519553462965213,3.6360090366832307,0.7421972366685432,0.15583333333333332,0.004806396703910567,9.811016188313176e-4,2018-09-06,Juniper Savanna
8,Exclusion,24,-4.987507358692488,1.1260459692576685,0.22985317096658345,0.17912499999999998,0.005160995016972738,0.0010534836963858182,2018-09-06,Juniper Savanna
9,Addition,24,-0.42659981979746586,0.054400059930900774,0.011104365733960968,0.24183333333333332,0.0037377820285235505,7.629715616356449e-4,2018-09-06,Juniper Savanna
12,Exclusion,24,-14.377924528165249,4.0511131021425015,0.8269299992127166,0.15762500000000002,0.006063522437315306,0.001237711334611625,2018-09-06,Juniper Savanna
1,Addition,24,-13.491749183786402,2.5184050770323885,0.514067283696993,0.15829166666666666,0.0037239432894699714,7.601467408552453e-4,2018-09-07,Juniper Savanna
2,Ambient,24,-39.18624278528433,5.882339522605691,1.2007275270158948,0.13870833333333335,0.0026454089297870487,5.399918365817e-4,2018-09-07,Juniper Savanna
4,Exclusion,24,-5.311216932719754,0.8506431438475739,0.173636804635289,0.17741666666666667,0.003488074922742728,7.12000312109795e-4,2018-09-07,Juniper Savanna
5,Ambient,24,-5.3044122831804845,1.3989736227042007,0.28556429493651364,0.178,0.0059782213437428525,0.0012202993217987988,2018-09-07,Juniper Savanna
6,Addition,24,-3.7992680549242035,0.3341586212837522,0.06820984294142664,0.18466666666666667,0.001992740447914286,4.067664405996e-4,2018-09-07,Juniper Savanna
7,Ambient,24,-17.553919701940863,3.775484919460169,0.7706676320208549,0.15337499999999998,0.004220163813016704,8.614373310707636e-4,2018-09-07,Juniper Savanna
8,Exclusion,24,-4.948778665212068,0.8773384069367025,0.1790859523950989,0.17904166666666665,0.003950554905069798,8.064036431891869e-4,2018-09-07,Juniper Savanna
9,Addition,24,-0.6590159806836697,0.10869318750551218,0.022186903992096735,0.22941666666666666,0.0048086576511327,9.8156313275045e-4,2018-09-07,Juniper Savanna
12,Exclusion,24,-15.892294843073755,3.5738625091932703,0.7295116298655223,0.15533333333333332,0.004621938861622874,9.434493194430157e-4,2018-09-07,Juniper Savanna
1,Addition,24,-15.886125058259793,3.70985687222542,0.7572713629758209,0.15537499999999999,0.004734815546657505,9.664901762923237e-4,2018-09-08,Juniper Savanna
2,Ambient,24,-39.363997712959694,8.90416748573457,1.817555577027526,0.13891666666666666,0.004063802745412616,8.295202617985269e-4,2018-09-08,Juniper Savanna
4,Exclusion,24,-5.143116471266885,1.1350427638772527,0.23168963397813327,0.17841666666666667,0.004994924960629427,0.0010195847880861211,2018-09-08,Juniper Savanna
5,Ambient,24,-4.9597399920531045,1.7081313296235128,0.3486708476032822,0.18016666666666667,0.008218043069007244,0.001677501016940303,2018-09-08,Juniper Savanna
6,Addition,24,-4.977338912203481,0.6604684126914169,0.13481755019332606,0.17875,0.002967212130281044,6.056796398154368e-4,2018-09-08,Juniper Savanna
7,Ambient,24,-19.986925263077566,5.392062812726001,1.1006502126845794,0.15125,0.005366968215490661,0.001095527799473976,2018-09-08,Juniper Savanna
8,Exclusion,24,-4.862881987128252,1.2498290208275837,0.2551202805624925,0.179875,0.005914701653690909,0.0012073334193615486,2018-09-08,Juniper Savanna
9,Addition,24,-0.9387163185553193,0.18435872840303497,0.03763206785131533,0.21983333333333333,0.005631176158453603,0.0011494590199947737,2018-09-08,Juniper Savanna
12,Exclusion,24,-18.842603439720623,5.976215144765073,1.2198898081472944,0.15275,0.006783932423781568,0.001384764407315598,2018-09-08,Juniper Savanna
1,Addition,24,-21.52020496277619,3.8058486137694474,0.77686559516781994,0.14941666666666667,0.003348155451518978,6.834393696449431e-4,2018-09-09,Juniper Savanna
2,Ambient,24,-42.37828495964213,7.518299778561778,1.5346665158963428,0.13745833333333335,0.003064227921291617,6.254829052294696e-4,2018-09-09,Juniper Savanna
4,Exclusion,24,-5.25577811996871,0.9204030015579344,0.1878764759619175,0.17770833333333333,0.0038502305596313144,7.859250219306034e-4,2018-09-09,Juniper Savanna
5,Ambient,24,-5.119312854812508,1.3859144692815073,0.2828986064066537,0.17883333333333332,0.00621125672830608,0.0012678674704815621,2018-09-09,Juniper Savanna
6,Addition,24,-7.287719724330779,0.8401205745043522,0.17148889416246013,0.1705,0.002395648228514062,4.890096469218239e-4,2018-09-09,Juniper Savanna
7,Ambient,24,-24.765883679323892,5.702692943398483,1.164057322591383,0.14708333333333332,0.004343077116582176,8.865269040986985e-4,2018-09-09,Juniper Savanna
8,Exclusion,24,-5.082684511877004,1.0361136958176695,0.2114958225218793,0.17858333333333332,0.004586527213923189,9.362209471250634e-4,2018-09-09,Juniper Savanna
9,Addition,24,-1.4679376947087934,0.2767844045368231,0.05649837998960817,0.208,0.004978213403988637,0.0010161735558713249,2018-09-09,Juniper Savanna
12,Exclusion,24,-25.797013166110442,7.650420186022068,1.5616354811368693,0.14679166666666665,0.006007091220177721,0.001226192360649018,2018-09-09,Juniper Savanna
1,Addition,24,-30.08426771184547,5.221889335762305,1.0659136971582193,0.143375,0.003200713235732198,6.533428533763647e-4,2018-09-10,Juniper Savanna
2,Ambient,24,-45.78805824697129,9.200877628351277,1.8781212812708057,0.13625,0.0035293797952516237,7.204316339045871e-4,2018-09-10,Juniper Savanna
4,Exclusion,24,-5.475342970545887,1.027494049750687,0.2097363446362547,0.176875,0.004152657608976607,8.476576848732264e-4,2018-09-10,Juniper Savanna
5,Ambient,24,-5.591089454654747,1.6058180096668335,0.3277862286212839,0.17704166666666665,0.006649479657096853,0.0013573193512420123,2018-09-10,Juniper Savanna
6,Addition,24,-10.832296806901484,1.5257695517355112,0.31144640556891856,0.16245833333333334,0.002858688763974731,5.835274004304689e-4,2018-09-10,Juniper Savanna
7,Ambient,24,-30.488339105479167,7.513335271290398,1.5336531400930749,0.14345833333333333,0.004615467065409958,9.42128269572939e-4,2018-09-10,Juniper Savanna
8,Exclusion,24,-5.470820757081171,1.2227261183567,0.24958792376231892,0.17708333333333331,0.005046881660268408,0.0010301904049890003,2018-09-10,Juniper Savanna
9,Addition,24,-2.197821599079849,0.5114433089340585,0.10439792827075539,0.19820833333333335,0.006079038587221459,0.001240878555448509,2018-09-10,Juniper Savanna
12,Exclusion,24,-35.83278143351603,11.808503567788225,2.4104006972429852,0.14125000000000001,0.006647981059984524,0.0013570134513874112,2018-09-10,Juniper Savanna
1,Addition,24,-43.527452807017745,7.5671727719139685,1.5446426738892847,0.137,0.0030360156956688806,6.197241087891382e-4,2018-09-11,Juniper Savanna
2,Ambient,24,-51.90570103305779,9.410428122539441,1.9208955967798937,0.13408333333333333,0.0030633409818390297,6.253018594718378e-4,2018-09-11,Juniper Savanna
4,Exclusion,24,-5.79286366813193,0.9968944658229689,0.2034902307225565,0.1755833333333333,0.0037638632635454018,7.682953714410733e-4,2018-09-11,Juniper Savanna
5,Ambient,24,-6.288735688366996,1.5985164619855134,0.3262958064419643,0.17425,0.005658775409082315,0.0011550926934384012,2018-09-11,Juniper Savanna
6,Addition,24,-16.27480093516571,2.1951425552842436,0.44808159775963424,0.1545,0.0025875958289333085,5.281907867867229e-4,2018-09-11,Juniper Savanna
7,Ambient,24,-39.532319899682186,9.576524116256213,1.9547997995237778,0.13891666666666666,0.004353076539910454,8.885680278383955e-4,2018-09-11,Juniper Savanna
8,Exclusion,24,-5.978214568788908,1.2560217380138972,0.2563843636648118,0.17508333333333334,0.004643056214875359,9.477598811252401e-4,2018-09-11,Juniper Savanna
9,Addition,24,-3.4330165301826954,0.8363101573763237,0.1707110960232242,0.18766666666666668,0.005880451525599679,0.0012003421412408422,2018-09-11,Juniper Savanna
12,Exclusion,24,-53.2416233083471,17.78097647138108,3.629526623609749,0.13454166666666667,0.006331283039600754,0.0012923677386799293,2018-09-11,Juniper Savanna
1,Addition,24,-63.87798661556223,11.881845844811094,2.425371626849642,0.13070833333333334,0.0029996980524374644,6.123108009076871e-4,2018-09-12,Juniper Savanna
2,Ambient,24,-61.24706990819975,10.02352811104047,2.046044107874373,0.13133333333333333,0.0027767147724489538,5.667945294790199e-4,2018-09-12,Juniper Savanna
4,Exclusion,24,-6.297380625581219,0.9465677256373118,0.19321732789984974,0.17370833333333333,0.0032767848328170202,6.68870903107732e-4,2018-09-12,Juniper Savanna
5,Ambient,24,-7.321265724560091,1.724406107250068,0.3519929226751426,0.17091666666666666,0.005174491503407895,0.001056238655143029,2018-09-12,Juniper Savanna
6,Addition,24,-23.872263450640887,3.1309471644548865,0.6391019137106935,0.14737499999999998,0.0024103490636618718,4.920104423305661e-4,2018-09-12,Juniper Savanna
7,Ambient,24,-50.50816159846147,12.31034567212689,2.512838787832509,0.13479166666666667,0.004221880548087407,8.617877581496605e-4,2018-09-12,Juniper Savanna
8,Exclusion,24,-6.672039736258296,1.2381806588978364,0.2527425686402306,0.172625,0.004094667794562341,8.35820563573756e-4,2018-09-12,Juniper Savanna
9,Addition,24,-5.277814576613704,1.317699988206053,0.2689743837646868,0.17804166666666665,0.005797144474478018,0.0011833371606388404,2018-09-12,Juniper Savanna
12,Exclusion,24,-79.91349750728858,27.123871796007933,5.536637145740615,0.12804166666666666,0.006223931140411161,0.001270454624018829,2018-09-12,Juniper Savanna
2,Exclusion,23,-6442.600126340774,2048.259523095864,427.0916342951575,0.03873913043478261,0.002240482726077085,4.67172942832961e-4,2018-06-07,Mixed Conifer Meadow
3,Ambient,23,-1410.2517280624743,202.32201375849962,42.18705614970097,0.04908695652173913,0.0012027636160965006,2.5079355065953026e-4,2018-06-07,Mixed Conifer Meadow
4,Addition,23,-134.85045203363785,16.28219588546729,3.395072534620726,0.07165217391304347,0.0013006535298622274,2.712050086704884e-4,2018-06-07,Mixed Conifer Meadow
5,Exclusion,23,-11371.592055551422,1058.365874088261,220.68454009351754,0.035,5.222329678670922e-4,1.088931012960939e-4,2018-06-07,Mixed Conifer Meadow
6,Addition,23,-217809.883805562,163119.985144274,34012.86812335703,0.02347826086956522,0.004043733257291643,8.431766707472733e-4,2018-06-07,Mixed Conifer Meadow
7,Ambient,23,-1381.5697907566607,412.4816254170742,86.00836443315103,0.04960869565217391,0.0026754630938957864,5.578726193550083e-4,2018-06-07,Mixed Conifer Meadow
9,Addition,23,-208902.91024918403,162336.0346976262,33849.403155324486,0.024043478260869566,0.004577397641669388,9.544533871589285e-4,2018-06-07,Mixed Conifer Meadow
10,Exclusion,23,-1878253.6385444037,2000216.3974183768,417073.95009504585,0.018869565217391304,0.005446469647446258,0.0011356674272168992,2018-06-07,Mixed Conifer Meadow
12,Ambient,23,-17622.9825107836,6302.5342889214035,1314.169244329069,0.03291304347826087,0.001703286755291367,3.551598397507555e-4,2018-06-07,Mixed Conifer Meadow
2,Exclusion,24,-8117.929543726806,2890.888259160309,590.1000948621247,0.03741666666666667,0.0023941353466274654,4.887008311998855e-4,2018-06-08,Mixed Conifer Meadow
3,Ambient,24,-1668.5315991382201,207.1013047650094,42.27437681157529,0.04775,0.001032093693084281,2.1067524290009632e-4,2018-06-08,Mixed Conifer Meadow
4,Addition,24,-170.1101218963184,18.470912354573027,3.770359196031143,0.069,0.0011420804814403214,2.3312620206007844e-4,2018-06-08,Mixed Conifer Meadow
5,Exclusion,24,-13832.813192042995,2143.7532404870294,437.59179780259825,0.03395833333333333,8.586727202955218e-4,1.752758350643008e-4,2018-06-08,Mixed Conifer Meadow
6,Addition,24,-265398.7173769974,193241.5170221086,39445.25948545966,0.022875,0.004204681655736491,8.582770489495938e-4,2018-06-08,Mixed Conifer Meadow
7,Ambient,24,-1919.6024534999806,674.347364814041,137.65057943207162,0.04725,0.003151949017464536,6.433888990045748e-4,2018-06-08,Mixed Conifer Meadow
9,Addition,24,-359436.8583442088,296626.22110760276,60548.57383696734,0.0225,0.004791296457028143,9.780192938436518e-4,2018-06-08,Mixed Conifer Meadow
10,Exclusion,24,-2607709.6468439233,3148991.981828423,642785.296632933,0.018541666666666668,0.005808383496342137,0.0011856313163700965,2018-06-08,Mixed Conifer Meadow
12,Ambient,24,-26796.798101273045,9362.654133051741,1911.1437720113975,0.03079166666666667,0.0017687914485336588,3.610530425254831e-4,2018-06-08,Mixed Conifer Meadow
2,Exclusion,24,-9822.254608106137,3312.606978233397,676.1830679212238,0.036250000000000004,0.0022698400633180023,4.6332916273798054e-4,2018-06-09,Mixed Conifer Meadow
3,Ambient,24,-2086.3177260873936,362.4203745190276,73.978749163333,0.046125,0.0013929168644626108,2.8432796433757265e-4,2018-06-09,Mixed Conifer Meadow
4,Addition,24,-212.70406479660454,19.433586919954454,3.966864318826148,0.06654166666666667,0.0010206207261596585,2.0833333333333356e-4,2018-06-09,Mixed Conifer Meadow
5,Exclusion,24,-16896.049687683808,3299.4247345404265,673.4922536951572,0.03291666666666667,0.001017954755408104,2.0778914433245918e-4,2018-06-09,Mixed Conifer Meadow
6,Addition,24,-349784.2470219744,256734.6896204909,52405.74907016795,0.021958333333333333,0.004196055773934734,8.565162981999385e-4,2018-06-09,Mixed Conifer Meadow
7,Ambient,24,-2580.1046732088935,900.0619415372428,183.72437447208242,0.04504166666666667,0.0029996980524374627,6.123108009076868e-4,2018-06-09,Mixed Conifer Meadow
9,Addition,24,-514787.4137019512,422261.0587066209,86193.67767321944,0.021375,0.004798663763282803,9.79523138935546e-4,2018-06-09,Mixed Conifer Meadow
10,Exclusion,24,-3504210.6440233346,4500260.443351101,918611.8163201167,0.017833333333333333,0.005669649683731076,0.0011573123954560967,2018-06-09,Mixed Conifer Meadow
12,Ambient,24,-42626.821546656334,15435.41201590409,3150.7402840491077,0.028625,0.0018371173070873838,3.7500000000000006e-4,2018-06-09,Mixed Conifer Meadow
2,Exclusion,24,-12481.084949389033,5083.83267368502,1037.73299901812,0.035041666666666665,0.0025619144788812612,5.229486031589467e-4,2018-06-10,Mixed Conifer Meadow
3,Ambient,24,-2438.8304745855503,389.596720064398,79.52609746830936,0.04495833333333333,0.0012676293062133808,2.587537486017527e-4,2018-06-10,Mixed Conifer Meadow
4,Addition,24,-254.81582667570825,30.779086279252,6.282754677772186,0.06466666666666666,0.0013077250963165902,2.669382674839693e-4,2018-06-10,Mixed Conifer Meadow
5,Exclusion,24,-19923.60226218954,3586.309279291707,732.052316172764,0.03204166666666667,9.545846657358229e-4,1.948537789448339e-4,2018-06-10,Mixed Conifer Meadow
6,Addition,24,-469507.99897543184,355586.27514866524,72583.7444709277,0.021041666666666667,0.0041017405283999666,8.372642793228143e-4,2018-06-10,Mixed Conifer Meadow
7,Ambient,24,-3484.435182126117,1355.3291361138745,276.6554014171768,0.043041666666666666,0.0031551085789442387,6.440338417909269e-4,2018-06-10,Mixed Conifer Meadow
9,Addition,24,-942596.7392710794,862001.0348220466,175955.22442209072,0.019875,0.004875069676202186,9.951194306008805e-4,2018-06-10,Mixed Conifer Meadow
10,Exclusion,24,-4816943.048746342,5747842.006363036,1173273.336477045,0.017041666666666667,0.005590980054607107,0.0011412540246554534,2018-06-10,Mixed Conifer Meadow
12,Ambient,24,-68477.85871499183,25702.77538389169,5246.557055325222,0.026541666666666665,0.0017687914485336584,3.6105304252548304e-4,2018-06-10,Mixed Conifer Meadow
2,Exclusion,24,-15094.582386341246,6389.421775125032,1304.2352583736877,0.034041666666666665,0.002612331403616095,5.332399148256673e-4,2018-06-11,Mixed Conifer Meadow
3,Ambient,24,-3046.8301915378966,722.7042221711196,147.52138160618773,0.0435,0.0017937088125857615,3.6613927816405144e-4,2018-06-11,Mixed Conifer Meadow
4,Addition,24,-308.1091802857182,35.72850600282533,7.293050748240654,0.06270833333333334,0.0012328534123049206,2.5165514898301195e-4,2018-06-11,Mixed Conifer Meadow
5,Exclusion,24,-22579.923068664644,4367.494957977246,891.511175101876,0.03141666666666667,0.001017954755408104,2.0778914433245918e-4,2018-06-11,Mixed Conifer Meadow
6,Addition,24,-614592.2875714884,544749.3825043081,111196.50206931442,0.020458333333333332,0.004242427183322903,8.659818225044985e-4,2018-06-11,Mixed Conifer Meadow
7,Ambient,24,-4829.323242122643,2314.6086637974827,472.46751504408434,0.04125,0.0039037328846608615,7.968461382951807e-4,2018-06-11,Mixed Conifer Meadow
9,Addition,24,-1439803.1190324887,1389088.0893207723,283546.4188844596,0.019,0.005004345937369794,0.0010215078369104984,2018-06-11,Mixed Conifer Meadow
10,Exclusion,24,-10874575.188292254,16964413.353813495,3462846.3752083443,0.016958333333333332,0.006577161847713229,0.0013425575402165343,2018-06-11,Mixed Conifer Meadow
12,Ambient,24,-94364.80799495165,38574.290715704956,7873.944120271306,0.025333333333333333,0.0020359095108162064,4.15578288664918e-4,2018-06-11,Mixed Conifer Meadow
2,Exclusion,24,-16972.292799368806,7754.82449536765,1582.9469215405663,0.0335,0.0027662562992324985,5.6465970257328e-4,2018-06-12,Mixed Conifer Meadow
3,Ambient,24,-3565.7244104595634,781.9644168559114,159.6178181924987,0.042375,0.001610090464647195,3.2865833984219216e-4,2018-06-12,Mixed Conifer Meadow
4,Addition,24,-354.77166788034623,49.542452814505694,10.112810833454276,0.06133333333333333,0.0014645571126562077,2.9895146876429403e-4,2018-06-12,Mixed Conifer Meadow
5,Exclusion,24,-25572.1417459439,6287.819187175964,1283.495716955232,0.030833333333333334,0.0011293194051465603,2.30521358269375e-4,2018-06-12,Mixed Conifer Meadow
6,Addition,24,-925539.246384587,938239.2726382383,191517.28955030954,0.019833333333333335,0.004659414655032994,9.510990337397449e-4,2018-06-12,Mixed Conifer Meadow
7,Ambient,24,-6630.300553334568,3727.2482627053346,760.8213656919282,0.039625,0.004470312701833497,9.12498759181209e-4,2018-06-12,Mixed Conifer Meadow
9,Addition,24,-2254207.7841373836,2212796.057926122,451685.1038967573,0.018208333333333333,0.005364773723229087,0.0010950798506168642,2018-06-12,Mixed Conifer Meadow
10,Exclusion,24,-10404393.24978723,17009589.042351484,3472067.8240164253,0.017,0.006392930878508801,0.0013049515511024301,2018-06-12,Mixed Conifer Meadow
12,Ambient,24,-160988.98478163054,88895.70283239218,18145.75935545385,0.023541666666666666,0.0024313025077225526,4.962875461891177e-4,2018-06-12,Mixed Conifer Meadow
2,Exclusion,24,-18428.061032931084,7859.936290124197,1604.4027767990406,0.03295833333333333,0.0025104852582487035,5.124506574573815e-4,2018-06-13,Mixed Conifer Meadow
3,Ambient,24,-4231.632730286587,1012.6530525598729,206.7069387702903,0.04125,0.0016746187106583255,3.4183011290252993e-4,2018-06-13,Mixed Conifer Meadow
4,Addition,24,-406.4565438382767,45.105534967100915,9.207128770388474,0.05995833333333333,0.0011220775245117847,2.2904311557492974e-4,2018-06-13,Mixed Conifer Meadow
5,Exclusion,24,-28464.255839479632,5307.333373327182,1083.3548882913149,0.03025,8.968544062928808e-4,1.8306963908202572e-4,2018-06-13,Mixed Conifer Meadow
6,Addition,24,-949898.6368930847,814083.3675621629,166174.07155115885,0.019083333333333334,0.00395536692814104,8.073858932854405e-4,2018-06-13,Mixed Conifer Meadow
7,Ambient,24,-7851.64062615361,3824.763359128605,780.7265513965376,0.03808333333333333,0.003437854066086886,7.017490226721058e-4,2018-06-13,Mixed Conifer Meadow
9,Addition,24,-2508430.8957545897,2202722.688788114,449628.8860318557,0.016958333333333332,0.004237299864881826,8.649352130103816e-4,2018-06-13,Mixed Conifer Meadow
10,Exclusion,24,-7512794.258687484,9876890.46837159,2016111.8244057628,0.016041666666666666,0.005120115204772733,0.0010451391396632502,2018-06-13,Mixed Conifer Meadow
12,Ambient,24,-280377.39671464934,113355.69398256514,23138.634141363513,0.02125,0.0017257638510425513,3.5227007096622716e-4,2018-06-13,Mixed Conifer Meadow
2,Exclusion,24,-19472.705295087937,6864.788240878936,1401.2690318676277,0.03245833333333333,0.0019776834640705216,4.036929466427206e-4,2018-06-14,Mixed Conifer Meadow
3,Ambient,24,-4806.4892474935905,937.2284968724441,191.31096581109566,0.04033333333333333,0.0013077250963165902,2.669382674839693e-4,2018-06-14,Mixed Conifer Meadow
4,Addition,24,-448.9420620344334,49.50783074681348,10.10574363348044,0.059,0.001063219066142388,2.1702868307060742e-4,2018-06-14,Mixed Conifer Meadow
5,Exclusion,24,-30991.290377431542,7058.710062193809,1440.8531578853454,0.029875,0.0010347232354175886,2.1121199598123392e-4,2018-06-14,Mixed Conifer Meadow
6,Addition,24,-1048220.2019439187,832410.0699079318,169914.99400240896,0.018416666666666668,0.003335144435522561,6.807835071260755e-4,2018-06-14,Mixed Conifer Meadow
7,Ambient,24,-8453.314031461277,3387.9642302168704,691.5653025693775,0.03729166666666667,0.0026454089297870565,5.399918365817017e-4,2018-06-14,Mixed Conifer Meadow
9,Addition,24,-2914375.1180212996,2516348.6615676535,513647.51964801224,0.01620833333333333,0.0036472642119654646,7.444946897024648e-4,2018-06-14,Mixed Conifer Meadow
10,Exclusion,24,-5533769.77401662,6031215.207237251,1231116.6488871307,0.015666666666666666,0.004187628431947845,8.547960742202877e-4,2018-06-14,Mixed Conifer Meadow
12,Ambient,24,-343166.24212459195,144697.38402139855,29536.229830664528,0.020583333333333332,0.001665941871387048,3.400589605029656e-4,2018-06-14,Mixed Conifer Meadow
2,Exclusion,24,-21380.251698603497,7210.048563916505,1471.745000190172,0.03195833333333333,0.0019444271910897776,3.9690453834692645e-4,2018-06-15,Mixed Conifer Meadow
3,Ambient,24,-5403.73583610773,915.3131777484434,186.83752002742403,0.03954166666666667,0.0011025333147551277,2.2505367046411857e-4,2018-06-15,Mixed Conifer Meadow
4,Addition,24,-504.32996913901457,59.780132114054574,12.20256836963333,0.057916666666666665,0.0011764599317505412,2.4014387796819574e-4,2018-06-15,Mixed Conifer Meadow
5,Exclusion,24,-36199.74582894858,7576.122932543165,1546.469617777408,0.029125,9.918143234365552e-4,2.024532510002733e-4,2018-06-15,Mixed Conifer Meadow
6,Addition,24,-1166732.3281361593,960501.5641762905,196061.56078141852,0.01775,0.0026416398069315236,5.392224676005418e-4,2018-06-15,Mixed Conifer Meadow
7,Ambient,24,-9912.520304540314,3764.887414568898,768.5044253933329,0.036291666666666667,0.002475605620531225,5.053308812223017e-4,2018-06-15,Mixed Conifer Meadow
9,Addition,24,-5176589.138985402,5437410.947907369,1109906.8620163382,0.015,0.00338795821543968,6.915640748081247e-4,2018-06-15,Mixed Conifer Meadow
10,Exclusion,24,-7944351.782357629,8792688.577801595,1794800.0402343182,0.014458333333333333,0.003718101042510658,7.589541971884415e-4,2018-06-15,Mixed Conifer Meadow
12,Ambient,24,-341795.50898256304,119452.49322917357,24383.138076228144,0.020458333333333332,0.0013506573815438318,2.757017835088335e-4,2018-06-15,Mixed Conifer Meadow
2,Exclusion,24,-88801.47715758259,175451.8029746631,35813.94931160437,0.0305,0.005516772843673705,0.0011261065411536273,2018-06-16,Mixed Conifer Meadow
3,Ambient,24,-11215.58490866974,10673.469635498977,2178.7128660052044,0.042916666666666665,0.017537330783631035,0.003579792655858325,2018-06-16,Mixed Conifer Meadow
4,Addition,24,-1058.4027882731968,3289.9893114459314,671.5662560210917,0.10875,0.08351321165982739,0.017047062945635644,2018-06-16,Mixed Conifer Meadow
5,Exclusion,24,-2690158144460120600,13179029560315738e3,2690158143985808400,0.014295833333333334,0.008632873427960612,0.0017621779093779145,2018-06-16,Mixed Conifer Meadow
6,Addition,24,-3635361.8990955357,10480956.036621327,2139416.192188781,0.042583333333333334,0.049415643242817844,0.010086925938026266,2018-06-16,Mixed Conifer Meadow
7,Ambient,24,-5581.976074857944,6743.2755865632125,1376.4653651705673,0.08175,0.07721412914182503,0.015761268110903007,2018-06-16,Mixed Conifer Meadow
9,Addition,24,-1505912.2308059582,2481530.9465046194,506540.3833218414,0.084875,0.1062737697196951,0.021693042404607888,2018-06-16,Mixed Conifer Meadow
10,Exclusion,24,-10086086.206413226,8106365.3173604915,1654704.8913439857,0.015166666666666667,0.007387808209809425,0.0015080300359647952,2018-06-16,Mixed Conifer Meadow
12,Ambient,24,-1165757.392917934,1306255.79888419,266638.34840148914,0.08216666666666667,0.09922993353895249,0.02025522536506005,2018-06-16,Mixed Conifer Meadow
2,Exclusion,24,-730.3554567357622,1129.9998245409117,230.66024829664622,0.071625,0.02036367716857854,0.004156718195815094,2018-06-17,Mixed Conifer Meadow
3,Ambient,24,-5.776000821588492,5.084212587971099,1.037810548697027,0.12554166666666666,0.01432231207551371,0.0029235297101592073,2018-06-17,Mixed Conifer Meadow
4,Addition,24,-0.08325029794780829,0.008922429238413672,0.0018212832416835845,0.23625,0.00408869065892099,8.346004858700299e-4,2018-06-17,Mixed Conifer Meadow
5,Exclusion,24,-10760636076945385e3,24579015266720215e3,5017170481961859e3,0.008266666666666667,0.00795622079101393,0.0016240567682422405,2018-06-17,Mixed Conifer Meadow
6,Addition,24,-0.84951703720929606,0.33803972443918795,0.06900206980558692,0.164625,0.010897995427959497,0.00222454400147373,2018-06-17,Mixed Conifer Meadow
7,Ambient,24,-0.09027097456170087,0.014200549457644754,0.002898675019865504,0.23341666666666666,0.005523992465022297,0.0011275802401903067,2018-06-17,Mixed Conifer Meadow
9,Addition,24,-0.13218063644397213,0.029674551225442148,0.006057292404034544,0.22008333333333333,0.00839211154786947,0.0017130325963998771,2018-06-17,Mixed Conifer Meadow
10,Exclusion,24,-652.8176376727387,984.6811215411105,200.99719226059887,0.065125,0.012955819575370954,0.002644595596601722,2018-06-17,Mixed Conifer Meadow
12,Ambient,24,-0.3917896356555127,0.09457940652913982,0.01930594051430403,0.185,0.008687822562044261,0.0017733943544039742,2018-06-17,Mixed Conifer Meadow
2,Exclusion,24,-33.080097669842104,7.57283741252702,1.54579896381247,0.09016666666666666,0.003002414487312367,6.128652908546048e-4,2018-06-18,Mixed Conifer Meadow
3,Ambient,24,-1.7184667017457043,0.08992295085895093,0.01835544548081634,0.14479166666666665,0.0012150922908825985,2.4802967525431994e-4,2018-06-18,Mixed Conifer Meadow
4,Addition,24,-0.1399251291860593,0.030170669095142766,0.00615856204012147,0.21791666666666668,0.007453721957149519,0.0015214846232996255,2018-06-18,Mixed Conifer Meadow
5,Exclusion,24,-870401.2329265024,983823.8510755374,200822.20265958118,0.022708333333333334,0.007080157003090101,0.001445230996363641,2018-06-18,Mixed Conifer Meadow
6,Addition,24,-1.0955078806763248,0.3825693328014778,0.07809163805005201,0.15725,0.008247529274299965,0.0016835198633918128,2018-06-18,Mixed Conifer Meadow
7,Ambient,24,-0.15551118461912772,0.02813421770808237,0.005742873141431386,0.21395833333333333,0.006032370409186032,0.0012313524534974959,2018-06-18,Mixed Conifer Meadow
9,Addition,24,-0.2250330919170223,0.036526615906311385,0.007455964250090885,0.20145833333333332,0.0051243592741936446,0.0010460054567060987,2018-06-18,Mixed Conifer Meadow
10,Exclusion,24,-117.0662874518378,21.554065559353287,4.399705208576004,0.07341666666666666,0.0019763089590064775,4.034123769714056e-4,2018-06-18,Mixed Conifer Meadow
12,Ambient,24,-0.720340289847142,0.1909385341804483,0.03897516508142195,0.16758333333333333,0.0069025305168634934,0.0014089731416920832,2018-06-18,Mixed Conifer Meadow
2,Exclusion,24,-81.23444687388279,21.390908128251557,4.366400837414125,0.078125,0.003166571318167885,6.463736636369701e-4,2018-06-19,Mixed Conifer Meadow
3,Ambient,24,-1.8434792996949074,0.1082052099538741,0.02208729599147624,0.14316666666666666,0.0013077250963165871,2.6693826748396866e-4,2018-06-19,Mixed Conifer Meadow
4,Addition,24,-0.25216473184433724,0.060778701305272645,0.012406400452245659,0.19833333333333333,0.007469745741942981,0.0015247554646739712,2018-06-19,Mixed Conifer Meadow
5,Exclusion,24,-43121.81704542362,33852.84347331788,6910.182737661385,0.029958333333333333,0.004016045715427777,8.19771898874056e-4,2018-06-19,Mixed Conifer Meadow
6,Addition,24,-2.8029395697682533,1.2186278522278098,0.24875136869182624,0.13591666666666666,0.00898267253088419,0.0018335803522650863,2018-06-19,Mixed Conifer Meadow
7,Ambient,24,-0.2537678765154862,0.044473462183914424,0.009078107453796162,0.19766666666666666,0.005466631318372814,0.0011158714451609576,2018-06-19,Mixed Conifer Meadow
9,Addition,24,-0.3756230372940461,0.0747674598079078,0.015261843824451976,0.18570833333333334,0.006017938161043614,0.0012284064831816495,2018-06-19,Mixed Conifer Meadow
10,Exclusion,24,-230.54267160894184,70.93588106495193,14.47972608865727,0.06608333333333334,0.0027649462085602853,5.643922814346381e-4,2018-06-19,Mixed Conifer Meadow
12,Ambient,24,-2.066568560984089,1.170012842447217,0.23882787137492073,0.1445,0.012673148608462456,0.0025868956270996414,2018-06-19,Mixed Conifer Meadow
2,Exclusion,24,-215.50561378245754,63.50865749862955,12.963650426735256,0.06679166666666667,0.002797190619589385,5.709741442744602e-4,2018-06-20,Mixed Conifer Meadow
3,Ambient,24,-2.3617781591551346,0.23041436256140582,0.047033134807007326,0.137625,0.0021020176642620237,4.290725589799068e-4,2018-06-20,Mixed Conifer Meadow
4,Addition,24,-0.49307010152903674,0.16524570147315726,0.03373063756645915,0.17879166666666668,0.0092123695987074,0.00188046706989678,2018-06-20,Mixed Conifer Meadow
5,Exclusion,24,-20634.038924946388,9104.651487202555,1858.4792024598555,0.03229166666666667,0.002196423311276505,4.483430309818052e-4,2018-06-20,Mixed Conifer Meadow
6,Addition,24,-9.707465592672797,6.171836382323008,1.2598208260530206,0.113375,0.011072144837579925,0.0022600921008551454,2018-06-20,Mixed Conifer Meadow
7,Ambient,24,-0.4079378810386834,0.08284273963073618,0.016910203415795484,0.18325,0.0058625562016403196,0.0011966892735339894,2018-06-20,Mixed Conifer Meadow
9,Addition,24,-0.609949318715958,0.16092268397193482,0.03284820531419944,0.17216666666666666,0.007221144475512991,0.0014740099436603737,2018-06-20,Mixed Conifer Meadow
10,Exclusion,24,-606.1708403654677,217.83500277825402,44.46538374370653,0.056666666666666664,0.002761012206745399,5.635892566768336e-4,2018-06-20,Mixed Conifer Meadow
12,Ambient,24,-10.477930867954127,7.602514895489493,1.5518568546548202,0.11358333333333333,0.013334873099497803,0.0027219695732112665,2018-06-20,Mixed Conifer Meadow
2,Exclusion,24,-543.4691345004638,159.01591485040342,32.45898769711221,0.0575,0.0022841609628806423,4.662524041201568e-4,2018-06-21,Mixed Conifer Meadow
3,Ambient,24,-3.6747411067695714,0.8511412600549648,0.17373848218034885,0.128625,0.0045950114727585445,9.379527892077567e-4,2018-06-21,Mixed Conifer Meadow
4,Addition,24,-1.2315383397327722,0.5656945858522328,0.11547192379941852,0.15554166666666666,0.010958336777428239,0.0022368611278561785,2018-06-21,Mixed Conifer Meadow
5,Exclusion,24,-18088.153132769847,5799.928868572194,1183.9055227033027,0.03275,0.0017003835884370597,3.470893465561193e-4,2018-06-21,Mixed Conifer Meadow
6,Addition,24,-41.904086027013435,28.04486917141161,5.724634947755742,0.08995833333333333,0.009410813237818583,0.0019209742081070641,2018-06-21,Mixed Conifer Meadow
7,Ambient,24,-0.7249027515176081,0.20815301910005107,0.04248905710124384,0.16758333333333333,0.00744204662515725,0.0015191014061364044,2018-06-21,Mixed Conifer Meadow
9,Addition,24,-1.0806835918162845,0.3586573639215008,0.07321062784161415,0.15754166666666666,0.008282927263834394,0.001690745447748457,2018-06-21,Mixed Conifer Meadow
10,Exclusion,24,-1681.7916576198625,655.5353352496478,133.81058997716204,0.04816666666666666,0.002681120250399345,5.472813793767885e-4,2018-06-21,Mixed Conifer Meadow
12,Ambient,24,-57.48763323622636,42.57804874025239,8.691207804747538,0.08629166666666667,0.010023794155675902,0.002046098414008174,2018-06-21,Mixed Conifer Meadow
2,Exclusion,24,-1277.9970115869269,320.67787016845307,65.4580961429318,0.050041666666666665,0.0019444271910897745,3.969045383469258e-4,2018-06-22,Mixed Conifer Meadow
3,Ambient,24,-7.834523969384777,2.812314951115466,0.5740613855194259,0.11454166666666667,0.0062552876183598295,0.0012768552382775849,2018-06-22,Mixed Conifer Meadow
4,Addition,24,-3.9156771720288077,2.1584649592491143,0.4405948148198014,0.130125,0.011078033493673705,0.002261294117746853,2018-06-22,Mixed Conifer Meadow
5,Exclusion,24,-17823.317846608963,4825.209659577613,984.9417973261395,0.03275,0.0014817733206914773,3.024657125136286e-4,2018-06-22,Mixed Conifer Meadow
6,Addition,24,-137.8484137714478,72.8482798940473,14.870092864988907,0.073,0.005816019855237921,0.0011871900816023827,2018-06-22,Mixed Conifer Meadow
7,Ambient,24,-1.5062813303585187,0.5504388280968275,0.11235785528773101,0.14954166666666666,0.008314362464338787,0.0016971621311816106,2018-06-22,Mixed Conifer Meadow
9,Addition,24,-2.2642187873033155,1.0190882727694242,0.2080205225949442,0.14095833333333332,0.0100064290927586,0.0020425537853832813,2018-06-22,Mixed Conifer Meadow
10,Exclusion,24,-4116.613602467611,1581.264646741481,322.774294401577,0.041833333333333333,0.002899275271761768,5.918120866404468e-4,2018-06-22,Mixed Conifer Meadow
12,Ambient,24,-258.3347469057689,176.24266228658018,35.975382792648155,0.06704166666666667,0.006893469919875756,0.0014071236550766701,2018-06-22,Mixed Conifer Meadow
2,Exclusion,24,-2612.2990801848614,673.6305440317735,137.50425900260677,0.044625,0.0019294626420214838,3.9384991255957965e-4,2018-06-23,Mixed Conifer Meadow
3,Ambient,24,-20.210335876205395,7.838279231858276,1.5999820482922713,0.0985,0.005927093282765902,0.0012098628500545128,2018-06-23,Mixed Conifer Meadow
4,Addition,24,-12.874215472560524,6.49372045073977,1.3255251363823686,0.106875,0.008253128524067866,0.0016846628054646257,2018-06-23,Mixed Conifer Meadow
5,Exclusion,24,-19677.09030803018,5249.8703293408025,1071.6252935551702,0.03220833333333333,0.001350657381543833,2.7570178350883376e-4,2018-06-23,Mixed Conifer Meadow
6,Addition,24,-393.90777473593954,157.2662708752762,32.10184311622916,0.060875,0.003247909026354997,6.629766537957887e-4,2018-06-23,Mixed Conifer Meadow
7,Ambient,24,-3.552312696786157,1.4454169262625414,0.2950444945771071,0.13058333333333333,0.008192874245696513,0.0016723634523955065,2018-06-23,Mixed Conifer Meadow
9,Addition,24,-6.02510209596388,3.5327227427507553,0.7211140102054027,0.12195833333333334,0.011388320358143699,0.002324631158733487,2018-06-23,Mixed Conifer Meadow
10,Exclusion,24,-10020.965281883131,4958.730705644082,1012.196666724931,0.036708333333333336,0.003556734783314687,7.260154474607897e-4,2018-06-23,Mixed Conifer Meadow
12,Ambient,24,-918.7096095717066,512.1037042755898,104.53273090536062,0.05379166666666667,0.004262874786957197,8.701556721183901e-4,2018-06-23,Mixed Conifer Meadow
2,Exclusion,24,-4405.068423686581,1176.3097927298534,240.11323096893187,0.041041666666666664,0.0018761469921708906,3.8296690110634237e-4,2018-06-24,Mixed Conifer Meadow
3,Ambient,24,-48.3833307348914,14.723939181639205,3.005511499899048,0.085125,0.004035844828317963,8.238133758691156e-4,2018-06-24,Mixed Conifer Meadow
4,Addition,24,-33.4415767026446,12.60177746471882,2.5723270533887463,0.09066666666666667,0.005010134656410176,0.001022689454236604,2018-06-24,Mixed Conifer Meadow
5,Exclusion,24,-22863.586288335206,5752.878351530018,1174.3013761293482,0.03141666666666667,0.001248187091141691,2.5478512306882867e-4,2018-06-24,Mixed Conifer Meadow
6,Addition,24,-991.396291635041,243.8426721362295,49.77417702087798,0.05208333333333333,0.0017173454405910412,3.5055167012860115e-4,2018-06-24,Mixed Conifer Meadow
7,Ambient,24,-8.556384514473445,3.50879750069337,0.7162302906209718,0.11329166666666667,0.0070308584834636485,0.0014351679781836916,2018-06-24,Mixed Conifer Meadow
9,Addition,24,-18.715540254774055,12.58589685917936,2.569085438357239,0.10266666666666667,0.01114593576412367,0.0022751546106617596,2018-06-24,Mixed Conifer Meadow
10,Exclusion,24,-23488.4532025238,13783.04313705893,2813.451899046994,0.03254166666666667,0.004170071072970242,8.512121933264542e-4,2018-06-24,Mixed Conifer Meadow
12,Ambient,24,-2487.7074742049713,1231.1223818959027,251.3018038804007,0.0455,0.0030216609311120093,6.167939547439612e-4,2018-06-24,Mixed Conifer Meadow
2,Exclusion,24,-6949.6461824732905,2307.2614656282385,470.96777449793774,0.03829166666666667,0.0022550265913146655,4.6030537542738226e-4,2018-06-25,Mixed Conifer Meadow
3,Ambient,24,-98.01264009712207,20.366389473690084,4.157271842777596,0.075625,0.0024103490636618718,4.920104423305661e-4,2018-06-25,Mixed Conifer Meadow
4,Addition,24,-71.24358329474727,17.18654057741947,3.5081879048596565,0.07970833333333334,0.00285107404120023,5.819730516529458e-4,2018-06-25,Mixed Conifer Meadow
5,Exclusion,24,-23481.684894875147,5900.833517595678,1204.5025979351497,0.03129166666666667,0.0013014763077790342,2.656627388650056e-4,2018-06-25,Mixed Conifer Meadow
6,Addition,24,-2208.175616495662,504.65002499106544,103.01125499257411,0.04575,0.0014817733206914764,3.0246571251362836e-4,2018-06-25,Mixed Conifer Meadow
7,Ambient,24,-19.827790582204784,7.905898489469513,1.6137847714533828,0.09879166666666667,0.005793393288660924,0.00118257145304032,2018-06-25,Mixed Conifer Meadow
9,Addition,24,-59.66818297210905,39.79147308338279,8.122400430664923,0.08508333333333333,0.009164756059120637,0.0018707479968271654,2018-06-25,Mixed Conifer Meadow
10,Exclusion,24,-55540.375275546816,42437.072633422344,8662.43117744273,0.029291666666666667,0.004929760261096278,0.0010062830994946215,2018-06-25,Mixed Conifer Meadow
12,Ambient,24,-5735.246282710629,2577.5738436153342,526.1450576001645,0.039625,0.002373998644737901,4.8459044413888796e-4,2018-06-25,Mixed Conifer Meadow
2,Exclusion,24,-10080.219008510976,3666.3707351800945,748.3947924220051,0.036166666666666666,0.002425707725801789,4.951455161117827e-4,2018-06-26,Mixed Conifer Meadow
3,Ambient,24,-175.65403603758614,27.11091392481965,5.5339921313602805,0.06870833333333334,0.0015736738147921,3.2122482231831034e-4,2018-06-26,Mixed Conifer Meadow
4,Addition,24,-128.0857301160168,29.389612667885253,5.999129564529624,0.07245833333333333,0.0023770490779200506,4.8521311120478135e-4,2018-06-26,Mixed Conifer Meadow
5,Exclusion,24,-25429.605823207137,6462.715524981867,1319.1962824140571,0.030875,0.0011909988500706315,2.43111622242881e-4,2018-06-26,Mixed Conifer Meadow
6,Addition,24,-4518.943342852821,1007.3560861621263,205.625700032028,0.040791666666666664,0.0015874279625330658,3.2403237596932867e-4,2018-06-26,Mixed Conifer Meadow
7,Ambient,24,-45.15558144311065,17.34476687462745,3.5404857125304487,0.086375,0.004716414445040987,9.627340671535261e-4,2018-06-26,Mixed Conifer Meadow
9,Addition,24,-199.31127244323312,139.08734280125466,28.391084961886754,0.07004166666666667,0.0073984673305070225,0.0015102058198661161,2018-06-26,Mixed Conifer Meadow
10,Exclusion,24,-98327.69906304931,75266.84333041182,15363.78005912602,0.027,0.005038978502417538,0.0010285771796480583,2018-06-26,Mixed Conifer Meadow
12,Ambient,24,-12242.664487916596,4458.336504131479,910.054128062156,0.034916666666666665,0.0018395809226599655,3.755028834229334e-4,2018-06-26,Mixed Conifer Meadow
2,Exclusion,24,-15734.40462773385,6643.77414987629,1356.1547194575003,0.03383333333333333,0.002664854456694083,5.43961138140183e-4,2018-06-27,Mixed Conifer Meadow
3,Ambient,24,-293.1882500521382,36.18758133692163,7.386759108410126,0.06320833333333334,0.001141287094417553,2.329642526122177e-4,2018-06-27,Mixed Conifer Meadow
4,Addition,24,-210.9679547756524,37.687908135282406,7.69301203369408,0.06675,0.0017754362599213423,3.624094089702214e-4,2018-06-27,Mixed Conifer Meadow
5,Exclusion,24,-28958.64743133369,8418.867543092494,1718.4941410546069,0.030291666666666668,0.0013666578295932034,2.789678612902394e-4,2018-06-27,Mixed Conifer Meadow
6,Addition,24,-9337.86400785932,3375.565706210867,689.0344644545146,0.036583333333333336,0.002357534944490272,4.812298053984859e-4,2018-06-27,Mixed Conifer Meadow
7,Ambient,24,-98.42445012491261,33.9676578234502,6.933619118742504,0.07595833333333334,0.003568938055021367,7.285064298669488e-4,2018-06-27,Mixed Conifer Meadow
9,Addition,24,-639.3628557486508,460.9949778680464,94.10020581352816,0.057708333333333334,0.005352603321640842,0.0010925955777955343,2018-06-27,Mixed Conifer Meadow
10,Exclusion,24,-266839.116518495,252568.78264841103,51555.3868703764,0.024125,0.005659255597076658,0.0011551907114022973,2018-06-27,Mixed Conifer Meadow
12,Ambient,24,-25352.826972637315,9354.86973059737,1909.5547875142574,0.031083333333333334,0.0017916877315917062,3.657267267336954e-4,2018-06-27,Mixed Conifer Meadow
2,Exclusion,24,-21215.22622282902,9829.537838880482,2006.4460093864059,0.032375,0.002825543425993292,5.767616366465842e-4,2018-06-28,Mixed Conifer Meadow
3,Ambient,24,-436.79814954522607,45.42053438442318,9.271427757197936,0.05925,9.440891630699323e-4,1.9271139343437954e-4,2018-06-28,Mixed Conifer Meadow
4,Addition,24,-308.81661337842206,48.7509466173181,9.95124530750758,0.06275,0.001648451183489469,3.3648868878635377e-4,2018-06-28,Mixed Conifer Meadow
5,Exclusion,24,-32152.997487733814,8589.340429518583,1753.2917732815524,0.02975,0.0012247448713915885,2.499999999999999e-4,2018-06-28,Mixed Conifer Meadow
6,Addition,24,-19740.996987785096,8327.03389775012,1699.7486766955624,0.03270833333333333,0.002881412194026404,5.881658011665042e-4,2018-06-28,Mixed Conifer Meadow
7,Ambient,24,-192.98558030791202,52.92369762060007,10.803004539318199,0.06791666666666667,0.0025523504370723077,5.209963512997316e-4,2018-06-28,Mixed Conifer Meadow
9,Addition,24,-1832.4328201535993,1110.8496774356756,226.75124088772415,0.048125,0.003663124112130185,7.477320782670521e-4,2018-06-28,Mixed Conifer Meadow
10,Exclusion,24,-688481.2498439108,770584.1847205249,157294.83803532197,0.0215,0.0055950288494418824,0.0011420804814403216,2018-06-28,Mixed Conifer Meadow
12,Ambient,24,-45665.616755248906,17029.30672829597,3476.0926798057953,0.028291666666666666,0.0017315277663950705,3.5344662526074936e-4,2018-06-28,Mixed Conifer Meadow
2,Exclusion,24,-27314.731802057995,12912.068552524679,2635.6649564602035,0.031125,0.0028178391351005735,5.751890048534898e-4,2018-06-29,Mixed Conifer Meadow
3,Ambient,24,-619.030461842612,60.19060382241822,12.28635555624495,0.056,8.340576562282998e-4,1.702513061517499e-4,2018-06-29,Mixed Conifer Meadow
4,Addition,24,-396.13055145588123,55.898948886371755,11.410325160794065,0.06025,0.001421878732675464,2.902397809308412e-4,2018-06-29,Mixed Conifer Meadow
5,Exclusion,24,-33398.131205623285,9113.377643885355,1860.2604217338921,0.029583333333333333,0.0012825472842090005,2.617988681086974e-4,2018-06-29,Mixed Conifer Meadow
6,Addition,24,-42025.02452457881,24612.76857897958,5024.060347975548,0.029500000000000002,0.0035386069477175313,7.223151185146153e-4,2018-06-29,Mixed Conifer Meadow
7,Ambient,24,-344.6206798909684,88.7915505986555,18.12449936976835,0.06183333333333333,0.002352919863501087,4.8028775593639234e-4,2018-06-29,Mixed Conifer Meadow
9,Addition,24,-4451.834023742396,2646.807360016442,540.2772899569414,0.041625,0.0030618621784789714,6.249999999999998e-4,2018-06-29,Mixed Conifer Meadow
10,Exclusion,24,-1179727.1707720112,1264078.8267342215,258029.01001290584,0.019833333333333335,0.0054427188431699376,0.0011109903315997907,2018-06-29,Mixed Conifer Meadow
12,Ambient,24,-82265.84373538462,32186.286963627805,6569.998314640186,0.025791666666666668,0.0017687914485336584,3.6105304252548304e-4,2018-06-29,Mixed Conifer Meadow
2,Exclusion,24,-35753.946024785284,18025.057263962124,3679.349406762887,0.029916666666666668,0.0029030219137795125,5.92576866739809e-4,2018-06-30,Mixed Conifer Meadow
3,Ambient,24,-901.1056848596917,121.04194504513137,24.70758356954787,0.05275,0.0011515584902738294,2.3506089251171895e-4,2018-06-30,Mixed Conifer Meadow
4,Addition,24,-505.0739018389599,88.67903901582717,18.10153303909483,0.058,0.0017693034738587641,3.611575592573073e-4,2018-06-30,Mixed Conifer Meadow
5,Exclusion,24,-38691.44360958254,12072.847403825419,2464.3596568214075,0.028958333333333332,0.0014884823513044846,3.0383518765284353e-4,2018-06-30,Mixed Conifer Meadow
6,Addition,24,-76126.89127369256,48454.56396526066,9890.746451994783,0.027166666666666665,0.003841044543923671,7.840499343261935e-4,2018-06-30,Mixed Conifer Meadow
7,Ambient,24,-604.3207432957504,173.34274765649548,35.383440197536544,0.056541666666666664,0.0023952700976256746,4.88932461277446e-4,2018-06-30,Mixed Conifer Meadow
9,Addition,24,-9795.873953682667,5723.317382026972,1168.2672684973118,0.03679166666666667,0.0031482109020931196,6.426258593996061e-4,2018-06-30,Mixed Conifer Meadow
10,Exclusion,24,-3355803.714832028,4522370.159110155,923124.9431507546,0.018625,0.006425577287548635,0.0013116154714425783,2018-06-30,Mixed Conifer Meadow
12,Ambient,24,-126321.65969601161,54258.08262268674,11075.38473727945,0.02425,0.0021518445070703176,4.392434206777556e-4,2018-06-30,Mixed Conifer Meadow
2,Exclusion,24,-47912.51646296234,26558.54351917894,5421.239994457455,0.028625,0.0028864375515729483,5.891915979801773e-4,2018-07-01,Mixed Conifer Meadow
3,Ambient,24,-1350.4267412857225,181.63624352602127,37.07634295288805,0.049416666666666664,0.001100065874180373,2.2455000626588615e-4,2018-07-01,Mixed Conifer Meadow
4,Addition,24,-653.8837212029997,110.32232717199031,22.519450733980015,0.055625,0.0016891598117304406,3.447983027296066e-4,2018-07-01,Mixed Conifer Meadow
5,Exclusion,24,-43523.56383563307,11395.059715886711,2326.0068243721917,0.028333333333333332,0.001203858530857692,2.457365935914952e-4,2018-07-01,Mixed Conifer Meadow
6,Addition,24,-149818.91244585192,100097.24561238615,20432.26470069903,0.024125,0.002863753997207466,5.845613368345012e-4,2018-07-01,Mixed Conifer Meadow
7,Ambient,24,-1127.098536824609,293.4990893243581,59.91025073468492,0.051125000000000004,0.002271036920803396,4.63573470249151e-4,2018-07-01,Mixed Conifer Meadow
9,Addition,24,-21446.362776621314,10314.9595425329,2105.532299721484,0.03233333333333333,0.0028386565509925204,5.794383420783711e-4,2018-07-01,Mixed Conifer Meadow
10,Exclusion,24,-4353864.761200199,5454319.421511587,1113358.289737976,0.016833333333333332,0.004931413649219679,0.0010066205959320472,2018-07-01,Mixed Conifer Meadow
12,Ambient,24,-240974.38609961563,105098.64214619496,21453.170493128702,0.021833333333333333,0.0018804871400937499,3.8385283009127616e-4,2018-07-01,Mixed Conifer Meadow
2,Exclusion,24,-61871.67022550557,31856.12606221744,6502.6045028507915,0.02725,0.002269840063318003,4.633291627379807e-4,2018-07-02,Mixed Conifer Meadow
3,Ambient,24,-1765.5959131366214,187.5947747790571,38.29262305175174,0.04729166666666667,8.064504441319261e-4,1.6461600758034097e-4,2018-07-02,Mixed Conifer Meadow
4,Addition,24,-753.4824029171623,97.64461319464716,19.931623204859935,0.05429166666666667,0.0011601786469133215,2.3682047461752066e-4,2018-07-02,Mixed Conifer Meadow
5,Exclusion,24,-50579.00273911886,10387.203995920083,2120.2791370168907,0.027583333333333335,8.805466023105087e-4,1.7974082253351413e-4,2018-07-02,Mixed Conifer Meadow
6,Addition,24,-203970.501193644,141779.86643082913,28940.69404629042,0.023083333333333334,0.0029623238038473413,6.046818143605426e-4,2018-07-02,Mixed Conifer Meadow
7,Ambient,24,-1743.5081895295298,469.39372656388423,95.81459321208386,0.04766666666666667,0.0021602468994692875,4.409585518440986e-4,2018-07-02,Mixed Conifer Meadow
9,Addition,24,-34842.20755145272,17084.239827733007,3487.305851773321,0.029916666666666668,0.0026196028020636477,5.347241828184148e-4,2018-07-02,Mixed Conifer Meadow
10,Exclusion,24,-7054152.1699214,9131002.581236638,1863858.097005489,0.0155,0.004232380356047985,8.63931022474713e-4,2018-07-02,Mixed Conifer Meadow
12,Ambient,24,-315038.402842565,117616.96272949575,24008.461981934266,0.02075,0.0013909646324388163,2.839294666444212e-4,2018-07-02,Mixed Conifer Meadow
2,Exclusion,24,-75654.47719911102,47174.578541631614,9629.470521487172,0.02691666666666667,0.0032559866823072725,6.646254984125246e-4,2018-07-03,Mixed Conifer Meadow
3,Ambient,24,-2129.731147508235,456.2031257062767,93.12207308692913,0.04604166666666667,0.001706233244330322,3.4828340256523236e-4,2018-07-03,Mixed Conifer Meadow
4,Addition,24,-781.7487229492169,198.2286830382003,40.46326048562412,0.05425,0.0025065132546332526,5.116398756145194e-4,2018-07-03,Mixed Conifer Meadow
5,Exclusion,24,-48121.23116007157,14849.448496751362,3031.1309815649624,0.02795833333333333,0.001458980187804412,2.978130837458985e-4,2018-07-03,Mixed Conifer Meadow
6,Addition,24,-241831.17721197725,202678.0799280105,41371.48982255424,0.023625,0.004688677388365925,9.570722641684795e-4,2018-07-03,Mixed Conifer Meadow
7,Ambient,24,-2267.022277111028,856.5501098125206,174.84255901379785,0.046125,0.0034047600949770065,6.949937441069714e-4,2018-07-03,Mixed Conifer Meadow
9,Addition,24,-54495.25978574708,38262.60258590494,7810.321047196939,0.02875,0.004013563958899112,8.192653124439685e-4,2018-07-03,Mixed Conifer Meadow
10,Exclusion,24,-10441828.502922812,15388918.764193825,3141249.888784697,0.016625,0.006384849594769331,0.001303301965966734,2018-07-03,Mixed Conifer Meadow
12,Ambient,24,-421505.1831361176,210640.67480674063,42996.847696003184,0.02008333333333333,0.0020198292365760867,4.122959164305585e-4,2018-07-03,Mixed Conifer Meadow
2,Exclusion,24,-103970.43491259919,61652.02237739876,12584.666369606437,0.025375,0.0026996376568459834,5.510612291396208e-4,2018-07-04,Mixed Conifer Meadow
3,Ambient,24,-2631.3738996139386,366.3464894925529,74.78016402638615,0.044375,0.0010134958870382652,2.0687898163776412e-4,2018-07-04,Mixed Conifer Meadow
4,Addition,24,-870.8345580818691,136.74391635281864,27.91273504118585,0.05308333333333333,0.0014421200175184935,2.943715158978206e-4,2018-07-04,Mixed Conifer Meadow
5,Exclusion,24,-55580.98342591895,11334.781906015727,2313.702667955824,0.027166666666666665,8.68114732282432e-4,1.772031776903985e-4,2018-07-04,Mixed Conifer Meadow
6,Addition,24,-316095.2715836435,230722.26085980298,47095.984283986014,0.021791666666666668,0.003216522111342253,6.565698265973451e-4,2018-07-04,Mixed Conifer Meadow
7,Ambient,24,-3411.3316341545897,1221.2424041107065,249.28506186008707,0.043041666666666666,0.002758058022952202,5.629862364351893e-4,2018-07-04,Mixed Conifer Meadow
9,Addition,24,-98958.96146626909,58818.21200553487,12006.21724970034,0.02575,0.0030962810792528397,6.320257287002883e-4,2018-07-04,Mixed Conifer Meadow
10,Exclusion,24,-7227193.325977371,9068070.657254636,1851012.1718148622,0.015291666666666667,0.004112326821163169,8.39425197284278e-4,2018-07-04,Mixed Conifer Meadow
12,Ambient,24,-693107.2590106836,311931.0502964482,63672.65901306112,0.018458333333333334,0.0016934443076725037,3.456728718015299e-4,2018-07-04,Mixed Conifer Meadow
2,Exclusion,24,-109739.79234696072,67452.08433044291,13768.599058063823,0.025333333333333333,0.0030455479505075247,6.216698721602093e-4,2018-07-05,Mixed Conifer Meadow
3,Ambient,24,-3296.1048385706117,666.8779234193125,136.12588609201265,0.042874999999999996,0.0014237885773679577,2.9062962634622216e-4,2018-07-05,Mixed Conifer Meadow
4,Addition,24,-960.8065697472015,170.44453419519772,34.79184485204946,0.05229166666666667,0.001680558050862524,3.430424756449536e-4,2018-07-05,Mixed Conifer Meadow
5,Exclusion,24,-60106.177679747045,16835.12190578571,3436.454868893874,0.026916666666666665,0.0012128538629008956,2.475727580558916e-4,2018-07-05,Mixed Conifer Meadow
6,Addition,24,-378627.779942137,278855.9629057253,56921.23507095838,0.021249999999999998,0.003260434753619323,6.655334571670276e-4,2018-07-05,Mixed Conifer Meadow
7,Ambient,24,-4225.593731971307,1604.1219594634883,327.4400238232557,0.041666666666666664,0.0029142329390747755,5.948653076953782e-4,2018-07-05,Mixed Conifer Meadow
9,Addition,24,-148755.6175497322,93246.1785738738,19033.796497536037,0.024375,0.0034491649903179147,7.040578554125477e-4,2018-07-05,Mixed Conifer Meadow
10,Exclusion,24,-10968699.150348261,15279831.995210217,3118982.6453098045,0.015208333333333332,0.00486316381780838,9.926891574329924e-4,2018-07-05,Mixed Conifer Meadow
12,Ambient,24,-730031.7098539639,297221.64370974863,60670.11396668214,0.01825,0.0016218615177038679,3.310610959858652e-4,2018-07-05,Mixed Conifer Meadow
2,Exclusion,24,-99550.68389963952,58394.099328513716,11919.64561202137,0.025541666666666667,0.002734309652428254,5.581386206013372e-4,2018-07-06,Mixed Conifer Meadow
3,Ambient,24,-3526.7882427735494,704.2365449717225,143.75168278344157,0.042416666666666665,0.0014719601443879727,3.0046260628866547e-4,2018-07-06,Mixed Conifer Meadow
4,Addition,24,-1032.7217967716274,180.00837965065446,36.74405663077486,0.051666666666666666,0.001522773975253761,3.1083493608010445e-4,2018-07-06,Mixed Conifer Meadow
5,Exclusion,24,-59956.79044113026,11508.70495530728,2349.204561728593,0.026833333333333334,8.68114732282432e-4,1.772031776903985e-4,2018-07-06,Mixed Conifer Meadow
6,Addition,24,-343198.63381431054,266093.3082357645,54316.069095562314,0.022125,0.004163114427820888,8.497921740816605e-4,2018-07-06,Mixed Conifer Meadow
7,Ambient,24,-5054.789412499698,1767.974731344397,360.88633082732883,0.04041666666666666,0.0027173623186859883,5.546792605872369e-4,2018-07-06,Mixed Conifer Meadow
9,Addition,24,-204882.01058274508,141962.98031185765,28978.07201073547,0.023583333333333335,0.003922251645549338,8.006262645322954e-4,2018-07-06,Mixed Conifer Meadow
10,Exclusion,24,-5535668.874571257,6020853.792563326,1229001.633973422,0.015791666666666666,0.004510655661071196,9.207337312517309e-4,2018-07-06,Mixed Conifer Meadow
12,Ambient,24,-1147237.5833757084,568993.8501174713,116145.3832974546,0.017083333333333332,0.0016918388932104943,3.453451679467292e-4,2018-07-06,Mixed Conifer Meadow
2,Exclusion,24,-95018.64784500047,60524.22584803765,12354.455867055061,0.025791666666666668,0.0027023205272291555,5.516088677633539e-4,2018-07-07,Mixed Conifer Meadow
3,Ambient,24,-21788.503627591865,17964.078183959904,3666.902104180404,0.034458333333333334,0.005904892346452085,0.0012053311029061064,2018-07-07,Mixed Conifer Meadow
4,Addition,24,-919.2292451149398,438.23246462736074,89.45382725494268,0.05379166666666667,0.0047087260962255335,9.611646895233268e-4,2018-07-07,Mixed Conifer Meadow
5,Exclusion,24,-13450792520129628e3,26784361719383024e3,5467334941551927e3,0.012645833333333334,0.01219237035721669,0.0024887571775179963,2018-07-07,Mixed Conifer Meadow
6,Addition,24,-2064360.0667642958,5322782.0393447885,1086508.3340371323,0.017875,0.002802367011932095,5.72030770936801e-4,2018-07-07,Mixed Conifer Meadow
7,Ambient,24,-5154.841910494814,3415.605085658832,697.2074685599474,0.04170833333333333,0.005120115204772735,0.0010451391396632506,2018-07-07,Mixed Conifer Meadow
9,Addition,24,-7679144.751027225,22152062.61261685,4521770.845924642,0.017875,0.0043470379720488735,8.873354103352254e-4,2018-07-07,Mixed Conifer Meadow
10,Exclusion,24,-7696997.645772956,5028778.660590315,1026495.1456535757,0.012791666666666666,0.0015874279625330671,3.2403237596932894e-4,2018-07-07,Mixed Conifer Meadow
12,Ambient,24,-5217503.896349755,8805408.303506125,1797396.44337134,0.016458333333333332,0.00428322477728564,8.743095964996615e-4,2018-07-07,Mixed Conifer Meadow
2,Exclusion,24,-41718.80494361294,14716.967423371918,3004.0883957019746,0.028791666666666667,0.002146365313261239,4.3812498492491736e-4,2018-07-08,Mixed Conifer Meadow
3,Ambient,24,-35821.30876917489,16853.267045294375,3440.1587299861944,0.029708333333333333,0.002440227478110911,4.981093481408617e-4,2018-07-08,Mixed Conifer Meadow
4,Addition,24,-335.0842364878781,126.21205026981158,25.762926879294863,0.06354166666666666,0.007342426838863153,0.0014987666024109342,2018-07-08,Mixed Conifer Meadow
5,Exclusion,24,-18831117375989486e3,2997732637876829e4,611909612340471e4,0.004320833333333334,0.005481191489532867,0.001118843527653434,2018-07-08,Mixed Conifer Meadow
6,Addition,24,-485606.5732731521,335170.59697624977,68416.4116146532,0.020625,0.0038539928476276674,7.866929957519753e-4,2018-07-08,Mixed Conifer Meadow
7,Ambient,24,-1407.1334195354038,811.3417486752546,165.61444093931695,0.051666666666666666,0.007932687831490917,0.0016192531229948278,2018-07-08,Mixed Conifer Meadow
9,Addition,24,-319089.8587509386,389832.78041145246,79574.28308487499,0.0275,0.009518859997508835,0.0019430291605739168,2018-07-08,Mixed Conifer Meadow
10,Exclusion,24,-7016295.748499835,7658193.624557346,1563222.2276333957,0.014875,0.0038143037429494604,7.785914911845157e-4,2018-07-08,Mixed Conifer Meadow
12,Ambient,24,-77999.68301889315,77146.79225293771,15747.523026016308,0.068375,0.07857857463268438,0.016039784380440236,2018-07-08,Mixed Conifer Meadow
2,Exclusion,24,-18595.44915932202,30847.122532159217,6296.642519741656,0.037333333333333336,0.007293038173292489,0.0014886851832671766,2018-07-09,Mixed Conifer Meadow
3,Ambient,24,-8271.254183642255,4663.27950792154,951.8879435320666,0.038125,0.004057333671481693,8.28199767611935e-4,2018-07-09,Mixed Conifer Meadow
4,Addition,24,-0.25515364669993146,0.3620782770181771,0.07390891880338592,0.21533333333333332,0.03170882015090311,0.006472535809616143,2018-07-09,Mixed Conifer Meadow
5,Exclusion,24,-10760639639630805e3,24579013639172895e3,5017170149740154e3,0.0035583333333333335,0.004102800386869041,8.37480622026881e-4,2018-07-09,Mixed Conifer Meadow
6,Addition,24,-82273.67771086561,299249.8088842528,61084.11144931697,0.10758333333333334,0.07235835738916391,0.014770087852449699,2018-07-09,Mixed Conifer Meadow
7,Ambient,24,-2.7061329670999954,11.791526687504621,2.40693530606639,0.197,0.03304016001645639,0.0067442944216854015,2018-07-09,Mixed Conifer Meadow
9,Addition,24,-1.1366892622916793,4.7313442338969045,0.9657815975422336,0.23116666666666666,0.05333052528839587,0.010886047889263716,2018-07-09,Mixed Conifer Meadow
10,Exclusion,24,-76271.69093398635,156611.35907879888,31968.159805570922,0.03891666666666667,0.014896502848032797,0.0030407359107997283,2018-07-09,Mixed Conifer Meadow
12,Ambient,24,-0.16007945340344443,0.08499767620925826,0.017350078002915322,0.21991666666666668,0.025947969119938373,0.005296607017111975,2018-07-09,Mixed Conifer Meadow
2,Exclusion,24,-945.1244699274356,640.4906865148514,130.73961391385706,0.054625,0.006141891083937952,0.001253708267616456,2018-07-10,Mixed Conifer Meadow
3,Ambient,24,-1646.4837268314914,707.1837859712341,144.35328583325938,0.048666666666666664,0.003655450566015045,7.461657222254014e-4,2018-07-10,Mixed Conifer Meadow
4,Addition,24,-0.12983317666104138,0.018246570356958564,0.0037245655775284665,0.22004166666666666,0.00484973479029853,9.899479686712482e-4,2018-07-10,Mixed Conifer Meadow
5,Exclusion,24,-3497206628861179e4,32861499738360422e3,6707825545132163e3,8.041666666666667e-4,9.466091276655377e-4,1.9322577905347223e-4,2018-07-10,Mixed Conifer Meadow
6,Addition,24,-0.7101737219409091,0.18061124488206148,0.03686711598082587,0.16791666666666666,0.006801001631260333,0.0013882486447019875,2018-07-10,Mixed Conifer Meadow
7,Ambient,24,-0.1237764222393761,0.006311702639238057,0.0012883709061925948,0.22141666666666668,0.0017916877315917073,3.657267267336956e-4,2018-07-10,Mixed Conifer Meadow
9,Addition,24,-0.11124796705054066,0.0288914479391756,0.005897442115097069,0.22670833333333335,0.010204343349202132,0.0020829528638090307,2018-07-10,Mixed Conifer Meadow
10,Exclusion,24,-246.65994204816937,89.8404642223611,18.338607966629386,0.06566666666666666,0.0037144449719002954,7.582079049001937e-4,2018-07-10,Mixed Conifer Meadow
12,Ambient,24,-0.4103633296531075,0.10847974012637887,0.02214333422827915,0.18366666666666667,0.008395996285324841,0.0017138255651124054,2018-07-10,Mixed Conifer Meadow
2,Exclusion,24,-318.10358240178385,234.65508161615864,47.89876795922751,0.06920833333333333,0.015623224536808535,0.0031890773543425815,2018-07-11,Mixed Conifer Meadow
3,Ambient,24,-340.7608162489303,211.68043964181624,43.209088804205216,0.065875,0.011334105898646753,0.0023135646785294615,2018-07-11,Mixed Conifer Meadow
4,Addition,24,-0.11263936811242205,0.06080110009996219,0.012410972587065888,0.23266666666666666,0.025295929672004835,0.005163510022145041,2018-07-11,Mixed Conifer Meadow
5,Exclusion,24,-32281899451742028e3,32976209758816838e3,6731240630007366e3,0.025841666666666666,0.029978338798229785,0.006119302782661904,2018-07-11,Mixed Conifer Meadow
6,Addition,24,-0.6639556687294859,0.3524958382413247,0.0719529116788236,0.17404166666666668,0.017429308566361698,0.0035577427130921635,2018-07-11,Mixed Conifer Meadow
7,Ambient,24,-0.12281301779695288,0.05012436614885739,0.010231593395427879,0.22554166666666667,0.016785032583840273,0.003426230428866515,2018-07-11,Mixed Conifer Meadow
9,Addition,24,-0.11102553339960955,0.07986985036150045,0.016303364934843557,0.24537499999999998,0.04386323854496125,0.008953546075094528,2018-07-11,Mixed Conifer Meadow
10,Exclusion,24,-119.53272351409649,103.02909924059172,21.03072681650163,0.09933333333333333,0.04061127137038239,0.008289741055261318,2018-07-11,Mixed Conifer Meadow
12,Ambient,24,-0.36957095184498984,0.2799071514900171,0.05713580804220451,0.20420833333333333,0.039491307977795584,0.008061129485058481,2018-07-11,Mixed Conifer Meadow
2,Exclusion,24,-5.241810806427533,3.5176697666168564,0.7180413343188738,0.12533333333333335,0.012203587023161844,0.002491046769866403,2018-07-12,Mixed Conifer Meadow
3,Ambient,24,-7.156669269793803,5.671982638212833,1.1577886077955504,0.12029166666666667,0.01293622875851976,0.002640596637857577,2018-07-12,Mixed Conifer Meadow
4,Addition,24,-0.11664002857075025,0.022993943524592303,0.004693619067468711,0.22425,0.006929771939280167,0.0014145337737577887,2018-07-12,Mixed Conifer Meadow
5,Exclusion,24,-974.6670934727782,974.0135277195405,198.81967879008945,0.05779166666666667,0.010508709293461914,0.002145081302018768,2018-07-12,Mixed Conifer Meadow
6,Addition,24,-0.6199797304714955,0.12718686366416432,0.02596190983017775,0.17124999999999999,0.005285336565318767,0.0010788648086587662,2018-07-12,Mixed Conifer Meadow
7,Ambient,24,-0.07648434554696587,0.005733705163046285,0.0011703876654187355,0.239375,0.00281011372197546,5.736120615027624e-4,2018-07-12,Mixed Conifer Meadow
9,Addition,24,-0.0581146958805651,0.01729821017537056,0.003530982366089816,0.2522916666666667,0.012979847814029355,0.002649500340279297,2018-07-12,Mixed Conifer Meadow
10,Exclusion,24,-0.9007690321482691,0.06871017266624285,0.014025405264235248,0.16075,0.0019167454300136645,3.912540225287503e-4,2018-07-12,Mixed Conifer Meadow
12,Ambient,24,-0.20702365171824683,0.05545409680425922,0.0113195201097782,0.20516666666666666,0.009521904571390462,0.0019436506316150993,2018-07-12,Mixed Conifer Meadow
2,Exclusion,24,-1.535165068399808,1.085609508353302,0.2215991129482752,0.16191666666666668,0.03214088100665658,0.006560729862484998,2018-07-13,Mixed Conifer Meadow
3,Ambient,24,-1.2510406692240774,0.7934052822964994,0.16195317507127227,0.16570833333333332,0.03316425415448369,0.006769625031538516,2018-07-13,Mixed Conifer Meadow
4,Addition,24,-0.10145510593682328,0.08563421876535042,0.017480011708081385,0.256375,0.05178367419412685,0.010570298231844974,2018-07-13,Mixed Conifer Meadow
5,Exclusion,24,-899.1397958366272,1478.8787943702118,301.8748698024489,0.1255,0.08442593872995895,0.017233372578656293,2018-07-13,Mixed Conifer Meadow
6,Addition,24,-0.503664805149665,0.503959899909208,0.10287038380013684,0.215875,0.0596010741805738,0.012166018322014572,2018-07-13,Mixed Conifer Meadow
7,Ambient,24,-0.07167120501823215,0.029402373104729377,0.006001734277793217,0.2465416666666667,0.019930267928709458,0.004068248905191196,2018-07-13,Mixed Conifer Meadow
9,Addition,24,-0.04922098547922777,0.044491333879134606,0.009081755498306828,0.29070833333333335,0.05923459562485912,0.012091211200083479,2018-07-13,Mixed Conifer Meadow
10,Exclusion,24,-0.6456488732116774,0.5348222388456463,0.10917013235539547,0.195125,0.04623880593087416,0.009438456737184854,2018-07-13,Mixed Conifer Meadow
12,Ambient,24,-0.16832275819657147,0.14471549887239119,0.0295399275091394,0.23625000000000002,0.049142428316776995,0.010031156174783572,2018-07-13,Mixed Conifer Meadow
2,Exclusion,24,-0.12803955805725353,0.06836987070088146,0.013955941416435108,0.22670833333333332,0.021296007314429433,0.004347029289910869,2018-07-14,Mixed Conifer Meadow
3,Ambient,24,-0.07516349139307651,0.028254379298742444,0.005767401023414582,0.24320833333333333,0.015376377044495649,0.0031386898209715677,2018-07-14,Mixed Conifer Meadow
4,Addition,24,-0.02038071844125615,0.009086520366268726,0.001854778202897141,0.3020833333333333,0.023409245045989593,0.004778392135537453,2018-07-14,Mixed Conifer Meadow
5,Exclusion,24,-0.09504007855521449,0.05185696186424874,0.010585258014864644,0.23820833333333333,0.023129087966128885,0.004721205311080212,2018-07-14,Mixed Conifer Meadow
6,Addition,24,-0.0712236054814789,0.04339338528498763,0.008857637680017976,0.25233333333333335,0.02982800940269961,0.006088616923296074,2018-07-14,Mixed Conifer Meadow
7,Ambient,24,-0.05457831043604754,0.037952968998766476,0.007747117355887203,0.266375,0.03410445909899147,0.006961543562179004,2018-07-14,Mixed Conifer Meadow
9,Addition,24,-0.012693810301728631,0.0059008417201186335,0.0012045042722681365,0.326625,0.026404565646049205,0.005389809392720218,2018-07-14,Mixed Conifer Meadow
10,Exclusion,24,-0.04219076841824755,0.026579091217153936,0.005425434275743086,0.27508333333333335,0.03176259307488259,0.006483512161760077,2018-07-14,Mixed Conifer Meadow
12,Ambient,24,-0.0456569570816796,0.02277993813548005,0.004649935400341146,0.2680416666666667,0.027882485022223052,0.005691488422103414,2018-07-14,Mixed Conifer Meadow
2,Exclusion,24,-0.07066545586623901,0.04000062149621045,0.008165092671659983,0.2527916666666667,0.03150704430091325,0.006431348486708517,2018-07-15,Mixed Conifer Meadow
3,Ambient,24,-0.047361390194184075,0.018368897317243345,0.0037495354637354177,0.26316666666666666,0.02067064010423578,0.004219376742674013,2018-07-15,Mixed Conifer Meadow
4,Addition,24,-0.018953030766823368,0.008849619476399716,0.0018064210112479454,0.30795833333333333,0.03062462658748982,0.0062512257252184435,2018-07-15,Mixed Conifer Meadow
5,Exclusion,24,-0.06733885914445159,0.03736253158059343,0.007626594822589682,0.2545,0.03217479434750668,0.0065676523941979835,2018-07-15,Mixed Conifer Meadow
6,Addition,24,-0.07364073316356293,0.03767011772970479,0.00768938058236222,0.2517916666666667,0.03662973271593146,0.007477012880713627,2018-07-15,Mixed Conifer Meadow
7,Ambient,24,-0.029148038158997372,0.022269782344254228,0.004545800285522055,0.30583333333333335,0.05703901537861886,0.01164304025903157,2018-07-15,Mixed Conifer Meadow
9,Addition,24,-0.01321656791592885,0.0058983760262222825,0.0012040009646091404,0.3264166666666667,0.033451998922098186,0.006828360686272787,2018-07-15,Mixed Conifer Meadow
10,Exclusion,24,-0.022248335962170945,0.0136128076795664,0.0027787027317981647,0.306625,0.04078875857496715,0.008325970479186788,2018-07-15,Mixed Conifer Meadow
12,Ambient,24,-0.04417100070206053,0.02052692921085347,0.004190041879401831,0.2725,0.04002933706779262,0.00817095421316404,2018-07-15,Mixed Conifer Meadow
2,Exclusion,24,-0.06191863908357448,0.02312428455263681,0.004720224818406947,0.2532083333333333,0.024350661390297543,0.0049705579421266835,2018-07-16,Mixed Conifer Meadow
3,Ambient,24,-0.042821225337105466,0.013810393983525316,0.002819034867203315,0.26687500000000003,0.02092909873628206,0.004272134390018274,2018-07-16,Mixed Conifer Meadow
4,Addition,24,-0.017411698373744053,0.00660381678870677,0.0013479984572630484,0.30983333333333335,0.026861426467781977,0.005483065717446378,2018-07-16,Mixed Conifer Meadow
5,Exclusion,24,-0.0747524461019023,0.033775509443476716,0.006894396994922716,0.24795833333333334,0.02882553090376755,0.005883986856588178,2018-07-16,Mixed Conifer Meadow
6,Addition,24,-0.09168269365719423,0.05281179467633465,0.010780162446471082,0.24270833333333333,0.03267026192874422,0.006668789290708229,2018-07-16,Mixed Conifer Meadow
7,Ambient,24,-0.01331203353206848,0.004626984628916918,9.444792823789518e-4,0.323125,0.027582780545273092,0.00563031150192382,2018-07-16,Mixed Conifer Meadow
9,Addition,24,-0.01595827203426024,0.006619031686922133,0.0013511041853560503,0.316125,0.03216575616342973,0.006565807482598827,2018-07-16,Mixed Conifer Meadow
10,Exclusion,24,-0.02187175382259234,0.008826276896143181,0.0018016562270055725,0.29970833333333335,0.028482609746492936,0.005813988368477552,2018-07-16,Mixed Conifer Meadow
12,Ambient,24,-0.04366833992073174,0.01948324116276134,0.003976999948696242,0.27225,0.03837033500890567,0.007832311835955728,2018-07-16,Mixed Conifer Meadow
2,Exclusion,24,-0.05541334861515529,0.01581480635568316,0.003228183829362343,0.25408333333333333,0.012724220883867491,0.002597320711661744,2018-07-17,Mixed Conifer Meadow
3,Ambient,24,-0.04255467216397209,0.008542773283637884,0.001743786294432764,0.2640416666666667,0.009091224467520347,0.0018557384235442127,2018-07-17,Mixed Conifer Meadow
4,Addition,24,-0.022126742761370874,0.00789513327884543,0.0016115873320365003,0.29583333333333334,0.017692215597646978,0.0036114083861287357,2018-07-17,Mixed Conifer Meadow
5,Exclusion,24,-0.0779293277575754,0.03604699238868993,0.007358061509523273,0.24379166666666666,0.02011916492057882,0.004106807342193413,2018-07-17,Mixed Conifer Meadow
6,Addition,24,-0.1358823974154051,0.07026452097240286,0.01434268528362286,0.22383333333333333,0.019903389850380558,0.004062762440426833,2018-07-17,Mixed Conifer Meadow
7,Ambient,24,-0.01339517144078972,0.002400794369507182,4.900600985532876e-4,0.31795833333333334,0.009679557871086382,0.0019758314766585225,2018-07-17,Mixed Conifer Meadow
9,Addition,24,-0.020756027204504177,0.008010947548312322,0.0016352278207970902,0.29975,0.020315447110618754,0.004146873276459566,2018-07-17,Mixed Conifer Meadow
10,Exclusion,24,-0.021970646265460563,0.008690832808772204,0.0017740088184442528,0.2971666666666667,0.02039110348777808,0.004162316569778558,2018-07-17,Mixed Conifer Meadow
12,Ambient,24,-0.059142337793165946,0.019609993477833286,0.004002873156666472,0.25216666666666665,0.014784441489110359,0.003017861481696157,2018-07-17,Mixed Conifer Meadow
2,Exclusion,24,-0.05904697470825047,0.03986579921680201,0.008137572189117514,0.2677083333333333,0.044196674246969686,0.009021608352756809,2018-07-18,Mixed Conifer Meadow
3,Ambient,24,-0.04111397315780003,0.019925553308551905,0.004067286537381443,0.2735,0.031556712233002375,0.0064414869108916474,2018-07-18,Mixed Conifer Meadow
4,Addition,24,-0.024154017118501556,0.014407708271738524,0.0029409611357196557,0.302375,0.04050530024362351,0.008268109789592398,2018-07-18,Mixed Conifer Meadow
5,Exclusion,24,-0.09053845813825645,0.06684196826668606,0.013644059638057185,0.25458333333333333,0.047558583248239326,0.00970785515398851,2018-07-18,Mixed Conifer Meadow
6,Addition,24,-0.1517458896935586,0.11330436285538786,0.02312815621890466,0.23575000000000002,0.04832071299502756,0.009863424237107487,2018-07-18,Mixed Conifer Meadow
7,Ambient,24,-0.012712397401152063,0.005242700273855042,0.0010701617121078738,0.328875,0.0371299861239567,0.007579126680026141,2018-07-18,Mixed Conifer Meadow
9,Addition,24,-0.023109442007814656,0.015356825590051039,0.0031346988970450207,0.30954166666666666,0.04858428728523752,0.009917226113801707,2018-07-18,Mixed Conifer Meadow
10,Exclusion,24,-0.025491889583781294,0.017072439290901027,0.0034848970772792154,0.30495833333333333,0.046893477034719834,0.009572090916665396,2018-07-18,Mixed Conifer Meadow
12,Ambient,24,-0.06063935419936058,0.040178398538175744,0.00820138125839301,0.26758333333333334,0.04970776920000111,0.01014655589933636,2018-07-18,Mixed Conifer Meadow
2,Exclusion,24,-0.04009331162853668,0.006038886928375352,0.0012326826324069032,0.266125,0.006719941122930487,0.0013717022377270917,2018-07-19,Mixed Conifer Meadow
3,Ambient,24,-0.034448581768352055,0.0065047465157680165,0.0013277758224815312,0.27316666666666667,0.009480720329754186,0.001935243933494069,2018-07-19,Mixed Conifer Meadow
4,Addition,24,-0.018042800015878088,0.0047061375283374805,9.606363003158031e-4,0.304125,0.013935605008628867,0.002844593460676191,2018-07-19,Mixed Conifer Meadow
5,Exclusion,24,-0.05406805823116595,0.01066729788380063,0.002177453062465196,0.253875,0.007725240955859375,0.0015769082068255046,2018-07-19,Mixed Conifer Meadow
6,Addition,24,-0.08502199709287886,0.03434161949471529,0.007009953725238996,0.23879166666666668,0.016505543644924056,0.0033691799881084626,2018-07-19,Mixed Conifer Meadow
7,Ambient,24,-0.015894089135525934,0.003760083562061154,7.675238431063694e-4,0.3102083333333333,0.01377451700933938,0.0028117115105141025,2018-07-19,Mixed Conifer Meadow
9,Addition,24,-0.01526310886280093,0.004435661917324566,9.054256974117076e-4,0.31325,0.017341205013041854,0.0035397586505788543,2018-07-19,Mixed Conifer Meadow
10,Exclusion,24,-0.01641519296387122,0.0029376706033183183,5.996495008753243e-4,0.307625,0.008870137982358962,0.0018106093337383127,2018-07-19,Mixed Conifer Meadow
12,Ambient,24,-0.043301843788140976,0.01493266252447895,0.003048116973846162,0.266125,0.01943621116235945,0.003967399990063949,2018-07-19,Mixed Conifer Meadow
2,Exclusion,24,-0.06313859892777368,0.011427424008800232,0.0023326131579991995,0.2475,0.007156632679154905,0.0014608415283714029,2018-07-20,Mixed Conifer Meadow
3,Ambient,24,-0.04622377205513062,0.007203045913027886,0.001470315590063175,0.26008333333333333,0.006453288118179132,0.0013172719210586953,2018-07-20,Mixed Conifer Meadow
4,Addition,24,-0.034314308200912,0.014562610335806794,0.002972580387142253,0.27675,0.018750652162571275,0.00382746084522613,2018-07-20,Mixed Conifer Meadow
5,Exclusion,24,-0.10639552123102249,0.04097563029953752,0.008364115510232731,0.22995833333333332,0.01446278332304247,0.0029522032834906784,2018-07-20,Mixed Conifer Meadow
6,Addition,24,-0.20797029083841226,0.11544417450023098,0.023564943441865594,0.20991666666666667,0.02005842914363298,0.004094409703639347,2018-07-20,Mixed Conifer Meadow
7,Ambient,24,-0.01657483973936415,0.004380145761765225,8.940935096115941e-4,0.30825,0.013426935938465353,0.0027407618215231425,2018-07-20,Mixed Conifer Meadow
9,Addition,24,-0.027526393588659596,0.009509644060289984,0.0019411479652666078,0.28520833333333334,0.015786563264692684,0.0032224187325552048,2018-07-20,Mixed Conifer Meadow
10,Exclusion,24,-0.02986374554888746,0.008949240522661292,0.0018267560721632002,0.28075,0.013546217184144053,0.002765110003839507,2018-07-20,Mixed Conifer Meadow
12,Ambient,24,-0.07537765650472701,0.024788730431384264,0.005059978410691082,0.24220833333333333,0.012981522543069895,0.0026498421929131923,2018-07-20,Mixed Conifer Meadow
2,Exclusion,24,-0.07199725599435634,0.030976791801730068,0.006323111148555654,0.2477916666666667,0.02372483411160525,0.0048428114838007935,2018-07-21,Mixed Conifer Meadow
3,Ambient,24,-0.04926149486101025,0.018750181985643502,0.0038273648707626406,0.26166666666666666,0.021078871900073543,0.004302706709055892,2018-07-21,Mixed Conifer Meadow
4,Addition,24,-0.04388329034759432,0.024025646486092893,0.004904214552618271,0.275875,0.04059590094964076,0.008286603581265577,2018-07-21,Mixed Conifer Meadow
5,Exclusion,24,-0.1396641375397939,0.0747793714486174,0.015264275277930133,0.22654166666666667,0.028741696973692013,0.005866874327270075,2018-07-21,Mixed Conifer Meadow
6,Addition,24,-0.25107713058943054,0.14777686975674406,0.030164827224145853,0.21154166666666666,0.036794351133867254,0.007510615474564204,2018-07-21,Mixed Conifer Meadow
7,Ambient,24,-0.014436832578400624,0.0042370517287826735,8.648845624412409e-4,0.316125,0.01778448884500932,0.0036302435838743486,2018-07-21,Mixed Conifer Meadow
9,Addition,24,-0.034188590918482205,0.018649585827562567,0.0038068307659807534,0.287125,0.04194542261392617,0.008562073537459811,2018-07-21,Mixed Conifer Meadow
10,Exclusion,24,-0.03717136773015257,0.015293116672098699,0.003121694368624348,0.27475,0.0240420826704018,0.004907569574691201,2018-07-21,Mixed Conifer Meadow
12,Ambient,24,-0.08935147890935746,0.05087519264968468,0.010384855213126732,0.24808333333333332,0.041572269882560006,0.008485904055128732,2018-07-21,Mixed Conifer Meadow
2,Exclusion,24,-0.058326182678816105,0.01295591041388428,0.002644614138935609,0.25104166666666666,0.008809476945765348,0.0017982269514947584,2018-07-22,Mixed Conifer Meadow
3,Ambient,24,-0.04348240429259681,0.00880810308967598,0.0017979465142948445,0.2630416666666667,0.008405376988502104,0.0017157403931301388,2018-07-22,Mixed Conifer Meadow
4,Addition,24,-0.033694130119730346,0.0155918686156772,0.003182676853743688,0.278375,0.020448902383640347,0.004174114719991793,2018-07-22,Mixed Conifer Meadow
5,Exclusion,24,-0.1083710346337851,0.05119650467255832,0.010450442755148556,0.23075,0.0174137626730923,0.003554569420916681,2018-07-22,Mixed Conifer Meadow
6,Addition,24,-0.20184990649078718,0.11293146067387096,0.023052037879847397,0.21041666666666667,0.018888498148842872,0.003855598539347472,2018-07-22,Mixed Conifer Meadow
7,Ambient,24,-0.01578452207819228,0.003619176644433929,7.387613389884459e-4,0.3102083333333333,0.011810014787262655,0.002410709173626461,2018-07-22,Mixed Conifer Meadow
9,Addition,24,-0.0257419411187349,0.010679295111752593,0.002179901986366043,0.28954166666666664,0.018784774516165694,0.003834426041486892,2018-07-22,Mixed Conifer Meadow
10,Exclusion,24,-0.03182097099925592,0.010331559575434815,0.002108920767248409,0.278125,0.0138511104561896,0.0028273460823827713,2018-07-22,Mixed Conifer Meadow
12,Ambient,24,-0.07639205015527972,0.031417364436870626,0.0064130426611163005,0.24304166666666668,0.016268078015513714,0.0033207075194831136,2018-07-22,Mixed Conifer Meadow
2,Exclusion,24,-0.09363501502137729,0.004901821856294136,0.0010005801964952405,0.231625,0.0019294626420214827,3.9384991255957943e-4,2018-07-23,Mixed Conifer Meadow
3,Ambient,24,-0.06178627765569332,0.0032899871649215233,6.715658178636317e-4,0.24770833333333334,0.0020951116327354007,4.2766287119759013e-4,2018-07-23,Mixed Conifer Meadow
4,Addition,24,-0.05078368317427955,0.014567897402168309,0.0029736596050440817,0.25804166666666667,0.01454073488564085,0.002968115079575566,2018-07-23,Mixed Conifer Meadow
5,Exclusion,24,-0.21044205169838623,0.03580508031350507,0.007308681413954882,0.20366666666666666,0.005180789487148156,0.0010575242256906942,2018-07-23,Mixed Conifer Meadow
6,Addition,24,-0.35183770899150946,0.08776380335941512,0.017914711343043933,0.18825,0.008753881126826474,0.0017868785024753916,2018-07-23,Mixed Conifer Meadow
7,Ambient,24,-0.019837247460749507,0.004201429692537511,8.576132447412764e-4,0.29883333333333334,0.011075498483890776,0.002260776661041758,2018-07-23,Mixed Conifer Meadow
9,Addition,24,-0.04101113263534065,0.00713842948127263,0.001457125816163196,0.2654166666666667,0.008329709356935241,0.0017002948025148282,2018-07-23,Mixed Conifer Meadow
10,Exclusion,24,-0.05739098782744497,0.007699984635552771,0.0015717527820312152,0.251,0.005208688393694591,0.0010632190661423908,2018-07-23,Mixed Conifer Meadow
12,Ambient,24,-0.1098632423562824,0.03580240840507901,0.007308136012931275,0.22804166666666667,0.012953022701340767,0.0026440246870809885,2018-07-23,Mixed Conifer Meadow
2,Exclusion,24,-0.11929580440905885,0.008898496498071855,0.0018163979915182535,0.22279166666666667,0.0025363302258366843,5.17726239374825e-4,2018-07-24,Mixed Conifer Meadow
3,Ambient,24,-0.06910079973894596,0.006758883504477676,0.0013796513180737075,0.24341666666666667,0.0037638632635454083,7.682953714410747e-4,2018-07-24,Mixed Conifer Meadow
4,Addition,24,-0.06002569473832545,0.014029985311816486,0.0028638587593910947,0.24995833333333334,0.00899506708613438,0.0018361103802610613,2018-07-24,Mixed Conifer Meadow
5,Exclusion,24,-0.3658798586954605,0.1352314175850694,0.027603997523054685,0.18816666666666668,0.011304738008873784,0.0023075699831322885,2018-07-24,Mixed Conifer Meadow
6,Addition,24,-0.37265339102436873,0.03474087715291843,0.007091451853447014,0.18541666666666667,0.002701314763087666,5.514035670176675e-4,2018-07-24,Mixed Conifer Meadow
7,Ambient,24,-0.02221046276262419,0.00670796088305696,0.0013692567815032344,0.29458333333333336,0.014521099092030858,0.0029641069399889758,2018-07-24,Mixed Conifer Meadow
9,Addition,24,-0.04880789486672721,0.008892919460026372,0.0018152595833942932,0.25795833333333335,0.007055550800713532,0.0014402082763361197,2018-07-24,Mixed Conifer Meadow
10,Exclusion,24,-0.08051066095929567,0.008342925621263217,0.0017029925611739354,0.2375,0.003776356652279725,7.708455737375173e-4,2018-07-24,Mixed Conifer Meadow
12,Ambient,24,-0.1340981839599237,0.037626564398683324,0.007680490295895459,0.22012500000000002,0.01019510752230228,0.002081067608537588,2018-07-24,Mixed Conifer Meadow
2,Exclusion,24,-0.1512873516527568,0.011317191050561627,0.0023101119496223574,0.21441666666666667,0.002619602802063649,5.34724182818415e-4,2018-07-25,Mixed Conifer Meadow
3,Ambient,24,-0.09462800736682639,0.013483007990034572,0.00275220748112111,0.23158333333333334,0.005182887114396728,0.0010579524020598243,2018-07-25,Mixed Conifer Meadow
4,Addition,24,-0.06723102876340294,0.03201770191839703,0.0065355860363835675,0.250375,0.022050953839174204,0.004501132103970213,2018-07-25,Mixed Conifer Meadow
5,Exclusion,24,-0.850392281972433,0.39034026823919316,0.07967787360392817,0.16529166666666667,0.012170810293008668,0.0024843562478403885,2018-07-25,Mixed Conifer Meadow
6,Addition,24,-0.31193051983628944,0.23327594713294736,0.04761725331168213,0.20995833333333333,0.04226158618256853,0.008626610155662408,2018-07-25,Mixed Conifer Meadow
7,Ambient,24,-0.019725490419745827,0.002594646284289746,5.296299549598516e-4,0.29825,0.00640142647146441,0.0013066857067527322,2018-07-25,Mixed Conifer Meadow
9,Addition,24,-0.042137099488694325,0.03038194664792223,0.006201688889989273,0.2861666666666667,0.050187185846472866,0.010244416412507366,2018-07-25,Mixed Conifer Meadow
10,Exclusion,24,-0.11677813087482024,0.01756270039945272,0.003584971207002789,0.223875,0.005084610198389378,0.0010378917105837934,2018-07-25,Mixed Conifer Meadow
12,Ambient,24,-0.22110086406682286,0.03710157076207698,0.007573326418570985,0.20208333333333334,0.00547656403442782,0.001117898952335517,2018-07-25,Mixed Conifer Meadow
2,Exclusion,24,-0.19658163829161868,0.015188599619289547,0.0031003599145575196,0.20554166666666665,0.0025191297093944153,5.142151986584991e-4,2018-07-26,Mixed Conifer Meadow
3,Ambient,24,-0.13711187357678353,0.018329990999211954,0.0037415937448231386,0.21808333333333332,0.00464305621487537,9.477598811252423e-4,2018-07-26,Mixed Conifer Meadow
4,Addition,24,-0.05190498129626771,0.013380836666183707,0.0027313518469728377,0.2562083333333333,0.010475558163677004,0.0021383143559879506,2018-07-26,Mixed Conifer Meadow
5,Exclusion,24,-2.0190748182657052,0.8825654131124839,0.18015291056285232,0.143625,0.01048731117361232,0.0021407134290948996,2018-07-26,Mixed Conifer Meadow
6,Addition,24,-0.1454609819421685,0.016587010564916654,0.0033858093535166296,0.21591666666666667,0.003900018580409106,7.960879591146598e-4,2018-07-26,Mixed Conifer Meadow
7,Ambient,24,-0.021948481804692038,0.0016003278751270862,3.266655596011497e-4,0.29283333333333333,0.0035098205908151727,7.164391280175801e-4,2018-07-26,Mixed Conifer Meadow
9,Addition,24,-0.024882033030193366,0.005870794903187085,0.001198370991445044,0.28812499999999996,0.010160933284762334,0.0020740918215107935,2018-07-26,Mixed Conifer Meadow
10,Exclusion,24,-0.1819321319306721,0.024205751206163473,0.004940978274654915,0.20833333333333334,0.004290197792812031,8.757329573336752e-4,2018-07-26,Mixed Conifer Meadow
12,Ambient,24,-0.3121414154532793,0.02388789236225088,0.004876095609836846,0.19075,0.0022506037837221275,4.5940257360803014e-4,2018-07-26,Mixed Conifer Meadow
2,Exclusion,24,-0.2588100114043897,0.016693068565317846,0.0034074583521935308,0.19658333333333333,0.0020198292365760885,4.1229591643055885e-4,2018-07-27,Mixed Conifer Meadow
3,Ambient,24,-0.18998959505586696,0.02620564429998332,0.005349204742986133,0.20691666666666667,0.0045484509227979334,9.284486567455183e-4,2018-07-27,Mixed Conifer Meadow
4,Addition,24,-0.05313288647848709,0.009186562895636794,0.0018751992986912385,0.2544166666666667,0.006933953428234691,0.0014153873166164277,2018-07-27,Mixed Conifer Meadow
5,Exclusion,24,-4.136129411098411,1.425710263755997,0.29102188893758457,0.12704166666666666,0.007327608107678128,0.001495741741574369,2018-07-27,Mixed Conifer Meadow
6,Addition,24,-0.19843724175957364,0.027851645321352286,0.005685193294523961,0.2055,0.004800362305167131,9.79869852345825e-4,2018-07-27,Mixed Conifer Meadow
7,Ambient,24,-0.024982012043548132,0.001309888585475993,2.673798878593509e-4,0.2867083333333333,0.0024756056205312285,5.053308812223025e-4,2018-07-27,Mixed Conifer Meadow
9,Addition,24,-0.043235352872245954,0.005130299715017646,0.0010472180441115989,0.26266666666666666,0.004949015419574731,0.0010102135422603408,2018-07-27,Mixed Conifer Meadow
10,Exclusion,24,-0.2641721701182704,0.032615437711243506,0.006657598344172885,0.196125,0.003848348036326195,7.855407534700667e-4,2018-07-27,Mixed Conifer Meadow
12,Ambient,24,-0.40258842019352015,0.02493566955587763,0.005089972233879418,0.18304166666666666,0.0017810394294555548,3.6355315116198215e-4,2018-07-27,Mixed Conifer Meadow
2,Exclusion,24,-0.22044858138829831,0.15449533055509776,0.031536227291884045,0.21879166666666666,0.038343957254970626,0.007826927499480598,2018-07-28,Mixed Conifer Meadow
3,Ambient,24,-0.15407865511113025,0.08834956228499627,0.01803427888304016,0.22395833333333334,0.02900146797883749,0.005919899861651435,2018-07-28,Mixed Conifer Meadow
4,Addition,24,-0.03953960621827654,0.024221973954323555,0.004944289729256404,0.27975,0.03724565921600506,0.007602738351066846,2018-07-28,Mixed Conifer Meadow
5,Exclusion,24,-2.7779067696026165,2.5257229321534975,0.5155610346185204,0.17270833333333332,0.05905596400075077,0.01205474817250097,2018-07-28,Mixed Conifer Meadow
6,Addition,24,-0.16613708197663737,0.1145616288281171,0.02338479456091721,0.2265,0.03676955262170047,0.007505553499465136,2018-07-28,Mixed Conifer Meadow
7,Ambient,24,-0.02303483327100892,0.007134704835276226,0.0014563655259828886,0.293875,0.019118196431217264,0.0039024855048983877,2018-07-28,Mixed Conifer Meadow
9,Addition,24,-0.03723783280929943,0.027957058006473797,0.0057067105687709915,0.29320833333333335,0.051933887041010186,0.01060096030081789,2018-07-28,Mixed Conifer Meadow
10,Exclusion,24,-0.2283847342902839,0.142361688462244,0.029059457971130086,0.21233333333333335,0.030600748309501342,0.006246351592134435,2018-07-28,Mixed Conifer Meadow
12,Ambient,24,-0.27449216154219774,0.24483701221229695,0.0499771458389751,0.22920833333333332,0.05946645321499354,0.012138538932485203,2018-07-28,Mixed Conifer Meadow
2,Exclusion,24,-0.07445864523293251,0.007822365774863725,0.0015967337274855737,0.24054166666666665,0.004159631742340186,8.490812738848006e-4,2018-07-29,Mixed Conifer Meadow
3,Ambient,24,-0.05223240888174461,0.0044893913517594555,9.163931722895245e-4,0.254625,0.003548575954428459,7.243500334882948e-4,2018-07-29,Mixed Conifer Meadow
4,Addition,24,-0.02721927878092765,0.007212629149537852,0.0014722717600243272,0.2844583333333333,0.01212607383561004,0.002475224456713189,2018-07-29,Mixed Conifer Meadow
5,Exclusion,24,-0.14024897201827888,0.032424668622153034,0.006618657766925619,0.217875,0.007438516097927762,0.001518380740283467,2018-07-29,Mixed Conifer Meadow
6,Addition,24,-0.10552185573104782,0.02890910666425449,0.005901046687259682,0.22858333333333333,0.009681522817097062,0.0019762325695833792,2018-07-29,Mixed Conifer Meadow
7,Ambient,24,-0.02152473743713842,0.0038587885350865546,7.876719113553202e-4,0.29454166666666665,0.009174535489564336,0.0018727442147073406,2018-07-29,Mixed Conifer Meadow
9,Addition,24,-0.01632493711087928,0.0032893729176671264,6.714404351678668e-4,0.308125,0.009927180518328376,0.0020263772378668627,2018-07-29,Mixed Conifer Meadow
10,Exclusion,24,-0.0678054332007469,0.0052681487026786395,0.0010753563508889862,0.24408333333333332,0.0029476101840476576,6.016784092956644e-4,2018-07-29,Mixed Conifer Meadow
12,Ambient,24,-0.05575394026240436,0.017150658527404945,0.003500863512071272,0.25416666666666665,0.013849083054457987,0.0028269322407372638,2018-07-29,Mixed Conifer Meadow
2,Exclusion,24,-0.1042838635907766,0.015947623161793198,0.00325529494638199,0.22804166666666667,0.005504773949208455,0.00112365727707718,2018-07-30,Mixed Conifer Meadow
3,Ambient,24,-0.06082212341919493,0.007679905189846905,0.0015676540823397742,0.24862499999999998,0.004985304491158515,0.0010176210179786412,2018-07-30,Mixed Conifer Meadow
4,Addition,24,-0.040922068321922814,0.012309710645501609,0.002512709163565424,0.26683333333333337,0.012876222328356847,0.0026283478765921527,2018-07-30,Mixed Conifer Meadow
5,Exclusion,24,-0.28763058784756645,0.13601409386018634,0.027763760648706243,0.19720833333333332,0.015162824007554067,0.0030950984898441844,2018-07-30,Mixed Conifer Meadow
6,Addition,24,-0.1930395287241485,0.07099801891956739,0.014492409925117196,0.20854166666666668,0.012279283248685538,0.0025064981971987107,2018-07-30,Mixed Conifer Meadow
7,Ambient,24,-0.019500846810717797,0.005291845495796316,0.00108019343852887,0.300375,0.013438466850959903,0.0027431155591798365,2018-07-30,Mixed Conifer Meadow
9,Addition,24,-0.02804822783793367,0.007922741503372462,0.001617222837269452,0.28329166666666666,0.012592196226119616,0.0025703712912494205,2018-07-30,Mixed Conifer Meadow
10,Exclusion,24,-0.08654884781183678,0.018406248869734805,0.003757159817460823,0.23541666666666666,0.007603870105394361,0.001552133485718261,2018-07-30,Mixed Conifer Meadow
12,Ambient,24,-0.09053979674208823,0.03002984826654188,0.006129817108852462,0.23520833333333332,0.012816358998210625,0.0026161283254953183,2018-07-30,Mixed Conifer Meadow
2,Exclusion,24,-0.16968418824017673,0.021754194476957197,0.004440556352818093,0.21066666666666667,0.004166811591682506,8.505468544946957e-4,2018-07-31,Mixed Conifer Meadow
3,Ambient,24,-0.08527089511728948,0.009109130688600175,0.0018593935156164666,0.23533333333333334,0.00402888124148267,8.223919396586131e-4,2018-07-31,Mixed Conifer Meadow
4,Addition,24,-0.06414526791907038,0.008333735575428531,0.001701116650923288,0.24654166666666666,0.005340405184649563,0.0010901056435087676,2018-07-31,Mixed Conifer Meadow
5,Exclusion,24,-0.7868966486839557,0.3209764562083715,0.06551904476310834,0.16683333333333333,0.011369932379695162,0.002320877728350136,2018-07-31,Mixed Conifer Meadow
6,Addition,24,-0.31455198273793805,0.04000662359818031,0.008166317845594176,0.19070833333333334,0.004059119273359967,8.285642520690624e-4,2018-07-31,Mixed Conifer Meadow
7,Ambient,24,-0.017649234405766354,0.0024538406138590783,5.008881178393825e-4,0.3037083333333333,0.006868194919283774,0.0014019644171850954,2018-07-31,Mixed Conifer Meadow
9,Addition,24,-0.04909953778708715,0.007190847648546687,0.0014678256297526373,0.25745833333333334,0.0056181318778666545,0.0011467963673697972,2018-07-31,Mixed Conifer Meadow
10,Exclusion,24,-0.1498363004042285,0.02092555945811726,0.004271411937888146,0.215,0.004662524041201573,9.517337345336022e-4,2018-07-31,Mixed Conifer Meadow
12,Ambient,24,-0.17470547513533227,0.03624317039737223,0.007398106177858851,0.21020833333333333,0.007107737160041291,0.001450860772326665,2018-07-31,Mixed Conifer Meadow
2,Exclusion,24,-0.2598700876174259,0.0314801617048617,0.0064258610997678794,0.196625,0.0036571847095819517,7.465197027987057e-4,2018-08-01,Mixed Conifer Meadow
3,Ambient,24,-0.10968747369616347,0.007908674529809038,0.0016143514283148178,0.22583333333333333,0.002632021320560316,5.372591022915941e-4,2018-08-01,Mixed Conifer Meadow
4,Addition,24,-0.07808632870898406,0.01428981290959623,0.002916895845695551,0.23925,0.007634304729027532,0.0015583459272528375,2018-08-01,Mixed Conifer Meadow
5,Exclusion,24,-1.4526452085953334,0.4409582601659262,0.09001022793932936,0.15,0.007442533462996732,0.0015192007814942552,2018-08-01,Mixed Conifer Meadow
6,Addition,24,-0.3748217475927321,0.06034209668353979,0.01231727890703013,0.18558333333333332,0.005241279852550679,0.0010698717698232514,2018-08-01,Mixed Conifer Meadow
7,Ambient,24,-0.02042852389149499,0.0023153612541985,4.726211369164018e-4,0.2964583333333333,0.005610387622558924,0.001145215577874649,2018-08-01,Mixed Conifer Meadow
9,Addition,24,-0.06958881006383975,0.006557597367274518,0.0013385639573700757,0.24312499999999998,0.0036153356931152418,7.379773080836414e-4,2018-08-01,Mixed Conifer Meadow
10,Exclusion,24,-0.24791407243883012,0.03694609501274457,0.0075415900641342135,0.19829166666666667,0.004920932808944344,0.0010044812033695321,2018-08-01,Mixed Conifer Meadow
12,Ambient,24,-0.23150863012300169,0.0273667235298201,0.005586209048323116,0.20033333333333334,0.003841044543923663,7.84049934326192e-4,2018-08-01,Mixed Conifer Meadow
2,Exclusion,24,-0.30475980123108565,0.047118859984878365,0.009618097018716359,0.19183333333333333,0.005044727481472006,0.001029750685083508,2018-08-02,Mixed Conifer Meadow
3,Ambient,24,-0.10966855586348924,0.017418616632391783,0.0035555602312096783,0.22629166666666667,0.006202938761213292,0.0012661695725586794,2018-08-02,Mixed Conifer Meadow
4,Addition,24,-0.06486455742213434,0.029006421862263817,0.005920911068871413,0.25125000000000003,0.02140550518380524,0.004369380448901924,2018-08-02,Mixed Conifer Meadow
5,Exclusion,24,-1.3851951383921908,0.4136938834592783,0.08444491034880348,0.151125,0.007444358821340465,0.0015195733812059116,2018-08-02,Mixed Conifer Meadow
6,Addition,24,-0.3220186022846145,0.12552987719252223,0.025623678882992936,0.19279166666666667,0.01379659430775413,0.0028162180201820436,2018-08-02,Mixed Conifer Meadow
7,Ambient,24,-0.025814587009732316,0.0025033756491271166,5.109994145725044e-4,0.285375,0.004642080680414567,9.475607509872866e-4,2018-08-02,Mixed Conifer Meadow
9,Addition,24,-0.05785096508668342,0.02785760072727875,0.005686408936668209,0.257125,0.024056658664223438,0.004910544886970949,2018-08-02,Mixed Conifer Meadow
10,Exclusion,24,-0.3488731672692348,0.038395792440768704,0.00783750831247457,0.18745833333333334,0.0032434437772577316,6.620651886405618e-4,2018-08-02,Mixed Conifer Meadow
12,Ambient,24,-0.17237185548894385,0.10512744925116577,0.021459050718807472,0.22033333333333333,0.028504258517337164,0.005818407405321452,2018-08-02,Mixed Conifer Meadow
2,Exclusion,24,-0.23249394925252073,0.039647529005404254,0.008093017968786356,0.2005,0.005793549636561704,0.0011826033674219253,2018-08-03,Mixed Conifer Meadow
3,Ambient,24,-0.0798556074809202,0.007503527476471488,0.0015316511323590547,0.23779166666666665,0.0036828529426385483,7.517592089309975e-4,2018-08-03,Mixed Conifer Meadow
4,Addition,24,-0.04295855057737837,0.011017160376699166,0.002248868444776822,0.26445833333333335,0.012631840950435584,0.002578463736713373,2018-08-03,Mixed Conifer Meadow
5,Exclusion,24,-0.9375206360035339,0.13510048143797282,0.027577270293948634,0.15991666666666668,0.0035620788589111095,7.271063023239643e-4,2018-08-03,Mixed Conifer Meadow
6,Addition,24,-0.2105572147104966,0.04889272782220867,0.009980186274765823,0.20441666666666666,0.00929196317847552,0.001896714041332897,2018-08-03,Mixed Conifer Meadow
7,Ambient,24,-0.032032481463953516,0.008375354212452604,0.0017096120196315448,0.277,0.011359730554061098,0.0023187952894127774,2018-08-03,Mixed Conifer Meadow
9,Addition,24,-0.030162596083682196,0.007251434535000812,0.0014801928761623497,0.27970833333333334,0.012160088553262598,0.002482167681879323,2018-08-03,Mixed Conifer Meadow
10,Exclusion,24,-0.35932628735581207,0.005876157741658167,0.0011994656762639704,0.186375,4.945353550468407e-4,1.0094660663590613e-4,2018-08-03,Mixed Conifer Meadow
12,Ambient,24,-0.07403091535530701,0.022748413672912037,0.004643500496365554,0.24295833333333333,0.013992169134964365,0.002856139564615216,2018-08-03,Mixed Conifer Meadow
2,Exclusion,24,-0.25697815806608726,0.04119450060969467,0.008408792225210206,0.19716666666666668,0.004878227285528565,9.95763974905604e-4,2018-08-04,Mixed Conifer Meadow
3,Ambient,24,-0.08461156899081215,0.011290424910457758,0.0023046483341524968,0.23575,0.004901197724070587,0.0010004527960385968,2018-08-04,Mixed Conifer Meadow
4,Addition,24,-0.06074433580940078,0.011734237748731289,0.0023952412504080387,0.249125,0.007508328708840608,0.0015326311798124612,2018-08-04,Mixed Conifer Meadow
5,Exclusion,24,-2.0858675072672646,1.364871039696266,0.278603134329818,0.146,0.015444149025777846,0.0031525237187214708,2018-08-04,Mixed Conifer Meadow
6,Addition,24,-0.29181540725844446,0.0577787351595074,0.011794034927016597,0.19333333333333333,0.0055534295448979075,0.0011335890589580398,2018-08-04,Mixed Conifer Meadow
7,Ambient,24,-0.02578045963848354,0.006304273070587324,0.0012868543518423218,0.28675,0.011467344941179698,0.0023407619841980198,2018-08-04,Mixed Conifer Meadow
9,Addition,24,-0.042620190042613706,0.011792441476766762,0.0024071220366425916,0.264625,0.011072144837579937,0.002260092100855148,2018-08-04,Mixed Conifer Meadow
10,Exclusion,24,-0.3863455323614943,0.035337179281902685,0.007213171515825905,0.18433333333333332,0.0026154501926331803,5.338765349679386e-4,2018-08-04,Mixed Conifer Meadow
12,Ambient,24,-0.1250258045192235,0.04630789679869131,0.009452559851521361,0.22379166666666667,0.01345194075756088,0.002745865908847696,2018-08-04,Mixed Conifer Meadow
2,Exclusion,24,-0.41344038483357615,0.03883055296572383,0.00792625343301162,0.18233333333333332,0.0026484887678869247,5.4062050590129e-4,2018-08-05,Mixed Conifer Meadow
3,Ambient,24,-0.1283146717644809,0.023149172499775703,0.004725305049343251,0.22070833333333334,0.006265704906154978,0.0012789816582444045,2018-08-05,Mixed Conifer Meadow
4,Addition,24,-0.08152873506278516,0.02000390981127483,0.004083280991523123,0.238125,0.00962475296125658,0.0019646444712850012,2018-08-05,Mixed Conifer Meadow
5,Exclusion,24,-7.957000289338894,5.627175571757815,1.1486424036550695,0.11858333333333333,0.01383416271304536,0.0028238866387998427,2018-08-05,Mixed Conifer Meadow
6,Addition,24,-0.45000148934619005,0.062226034945631385,0.012701836194449307,0.18004166666666666,0.004143923436705292,8.458748294240358e-4,2018-08-05,Mixed Conifer Meadow
7,Ambient,24,-0.024901800209682492,0.0024286484406068534,4.957457870077373e-4,0.28704166666666664,0.004694855340334426,9.583333333333337e-4,2018-08-05,Mixed Conifer Meadow
9,Addition,24,-0.07544968632612413,0.010088247899282901,0.002059254979328951,0.240125,0.004684038577051251,9.561253707739795e-4,2018-08-05,Mixed Conifer Meadow
10,Exclusion,24,-0.5578432501022315,0.09378887487547187,0.019144573916220275,0.174,0.004413418274938956,9.008852329229001e-4,2018-08-05,Mixed Conifer Meadow
12,Ambient,24,-0.2496255812261228,0.05568207178302567,0.011366055307453169,0.19854166666666667,0.007101617492831663,0.0014496116004883957,2018-08-05,Mixed Conifer Meadow
2,Exclusion,24,-0.5967479490264831,0.04260401347034643,0.008696507833084162,0.17179166666666668,0.0019555754555421277,3.9918016829908193e-4,2018-08-06,Mixed Conifer Meadow
3,Ambient,24,-0.22095801485345884,0.07384563473649138,0.015073677069695732,0.20325,0.00930754719475591,0.0018998951153354124,2018-08-06,Mixed Conifer Meadow
4,Addition,24,-0.08155721073981614,0.01853451687863231,0.0037833424151376277,0.23783333333333334,0.008333623183365009,0.0017010937089893907,2018-08-06,Mixed Conifer Meadow
5,Exclusion,24,-29.897049392787565,23.924545912408227,4.883577484432431,0.09645833333333333,0.011732449118527664,0.002394876147796588,2018-08-06,Mixed Conifer Meadow
6,Addition,24,-0.5330397049974349,0.09888919995475379,0.020185673413433677,0.17541666666666667,0.005266107106579866,0.0010749396118304153,2018-08-06,Mixed Conifer Meadow
7,Ambient,24,-0.030146863450630328,0.002602428811973561,5.312185567710541e-4,0.27825,0.0037907209363643793,7.737776709481661e-4,2018-08-06,Mixed Conifer Meadow
9,Addition,24,-0.1325337758039516,0.05626488194421985,0.011485020933439415,0.22137500000000002,0.011169883810847188,0.002280042985229172,2018-08-06,Mixed Conifer Meadow
10,Exclusion,24,-0.9782332028986612,0.28131888481749356,0.05742397690097107,0.15962500000000002,0.006870304720790907,0.0014023950786143477,2018-08-06,Mixed Conifer Meadow
12,Ambient,24,-0.40930383716755003,0.052296460452061225,0.01067497028843251,0.18275,0.0036504913308377765,7.451534225838373e-4,2018-08-06,Mixed Conifer Meadow
2,Exclusion,24,-0.7926431986424941,0.05164896726853998,0.010542801295802732,0.16408333333333333,0.0017173454405910436,3.505516701286016e-4,2018-08-07,Mixed Conifer Meadow
3,Ambient,24,-0.466336918277948,0.06075507139201901,0.012401577016400857,0.17895833333333333,0.0037239432894699714,7.601467408552453e-4,2018-08-07,Mixed Conifer Meadow
4,Addition,24,-0.08031797815899447,0.006252325427052589,0.001276250583508981,0.2375,0.0028741728488762396,5.86688076025688e-4,2018-08-07,Mixed Conifer Meadow
5,Exclusion,24,-159.1600180390793,89.25084400294666,18.21825224332995,0.071625,0.006281875239268854,0.0012822824136693902,2018-08-07,Mixed Conifer Meadow
6,Addition,24,-0.6954268681330368,0.06970408475164172,0.014228286719102978,0.16766666666666669,0.0025987734007423212,5.304723990780061e-4,2018-08-07,Mixed Conifer Meadow
7,Ambient,24,-0.038203524103620955,0.0031361127961024083,6.401563438553268e-4,0.2677916666666667,0.003438644407658178,7.01910350469787e-4,2018-08-07,Mixed Conifer Meadow
9,Addition,24,-0.312753278675601,0.05662729260541514,0.011558997699878842,0.191125,0.005326818938165633,0.001087332362558325,2018-08-07,Mixed Conifer Meadow
10,Exclusion,24,-2.0300256469719122,0.6557353817752524,0.13385142430320768,0.14220833333333333,0.007229042673204689,0.0014756221565130644,2018-08-07,Mixed Conifer Meadow
12,Ambient,24,-0.5722610557336892,0.028213120677608023,0.005758979142642071,0.17291666666666666,0.0013486439781165839,2.7529079925523944e-4,2018-08-07,Mixed Conifer Meadow
2,Exclusion,24,-1.1108473714873788,0.12700679800442075,0.02592515408129697,0.1555,0.0028130132381951,5.742039227726826e-4,2018-08-08,Mixed Conifer Meadow
3,Ambient,24,-0.612453235784823,0.06518040177704211,0.013304893798612591,0.17116666666666666,0.002899275271761758,5.918120866404448e-4,2018-08-08,Mixed Conifer Meadow
4,Addition,24,-0.09148424835037199,0.004918030943984337,0.001003888862664992,0.2325,0.0020216222500108938,4.126619137653279e-4,2018-08-08,Mixed Conifer Meadow
5,Exclusion,24,-497.9751183185163,185.0304955734071,37.76919175076242,0.058583333333333334,0.003105628364153039,6.339337352407808e-4,2018-08-08,Mixed Conifer Meadow
6,Addition,24,-0.7732621710801479,0.08876018819821369,0.018118097546585745,0.164875,0.003083088513586451,6.293328075102206e-4,2018-08-08,Mixed Conifer Meadow
7,Ambient,24,-0.04826818072053034,0.0034445482256012408,7.031154622610198e-4,0.25783333333333336,0.002899275271761771,5.918120866404475e-4,2018-08-08,Mixed Conifer Meadow
9,Addition,24,-0.3810425984790422,0.05106657127881178,0.010423920212212959,0.18491666666666667,0.004063802745412628,8.295202617985294e-4,2018-08-08,Mixed Conifer Meadow
10,Exclusion,24,-4.388124897260763,1.716425806340029,0.35036395057318725,0.12612500000000001,0.00781477140893533,0.0015951835340318615,2018-08-08,Mixed Conifer Meadow
12,Ambient,24,-0.7446557990209822,0.05044200034344765,0.010296430203895049,0.16575,0.0017754362599213423,3.624094089702214e-4,2018-08-08,Mixed Conifer Meadow
2,Exclusion,24,-1.5466348430295325,0.09690988396386814,0.01978164722865025,0.14729166666666665,0.0014884823513044861,3.0383518765284386e-4,2018-08-09,Mixed Conifer Meadow
3,Ambient,24,-0.7878452955543912,0.0684616312284076,0.013974671955682411,0.16429166666666667,0.0022742254613989732,4.642243283727605e-4,2018-08-09,Mixed Conifer Meadow
4,Addition,24,-0.10470672436752879,0.0040725003494086805,8.312956527797894e-4,0.22745833333333335,0.0014135729219948666,2.8854436442520595e-4,2018-08-09,Mixed Conifer Meadow
5,Exclusion,24,-930.4529137088958,162.08536162764582,33.08553589685172,0.05254166666666667,0.0015316704909195142,3.1265092973591877e-4,2018-08-09,Mixed Conifer Meadow
6,Addition,24,-0.7937203438043813,0.06462313440597832,0.01319114207282855,0.16408333333333333,0.0021652726842366662,4.4198443586385947e-4,2018-08-09,Mixed Conifer Meadow
7,Ambient,24,-0.05876153159652916,0.003740656437029514,7.63558297814972e-4,0.24975,0.0025065132546332534,5.116398756145196e-4,2018-08-09,Mixed Conifer Meadow
9,Addition,24,-0.44829514165275575,0.07481699547000231,0.015271955249135515,0.18025,0.0045802031471939356,9.349300524095648e-4,2018-08-09,Mixed Conifer Meadow
10,Exclusion,24,-9.011798427162114,3.4954766309717895,0.7135111794753083,0.11225,0.006847722566505312,0.0013977855156733052,2018-08-09,Mixed Conifer Meadow
12,Ambient,24,-0.9165109279050341,0.06395687415808222,0.013055142269224744,0.16029166666666667,0.0018292114401439843,3.733862216678613e-4,2018-08-09,Mixed Conifer Meadow
2,Exclusion,24,-2.0048606300210867,0.17116181124321556,0.034938258416370584,0.14129166666666665,0.001966660525659772,4.014428987616821e-4,2018-08-10,Mixed Conifer Meadow
3,Ambient,24,-0.975979084037684,0.066212410077282,0.013515551610771318,0.15866666666666668,0.0017110044511584601,3.492573210807508e-4,2018-08-10,Mixed Conifer Meadow
4,Addition,24,-0.11933493702733954,0.007328885108836869,0.0014960024083443572,0.22275,0.0021719556405110658,4.4334858860099367e-4,2018-08-10,Mixed Conifer Meadow
5,Exclusion,24,-1496.4444948269384,370.30153777933515,75.58748487727658,0.048791666666666664,0.0019555754555421368,3.9918016829908377e-4,2018-08-10,Mixed Conifer Meadow
6,Addition,24,-0.8697641020759912,0.048419442972084385,0.00988357740928298,0.16162500000000002,0.0014389760852470924,2.9372976341025375e-4,2018-08-10,Mixed Conifer Meadow
7,Ambient,24,-0.06994645691270111,0.00357088213364226,7.289032632537022e-4,0.24279166666666666,0.0019776834640705216,4.036929466427206e-4,2018-08-10,Mixed Conifer Meadow
9,Addition,24,-0.46998200362046305,0.03324004141175106,0.006785095040647692,0.17854166666666665,0.0019776834640705216,4.036929466427206e-4,2018-08-10,Mixed Conifer Meadow
10,Exclusion,24,-15.762464904507825,4.658765454764597,0.9509665162898742,0.102,0.004800362305167136,9.79869852345826e-4,2018-08-10,Mixed Conifer Meadow
12,Ambient,24,-1.072353064871357,0.05822823607325937,0.011885788916817191,0.15625,0.001359347669640304,2.774756811383451e-4,2018-08-10,Mixed Conifer Meadow
2,Exclusion,24,-2.6835267689876803,0.22699191466140997,0.046334530554819855,0.13479166666666667,0.0018410575095914833,3.758042904681901e-4,2018-08-11,Mixed Conifer Meadow
3,Ambient,24,-1.189286775438875,0.09624464112248324,0.0196458551022809,0.15370833333333334,0.001966660525659783,4.0144289876168433e-4,2018-08-11,Mixed Conifer Meadow
4,Addition,24,-0.13749601996795402,0.008194041994589259,0.0016726018181400838,0.21770833333333334,0.0020531876948162667,4.1910518320509033e-4,2018-08-11,Mixed Conifer Meadow
5,Exclusion,24,-2092.5434718710276,676.8503762827057,138.16150450861852,0.04641666666666667,0.0025007245326916366,5.104582576962017e-4,2018-08-11,Mixed Conifer Meadow
6,Addition,24,-1.0650444016158336,0.07882947004033974,0.016090998191070505,0.15645833333333334,0.0018645238736370005,3.805943419706826e-4,2018-08-11,Mixed Conifer Meadow
7,Ambient,24,-0.08423900408590647,0.006226869523198746,0.001271054418893709,0.23566666666666666,0.002697287956233174,5.505815985104802e-4,2018-08-11,Mixed Conifer Meadow
9,Addition,24,-0.549392184415138,0.034162588433595084,0.006973409162917867,0.1740833333333333,0.0017672544824662653,3.6073931064072593e-4,2018-08-11,Mixed Conifer Meadow
10,Exclusion,24,-26.169011016870567,7.031348279507536,1.435267957382488,0.09383333333333334,0.003886058321147837,7.932383331257371e-4,2018-08-11,Mixed Conifer Meadow
12,Ambient,24,-1.2606160953969092,0.05598000372105674,0.011426870409641054,0.15220833333333333,0.001062366786192885,2.168547121544168e-4,2018-08-11,Mixed Conifer Meadow
2,Exclusion,24,-3.802354475364395,0.5642855332773433,0.11518430214698236,0.12758333333333333,0.0030204616213084247,6.165491466554363e-4,2018-08-12,Mixed Conifer Meadow
3,Ambient,24,-1.4858949906529597,0.12888005196555236,0.02630753044491529,0.14829166666666665,0.0020103896803024715,4.1036907507483806e-4,2018-08-12,Mixed Conifer Meadow
4,Addition,24,-0.15925211066036743,0.007711222160477217,0.0015740466322009402,0.21258333333333332,0.0016396358733272013,3.346892711345265e-4,2018-08-12,Mixed Conifer Meadow
5,Exclusion,24,-2699.801792767611,806.2181723224058,164.56859529576116,0.044458333333333336,0.002105462185481552,4.297756689295763e-4,2018-08-12,Mixed Conifer Meadow
6,Addition,24,-1.2182633191540475,0.08039722009017136,0.016411013829929703,0.15308333333333332,0.0016129008882638522,3.2923201516068195e-4,2018-08-12,Mixed Conifer Meadow
7,Ambient,24,-0.10355839390277775,0.006755431945798442,0.001378946771608591,0.22791666666666668,0.002320357293826643,4.736409492350413e-4,2018-08-12,Mixed Conifer Meadow
9,Addition,24,-0.6385368579901327,0.0429890041519011,0.008775093726878767,0.16991666666666666,0.0018395809226599597,3.755028834229322e-4,2018-08-12,Mixed Conifer Meadow
10,Exclusion,24,-38.45928298491361,8.568644869703393,1.7490673098241802,0.088,0.0029781815286162947,6.079187588743283e-4,2018-08-12,Mixed Conifer Meadow
12,Ambient,24,-1.4062474934230424,0.0574463220379267,0.011726181382710059,0.14954166666666666,9.770927002733865e-4,1.9944821225566489e-4,2018-08-12,Mixed Conifer Meadow
2,Exclusion,24,-3.7363909073471437,2.431701164065079,0.4963689215742772,0.16108333333333333,0.06542098896456282,0.01335400345261901,2018-08-13,Mixed Conifer Meadow
3,Ambient,24,-1.2572576779496525,0.7800708369122987,0.15923129280508044,0.176375,0.05249829189767905,0.010716168959750173,2018-08-13,Mixed Conifer Meadow
4,Addition,24,-0.13211238128688735,0.07936292740015756,0.016199889718661,0.24316666666666667,0.05699783875892494,0.01163463511673301,2018-08-13,Mixed Conifer Meadow
5,Exclusion,24,-2516.274115969014,1989.9589755740674,406.1986749356666,0.09945833333333333,0.09196832118424951,0.01877295495015067,2018-08-13,Mixed Conifer Meadow
6,Addition,24,-1.0261797480482053,0.6578026027917029,0.13427339402619612,0.19095833333333334,0.06827405081356133,0.013936382263839666,2018-08-13,Mixed Conifer Meadow
7,Ambient,24,-0.0927825742796967,0.045124376507119604,0.009210974783639641,0.24241666666666667,0.033628296401105116,0.006864347258481621,2018-08-13,Mixed Conifer Meadow
9,Addition,24,-0.5282983711948851,0.3351196688443293,0.06840601595325667,0.20400000000000001,0.06141590220356826,0.012536468540951272,2018-08-13,Mixed Conifer Meadow
10,Exclusion,24,-37.388649521523284,25.34764470300935,5.1740663086444805,0.12545833333333334,0.07097089370737267,0.014486873014363714,2018-08-13,Mixed Conifer Meadow
12,Ambient,24,-1.0977054528288492,0.7068767652754688,0.14429061549616778,0.19345833333333332,0.07638801360939036,0.01559263798398196,2018-08-13,Mixed Conifer Meadow
2,Exclusion,24,-0.06480754114306223,0.03244291689918864,0.006622382680877468,0.254125,0.02807801631169837,0.005731401079433661,2018-08-14,Mixed Conifer Meadow
3,Ambient,24,-0.05146641136494795,0.017997927129915745,0.003673811491340642,0.25875,0.018075325482666913,0.0036896103639383337,2018-08-14,Mixed Conifer Meadow
4,Addition,24,-0.025424213726154637,0.012909414669211342,0.002635123234797323,0.29508333333333336,0.031329825582254556,0.006395173867243213,2018-08-14,Mixed Conifer Meadow
5,Exclusion,24,-0.13892261397292813,0.09403060005206179,0.01919391586127273,0.22766666666666666,0.028363581466789214,0.005789691822624603,2018-08-14,Mixed Conifer Meadow
6,Addition,24,-0.06103438330895138,0.034923624786529266,0.007128755057950983,0.25954166666666667,0.034391580322826826,0.007020151936572342,2018-08-14,Mixed Conifer Meadow
7,Ambient,24,-0.021810892208225928,0.009894989920124048,0.0020198063595238997,0.30033333333333334,0.027621142920449246,0.0056381421889657194,2018-08-14,Mixed Conifer Meadow
9,Addition,24,-0.03723939705897606,0.018273668604082926,0.0037300969840600106,0.27670833333333333,0.02813705458252001,0.0057434522160010985,2018-08-14,Mixed Conifer Meadow
10,Exclusion,24,-0.061933437277816146,0.03409414094201586,0.006959437377205988,0.26008333333333333,0.0364308954724906,0.007436425398355988,2018-08-14,Mixed Conifer Meadow
12,Ambient,24,-0.05420294722668233,0.029311953511371062,0.005983277455586732,0.2648333333333333,0.03821411834099683,0.007800424242147856,2018-08-14,Mixed Conifer Meadow
2,Exclusion,24,-0.04093624082375374,0.018286833367160346,0.0037327842300703697,0.27166666666666667,0.026455321921515423,0.005400169974064916,2018-08-15,Mixed Conifer Meadow
3,Ambient,24,-0.038366017086968164,0.013453939418112138,0.0027462738837243303,0.27166666666666667,0.020374038609842725,0.004158833216156517,2018-08-15,Mixed Conifer Meadow
4,Addition,24,-0.013997941965638352,0.006561379169412128,0.0013393359144988515,0.32258333333333333,0.029214226234708904,0.005963328958772224,2018-08-15,Mixed Conifer Meadow
5,Exclusion,24,-0.08635681374005064,0.04477937332694673,0.009140551304384556,0.2425,0.026333975409526856,0.005375400221028373,2018-08-15,Mixed Conifer Meadow
6,Addition,24,-0.036604034042052494,0.019503156200249994,0.003981065088700875,0.279125,0.03166579899650341,0.006463754153247413,2018-08-15,Mixed Conifer Meadow
7,Ambient,24,-0.014470279980212563,0.004853194322375708,9.906541426994045e-4,0.3178333333333333,0.023844909522682776,0.004867321774450366,2018-08-15,Mixed Conifer Meadow
9,Addition,24,-0.022335676406434735,0.011402343303519554,0.0023274935804719673,0.3010833333333333,0.03133953839268642,0.006397156486370416,2018-08-15,Mixed Conifer Meadow
10,Exclusion,24,-0.026502649013118797,0.012816679459841157,0.00261619373945173,0.291625,0.027854923068111947,0.005685862361779563,2018-08-15,Mixed Conifer Meadow
12,Ambient,24,-0.045086770556701974,0.02210441458017919,0.004512044732031322,0.2715416666666667,0.0375534160626036,0.007665558954318048,2018-08-15,Mixed Conifer Meadow
2,Exclusion,24,-0.04024357164961805,0.009673561269603973,0.0019746074255066292,0.2669166666666667,0.011178071182557337,0.0022817142254812025,2018-08-16,Mixed Conifer Meadow
3,Ambient,24,-0.039975677393417335,0.005976843086330944,0.0012200179861826836,0.26625,0.0067389200528171385,0.0013755762955676213,2018-08-16,Mixed Conifer Meadow
4,Addition,24,-0.018173892827101232,0.003934315116063538,8.030887101395372e-4,0.303125,0.011303375794329157,0.002307291922252744,2018-08-16,Mixed Conifer Meadow
5,Exclusion,24,-0.08048181279061646,0.02439479852153508,0.004979567396313536,0.2395,0.012799456510200802,0.00261267811957802,2018-08-16,Mixed Conifer Meadow
6,Addition,24,-0.059515078243196844,0.0157696191978319,0.003218960039390494,0.2507916666666667,0.011104167516382497,0.0022666287027937574,2018-08-16,Mixed Conifer Meadow
7,Ambient,24,-0.01756778543951917,0.0038184199777185255,7.794317140883251e-4,0.3047083333333333,0.010816570085096167,0.002207923122961536,2018-08-16,Mixed Conifer Meadow
9,Addition,24,-0.0320300565226615,0.007938664651375334,0.0016204731362449397,0.2770416666666667,0.011998112774304435,0.0024491045144512114,2018-08-16,Mixed Conifer Meadow
10,Exclusion,24,-0.023984564700352404,0.007501223221063596,0.0015311807781935227,0.29120833333333335,0.015282781350169907,0.0031195846798699367,2018-08-16,Mixed Conifer Meadow
12,Ambient,24,-0.05173214169526568,0.011319845921771559,0.0023106538729387852,0.25608333333333333,0.009925446728164096,0.0020260233294315676,2018-08-16,Mixed Conifer Meadow
2,Exclusion,24,-0.06872851245759598,0.00946877680943613,0.0019328059726180856,0.24383333333333332,0.005345999452387513,0.0010912475686289751,2018-08-17,Mixed Conifer Meadow
3,Ambient,24,-0.05436878576386355,0.004362733218611984,8.905391891241248e-4,0.25295833333333334,0.0032501393504127587,6.634319167876696e-4,2018-08-17,Mixed Conifer Meadow
4,Addition,24,-0.0304275258961064,0.005498633598064933,0.0011224038831485845,0.2784583333333333,0.008027015075013405,0.00163850759095094,2018-08-17,Mixed Conifer Meadow
5,Exclusion,24,-0.1590686711396211,0.036997923715635934,0.0075521695538103934,0.213625,0.008063942826746948,0.0016460454367088866,2018-08-17,Mixed Conifer Meadow
6,Addition,24,-0.06252185236501079,0.02410613947037413,0.004920645114231846,0.25304166666666666,0.025012134736123008,0.005105580623437012,2018-08-17,Mixed Conifer Meadow
7,Ambient,24,-0.024543902781242754,0.002392960224458106,4.88460960391522e-4,0.2877083333333333,0.004629575684065743,9.450081792964544e-4,2018-08-17,Mixed Conifer Meadow
9,Addition,24,-0.03672947718127338,0.010988310300586755,0.0022429794476505,0.27229166666666665,0.01681220872814873,0.0034317777360941782,2018-08-17,Mixed Conifer Meadow
10,Exclusion,24,-0.047906977355795397,0.009070826541608235,0.0018515747143528984,0.25883333333333336,0.007670761351400853,0.001565787604132835,2018-08-17,Mixed Conifer Meadow
12,Ambient,24,-0.07925143891462053,0.012410231864799396,0.0025332279715322564,0.23841666666666667,0.006042722296583148,0.0012334655236639694,2018-08-17,Mixed Conifer Meadow
2,Exclusion,24,-0.10884069618668754,0.018689685794084757,0.0038150161373709246,0.22658333333333333,0.006049913162629889,0.0012349333530492378,2018-08-18,Mixed Conifer Meadow
3,Ambient,24,-0.07046137981344291,0.007151568578400188,0.001459807823133478,0.24266666666666667,0.003886058321147837,7.932383331257371e-4,2018-08-18,Mixed Conifer Meadow
4,Addition,24,-0.05235830591740566,0.013069011041332831,0.0026677007078387397,0.2557083333333333,0.009831091613795527,0.0020067631723628223,2018-08-18,Mixed Conifer Meadow
5,Exclusion,24,-0.33010315968798887,0.11805204835969878,0.024097273464302158,0.191125,0.01095172211989076,0.0022355109165403384,2018-08-18,Mixed Conifer Meadow
6,Addition,24,-0.12054688293660064,0.03178561386383851,0.006488211260628269,0.223625,0.009054484836376614,0.0018482389777408617,2018-08-18,Mixed Conifer Meadow
7,Ambient,24,-0.02488794683317548,0.00537819688482536,0.0010978198420040135,0.28804166666666664,0.010195818267551027,0.0020812126888039664,2018-08-18,Mixed Conifer Meadow
9,Addition,24,-0.06638848504323404,0.016826638793863348,0.0034347232609238153,0.24616666666666667,0.00981421624887643,0.0020033185029232348,2018-08-18,Mixed Conifer Meadow
10,Exclusion,24,-0.08452447939513506,0.018983779760210085,0.0038750478168241257,0.23641666666666666,0.008032091430855547,0.0016395437977481104,2018-08-18,Mixed Conifer Meadow
12,Ambient,24,-0.12465593759322213,0.025793404110855962,0.005265056566750262,0.22195833333333334,0.00734538699762835,0.0014993708422886309,2018-08-18,Mixed Conifer Meadow
2,Exclusion,24,-0.17896596750900012,0.03030840861753415,0.006186678002394266,0.20908333333333334,0.005484497255439872,0.0011195183142935384,2018-08-19,Mixed Conifer Meadow
3,Ambient,24,-0.09692120974313007,0.013315808415569966,0.0027180780109003796,0.23066666666666666,0.005036101551853344,0.0010279899245732678,2018-08-19,Mixed Conifer Meadow
4,Addition,24,-0.08479053885107124,0.013644754613707183,0.0027852238724224328,0.23583333333333334,0.0059099523036894265,0.0012063639623520889,2018-08-19,Mixed Conifer Meadow
5,Exclusion,24,-0.8065868007545008,0.37949494802956274,0.07746408188637077,0.16691666666666666,0.012703702530011258,0.002593132420219274,2018-08-19,Mixed Conifer Meadow
6,Addition,24,-0.1845949024046535,0.018532502539720847,0.003782931239929118,0.20770833333333333,0.0032097564131697014,6.551887842409758e-4,2018-08-19,Mixed Conifer Meadow
7,Ambient,24,-0.02412114174128908,0.003966310726083262,8.096197866859875e-4,0.2889583333333333,0.007612799100523233,0.001553956109216722,2018-08-19,Mixed Conifer Meadow
9,Addition,24,-0.11343417132306531,0.020952441554758502,0.004276899222887082,0.22512500000000002,0.006145429549496614,0.0012544305538740503,2018-08-19,Mixed Conifer Meadow
10,Exclusion,24,-0.15064805696574263,0.025284716819461518,0.005161221208204025,0.21495833333333333,0.005481027884135121,0.0011188101318414638,2018-08-19,Mixed Conifer Meadow
12,Ambient,24,-0.19690381985049377,0.044625517719733714,0.009109145660073058,0.20633333333333334,0.00754503387877642,0.0015401235912512017,2018-08-19,Mixed Conifer Meadow
2,Exclusion,24,-0.2907105210405656,0.03665131958346495,0.007481419281597136,0.193125,0.0038370335008905705,7.832311835955734e-4,2018-08-20,Mixed Conifer Meadow
3,Ambient,24,-0.13451710364264666,0.014072071713280041,0.0028724496101157305,0.218625,0.0036690539000863906,7.489424911650192e-4,2018-08-20,Mixed Conifer Meadow
4,Addition,24,-0.11784618758002784,0.0076692933903253924,0.001565487957833073,0.22320833333333334,0.0022453655975512485,4.5833333333333376e-4,2018-08-20,Mixed Conifer Meadow
5,Exclusion,24,-1.811278466417962,0.7330520942104893,0.1496336321411935,0.14575,0.009736752427071711,0.001987506266510948,2018-08-20,Mixed Conifer Meadow
6,Addition,24,-0.2395194590802272,0.017801403524460774,0.003633696278359249,0.19908333333333333,0.0023941353466274675,4.887008311998859e-4,2018-08-20,Mixed Conifer Meadow
7,Ambient,24,-0.025994166808001384,0.0029112159720228637,5.942494718747137e-4,0.28512499999999996,0.005160995016972721,0.0010534836963858145,2018-08-20,Mixed Conifer Meadow
9,Addition,24,-0.17193435317193825,0.01602790916776467,0.0032716832587250024,0.21008333333333332,0.0030633409818390266,6.253018594718372e-4,2018-08-20,Mixed Conifer Meadow
10,Exclusion,24,-0.2521879643824633,0.03270475313179731,0.006675829778049462,0.197625,0.0040412277514550515,8.249121604533231e-4,2018-08-20,Mixed Conifer Meadow
12,Ambient,24,-0.28034605742995594,0.039214608823063705,0.008004648506612439,0.19433333333333333,0.004390371546787426,8.961808392385763e-4,2018-08-20,Mixed Conifer Meadow
2,Exclusion,24,-0.29321743103659864,0.09959282774075892,0.020329300833813412,0.19479166666666667,0.011397860846845688,0.0023265786028348755,2018-08-21,Mixed Conifer Meadow
3,Ambient,24,-0.12051145071208871,0.034260641377197414,0.006993424136218168,0.22404166666666667,0.01070749094414002,0.002185657436551229,2018-08-21,Mixed Conifer Meadow
4,Addition,24,-0.07871028305103422,0.05582223832234363,0.011394666682481564,0.25175,0.03276165574198779,0.0066874449747160595,2018-08-21,Mixed Conifer Meadow
5,Exclusion,24,-1.6427807541155204,0.5364564434136285,0.10950371296596896,0.147625,0.009545372199908324,0.0019484409412269285,2018-08-21,Mixed Conifer Meadow
6,Addition,24,-0.19544722408033918,0.09194775721259478,0.018768757347014078,0.2105,0.018084343456727135,0.0036914511501851,2018-08-21,Mixed Conifer Meadow
7,Ambient,24,-0.028606328628012344,0.005227467343744499,0.0010670523032696815,0.28129166666666666,0.008431200681251512,0.0017210116323393436,2018-08-21,Mixed Conifer Meadow
9,Addition,24,-0.1281878786831149,0.08825146250267807,0.018014254348827016,0.23220833333333335,0.02998547353617091,0.00612075915494559,2018-08-21,Mixed Conifer Meadow
10,Exclusion,24,-0.37399106088883927,0.03132626956574827,0.006394447998413437,0.18529166666666666,0.0025788296412986634,5.264013962288582e-4,2018-08-21,Mixed Conifer Meadow
12,Ambient,24,-0.16626177472010448,0.12569854620023016,0.025658108300018436,0.22566666666666665,0.032936918187804774,0.006723220271659709,2018-08-21,Mixed Conifer Meadow
2,Exclusion,24,-0.09505431543876862,0.049894043429977795,0.010184578967309087,0.24029166666666668,0.028725808978151957,0.005863631203761013,2018-08-22,Mixed Conifer Meadow
3,Ambient,24,-0.054294003133118815,0.016530365547553768,0.0033742467377657825,0.25545833333333334,0.014652434629770936,0.0029909156943687455,2018-08-22,Mixed Conifer Meadow
4,Addition,24,-0.022318392914329313,0.009656994983080662,0.001971225846430391,0.29733333333333334,0.02231721243826148,0.004555481912919555,2018-08-22,Mixed Conifer Meadow
5,Exclusion,24,-0.6319185340512686,0.43723092426786014,0.08924938868514434,0.18604166666666666,0.036493571997016805,0.0074492191903510075,2018-08-22,Mixed Conifer Meadow
6,Addition,24,-0.07063559973196049,0.04685670166157181,0.009564584175055972,0.25704166666666667,0.03724359199818857,0.007602316381997047,2018-08-22,Mixed Conifer Meadow
7,Ambient,24,-0.026237470342721912,0.011952574492020931,0.0024398090515047608,0.291125,0.025381116739744167,0.005180898759532147,2018-08-22,Mixed Conifer Meadow
9,Addition,24,-0.03653502032566398,0.01775772831993072,0.003624781114566722,0.276375,0.02456015242128032,0.005013320119759799,2018-08-22,Mixed Conifer Meadow
10,Exclusion,24,-0.2612609564939456,0.17291734972149042,0.0352966062076702,0.2145,0.0415545738601138,0.008482291869672894,2018-08-22,Mixed Conifer Meadow
12,Ambient,24,-0.04724979951172111,0.022558405398926045,0.004604715219851168,0.26516666666666666,0.024156494610850676,0.004930923814239654,2018-08-22,Mixed Conifer Meadow
2,Exclusion,24,-0.0323207478559482,0.01716460472340241,0.0035037102674084918,0.2874583333333333,0.03831673396114647,0.007821370567898344,2018-08-23,Mixed Conifer Meadow
3,Ambient,24,-0.032334731650617385,0.01171626738210088,0.002391573064680102,0.27995833333333336,0.023263106014659248,0.004748561630682124,2018-08-23,Mixed Conifer Meadow
4,Addition,24,-0.014071994135124645,0.006337776136631848,0.0012936931365613092,0.3234166666666667,0.03352729798455176,0.006843731043032888,2018-08-23,Mixed Conifer Meadow
5,Exclusion,24,-0.06839632225481582,0.03529433540420423,0.007204426045912287,0.254125,0.033328813099309365,0.0068032154854913264,2018-08-23,Mixed Conifer Meadow
6,Addition,24,-0.03406055987367138,0.015641316074548838,0.0031927702740197524,0.2809583333333333,0.030904451862596362,0.006308344820313856,2018-08-23,Mixed Conifer Meadow
7,Ambient,24,-0.013431206128253652,0.0061636433665942765,0.0012581484337205215,0.32637499999999997,0.034633249291998854,0.007069482408333664,2018-08-23,Mixed Conifer Meadow
9,Addition,24,-0.022952320763047557,0.009987086650280013,0.002038605525845642,0.29841666666666666,0.030462973486237162,0.006218228424101154,2018-08-23,Mixed Conifer Meadow
10,Exclusion,24,-0.02802282703484153,0.016409220669556468,0.0033495181430953573,0.29954166666666665,0.048267352515344975,0.009852532074803112,2018-08-23,Mixed Conifer Meadow
12,Ambient,24,-0.033729752251142615,0.01593166178390271,0.00325203684376337,0.28300000000000003,0.03508375072903966,0.007161440629095375,2018-08-23,Mixed Conifer Meadow
2,Exclusion,24,-0.02715792028905493,0.006825791202249238,0.001393308794690764,0.2845,0.012093836015310324,0.002468643939200369,2018-08-24,Mixed Conifer Meadow
3,Ambient,24,-0.03517987346964119,0.004648330126214877,9.488364137694482e-4,0.27166666666666667,0.005997584054663476,0.0012242517186148443,2018-08-24,Mixed Conifer Meadow
4,Addition,24,-0.014424792632882814,0.0026040045273947373,5.315401983345306e-4,0.31416666666666665,0.009434749215195036,0.0019258601190293237,2018-08-24,Mixed Conifer Meadow
5,Exclusion,24,-0.06014492077726177,0.015505728349645021,0.0031650935455698184,0.25033333333333335,0.011079423414077378,0.0022615778340611932,2018-08-24,Mixed Conifer Meadow
6,Addition,24,-0.04591018052149182,0.01040976871786836,0.002124885141596979,0.26104166666666667,0.009742239572298464,0.001988626325340122,2018-08-24,Mixed Conifer Meadow
7,Ambient,24,-0.013953891635552058,0.003096898837695217,6.321518281142983e-4,0.31633333333333336,0.011604596790352818,0.002368778400591985,2018-08-24,Mixed Conifer Meadow
9,Addition,24,-0.03113635394431613,0.007347590777803142,0.0014998206870330893,0.27808333333333335,0.011052903087726156,0.002256164395113478,2018-08-24,Mixed Conifer Meadow
10,Exclusion,24,-0.014966572317208198,0.0043887787864643505,8.958557183990693e-4,0.313875,0.015371663653562724,0.0031377277040762408,2018-08-24,Mixed Conifer Meadow
12,Ambient,24,-0.04548997595257473,0.008449689072865908,0.0017247855594743453,0.26108333333333333,0.008433456492198038,0.001721472097820608,2018-08-24,Mixed Conifer Meadow
2,Exclusion,24,-0.034180552213838034,0.011462052851616273,0.002339681740939395,0.27579166666666666,0.017075227840269103,0.003485466287535411,2018-08-25,Mixed Conifer Meadow
3,Ambient,24,-0.03649181369723945,0.011804311392600752,0.0024095449730661797,0.27275,0.016668767983476048,0.0034024980166964354,2018-08-25,Mixed Conifer Meadow
4,Addition,24,-0.01571290392983239,0.0063431053518432845,0.0012947809580611007,0.3147083333333333,0.024554250790526234,0.005012115454426647,2018-08-25,Mixed Conifer Meadow
5,Exclusion,24,-0.07778814942325564,0.026343534445630642,0.0053773514511023,0.24154166666666668,0.015041910050622378,0.003070417031738893,2018-08-25,Mixed Conifer Meadow
6,Addition,24,-0.05028235283294926,0.025074081478917844,0.00511822544935991,0.2640416666666667,0.027056268528137185,0.005522837686471613,2018-08-25,Mixed Conifer Meadow
7,Ambient,24,-0.016335944418728876,0.00626818258511338,0.0012794874123439476,0.31204166666666666,0.022636022016989287,0.004620558645669121,2018-08-25,Mixed Conifer Meadow
9,Addition,24,-0.03472818138605347,0.017075557652743014,0.0034855336102247348,0.28008333333333335,0.02839001151150151,0.005795086832909942,2018-08-25,Mixed Conifer Meadow
10,Exclusion,24,-0.019929605918415333,0.007451619060171626,0.001521055371251502,0.301875,0.021144045312425756,0.004316010176144136,2018-08-25,Mixed Conifer Meadow
12,Ambient,24,-0.049984747322826546,0.023651183521694062,0.0048277776200893446,0.263125,0.024777817042493964,0.005057750724512266,2018-08-25,Mixed Conifer Meadow
2,Exclusion,24,-0.03494098927766739,0.007014827636738831,0.0014318956952986443,0.2725,0.008782393454099435,0.0017926985569085578,2018-08-26,Mixed Conifer Meadow
3,Ambient,24,-0.03786693030051758,0.005304641611496114,0.00108280543470838,0.2685,0.006164414002968982,0.0012583057392117928,2018-08-26,Mixed Conifer Meadow
4,Addition,24,-0.017063985226956423,0.003846854501492322,7.852358869487282e-4,0.3062083333333333,0.011021635508188543,0.0022497819271668916,2018-08-26,Mixed Conifer Meadow
5,Exclusion,24,-0.07058907240503913,0.01775404664364758,0.003624029595542405,0.24375,0.009825654088195326,0.0020056532420975044,2018-08-26,Mixed Conifer Meadow
6,Addition,24,-0.05744817625994609,0.01968989139879504,0.004019182251488598,0.2532083333333333,0.013862615245662542,0.002829694487700009,2018-08-26,Mixed Conifer Meadow
7,Ambient,24,-0.01668682652772061,0.003234426827083298,6.602246113936066e-4,0.30695833333333333,0.009539297060360228,0.0019472008585595085,2018-08-26,Mixed Conifer Meadow
9,Addition,24,-0.03882803670696909,0.011187523015847245,0.0022836435728723794,0.26895833333333335,0.012619788348899296,0.002576003509726957,2018-08-26,Mixed Conifer Meadow
10,Exclusion,24,-0.01799221152259611,0.004977626132230453,0.0010160536795256665,0.30425,0.013181838626125632,0.0026907315421431533,2018-08-26,Mixed Conifer Meadow
12,Ambient,24,-0.05282706315159122,0.011155420675535875,0.0022770907100963765,0.25504166666666667,0.008907637986175334,0.0018182639899635238,2018-08-26,Mixed Conifer Meadow
2,Exclusion,24,-0.060447040399242494,0.012361250970443499,0.002523229788339163,0.24941666666666668,0.007912107764392648,0.001615052234389578,2018-08-27,Mixed Conifer Meadow
3,Ambient,24,-0.05483861834667792,0.006712232480161666,0.001370128717611008,0.2527916666666667,0.004863163817808385,9.926891574329932e-4,2018-08-27,Mixed Conifer Meadow
4,Addition,24,-0.03253280890751117,0.008854854310593734,0.0018074895673032302,0.276375,0.011408663755920404,0.00232878373741577,2018-08-27,Mixed Conifer Meadow
5,Exclusion,24,-0.15465579712129585,0.05464046395096017,0.011153437999065914,0.21591666666666667,0.012064740818372053,0.0024627049069949896,2018-08-27,Mixed Conifer Meadow
6,Addition,24,-0.13220752588969362,0.04499129737416234,0.009183810119376534,0.22116666666666668,0.011449954116736123,0.0023372120970235966,2018-08-27,Mixed Conifer Meadow
7,Ambient,24,-0.022904464608609124,0.0024685566056149434,5.038920070777886e-4,0.291,0.0052502587927933985,0.001071704588325385,2018-08-27,Mixed Conifer Meadow
9,Addition,24,-0.08050808212956052,0.022775945340099125,0.004649120374396928,0.23891666666666667,0.010446204497605674,0.002132322563991717,2018-08-27,Mixed Conifer Meadow
10,Exclusion,24,-0.038362716334761786,0.011877584337975602,0.002424501750409447,0.26958333333333334,0.012541814121141944,0.002560087087135868,2018-08-27,Mixed Conifer Meadow
12,Ambient,24,-0.10044036845450628,0.027524119589386456,0.0056183373844449725,0.2305,0.010095199031136572,0.002060673873176976,2018-08-27,Mixed Conifer Meadow
2,Exclusion,24,-0.09901876958134827,0.012936497526811513,0.002640651499955396,0.22983333333333333,0.004770075805310201,9.736876464504622e-4,2018-08-28,Mixed Conifer Meadow
3,Ambient,24,-0.0777307553881335,0.00895424952608821,0.0018277785307061838,0.23891666666666667,0.004402733011552533,8.987041126675685e-4,2018-08-28,Mixed Conifer Meadow
4,Addition,24,-0.033356083470418206,0.014536418502924111,0.0029672340016430178,0.27991666666666665,0.025279165964961298,0.005160088144773861,2018-08-28,Mixed Conifer Meadow
5,Exclusion,24,-0.3426736183403507,0.11989076452341038,0.024472599829543924,0.18987500000000002,0.010613004737830733,0.002166370520452138,2018-08-28,Mixed Conifer Meadow
6,Addition,24,-0.13175816129978865,0.09087538082989889,0.018549859434529366,0.23466666666666666,0.03945130919375742,0.008052964767456374,2018-08-28,Mixed Conifer Meadow
7,Ambient,24,-0.023544071347692524,0.00393476066194462,8.031796568116746e-4,0.29012499999999997,0.00786468441004247,0.001605371982718817,2018-08-28,Mixed Conifer Meadow
9,Addition,24,-0.07186860865620161,0.05182881500038557,0.010579512560337614,0.26058333333333333,0.04309132533167876,0.008795979950240005,2018-08-28,Mixed Conifer Meadow
10,Exclusion,24,-0.0759770838825041,0.013645426905061108,0.0027853611033203996,0.24016666666666667,0.006598199139466609,0.0013468517594136878,2018-08-28,Mixed Conifer Meadow
12,Ambient,24,-0.1776610803437743,0.03670986343142711,0.007493369494521,0.209625,0.0070019407247593445,0.0014292651654061524,2018-08-28,Mixed Conifer Meadow
2,Exclusion,24,-0.14039140057597135,0.013521270706823262,0.002760017825479853,0.21708333333333332,0.0032693127407914754,6.673456687099232e-4,2018-08-29,Mixed Conifer Meadow
3,Ambient,24,-0.10396591426909081,0.012935281404567095,0.0026404032600417567,0.228,0.004510856469336678,9.207747210672779e-4,2018-08-29,Mixed Conifer Meadow
4,Addition,24,-0.042848046834938716,0.009793187652160532,0.001999026058593175,0.2639166666666667,0.00944971435807853,0.0019289148660286905,2018-08-29,Mixed Conifer Meadow
5,Exclusion,24,-0.680556941091737,0.23982542792721026,0.04895416048052399,0.16999999999999998,0.009614300942278413,0.001962510961845135,2018-08-29,Mixed Conifer Meadow
6,Addition,24,-0.11317903777071378,0.013670147977485269,0.002790407271098198,0.224875,0.004296737893069481,8.770679497084583e-4,2018-08-29,Mixed Conifer Meadow
7,Ambient,24,-0.025360969847915426,0.002771370392434763,5.657036124768287e-4,0.28625,0.005092620406892263,0.0010395267875475745,2018-08-29,Mixed Conifer Meadow
9,Addition,24,-0.0548747908573012,0.014540653091334812,0.002968098383382761,0.25395833333333334,0.010456864467552108,0.002134498521245231,2018-08-29,Mixed Conifer Meadow
10,Exclusion,24,-0.12486945797799855,0.01635147369057224,0.0033377305903704753,0.221375,0.004480028144321538,9.144819155746303e-4,2018-08-29,Mixed Conifer Meadow
12,Ambient,24,-0.2492355436865763,0.029378530680614395,0.0059968674633504885,0.19795833333333335,0.0037703553824732427,7.696205696679629e-4,2018-08-29,Mixed Conifer Meadow
2,Exclusion,24,-0.19055841245866423,0.020264973989866115,0.004136570493828745,0.20666666666666667,0.0033836777864209816,6.90690335893457e-4,2018-08-30,Mixed Conifer Meadow
3,Ambient,24,-0.14048619682825275,0.01939597504332618,0.0039591868266588325,0.21725,0.004757145654970923,9.710482905647367e-4,2018-08-30,Mixed Conifer Meadow
4,Addition,24,-0.06526974127009504,0.006604246995707453,0.0013480862728993356,0.24566666666666667,0.00369096036361773,7.534141293084084e-4,2018-08-30,Mixed Conifer Meadow
5,Exclusion,24,-1.5335340049813606,0.7295716546394512,0.14892319038872393,0.15045833333333333,0.011348162719200375,0.0023164340150096485,2018-08-30,Mixed Conifer Meadow
6,Addition,24,-0.16385593591278091,0.02365496355906295,0.004828549216986213,0.21191666666666667,0.004500402558483605,9.186408254500636e-4,2018-08-30,Mixed Conifer Meadow
7,Ambient,24,-0.02755523946022969,0.002145856215724191,4.3802106582532775e-4,0.28229166666666666,0.003617339481930896,7.383863297628621e-4,2018-08-30,Mixed Conifer Meadow
9,Addition,24,-0.09922610783902493,0.016595843806446506,0.003387612431393538,0.22991666666666669,0.005578816039788115,0.0011387710555279382,2018-08-30,Mixed Conifer Meadow
10,Exclusion,24,-0.18945538229426298,0.0278956812347076,0.005694182087697121,0.20704166666666665,0.004685585357767743,9.564411060655947e-4,2018-08-30,Mixed Conifer Meadow
12,Ambient,24,-0.32490993721034755,0.03894543299323839,0.007949703220432251,0.18966666666666668,0.0036315844747302067,7.412940767418564e-4,2018-08-30,Mixed Conifer Meadow
2,Exclusion,24,-0.2644871676097578,0.01968855082764114,0.004018908608547685,0.19591666666666668,0.002263446134944923,4.6202400757415154e-4,2018-08-31,Mixed Conifer Meadow
3,Ambient,24,-0.19346174918295853,0.027575139473330953,0.005628751774644975,0.20633333333333334,0.004659414655032986,9.510990337397434e-4,2018-08-31,Mixed Conifer Meadow
4,Addition,24,-0.08168520451586261,0.00976098210528297,0.0019924521288650658,0.23704166666666668,0.004657664713105709,9.507418283396324e-4,2018-08-31,Mixed Conifer Meadow
5,Exclusion,24,-3.5080118209146227,1.6447033462856366,0.33572366472065307,0.13158333333333333,0.009846282311731612,0.002009863960594502,2018-08-31,Mixed Conifer Meadow
6,Addition,24,-0.22014274011969584,0.032717803179752133,0.006678493607933476,0.202125,0.004954685968200021,0.0010113710381514744,2018-08-31,Mixed Conifer Meadow
7,Ambient,24,-0.031841101312040425,0.0026070732846782945,5.321666057919609e-4,0.27579166666666666,0.0036591655816078004,7.469240466077958e-4,2018-08-31,Mixed Conifer Meadow
9,Addition,24,-0.15642270505515343,0.017389944573241577,0.003549707571643603,0.21337499999999998,0.003609317652000652,7.367488805851552e-4,2018-08-31,Mixed Conifer Meadow
10,Exclusion,24,-0.2956791569208492,0.03952216071181551,0.008067427273018367,0.192625,0.003997961437054382,8.160804610089503e-4,2018-08-31,Mixed Conifer Meadow
12,Ambient,24,-0.4137750561300141,0.028781895437212338,0.005875079804275799,0.18225,0.0020054274183910993,4.093561576037623e-4,2018-08-31,Mixed Conifer Meadow
2,Exclusion,24,-0.34517833876127435,0.01738483191787245,0.003548663955236515,0.187625,0.0014981873105160478,3.0581620415641463e-4,2018-09-01,Mixed Conifer Meadow
3,Ambient,24,-0.2474752915455615,0.02273677140281607,0.004641124027933655,0.19808333333333333,0.0028729119701803975,5.86430700239658e-4,2018-09-01,Mixed Conifer Meadow
4,Addition,24,-0.09089595737724719,0.005255682419773776,0.0010728116815468115,0.23275,0.00213154363334874,4.3509952218187715e-4,2018-09-01,Mixed Conifer Meadow
5,Exclusion,24,-5.83013049673598,2.6320964641045537,0.5372744409033313,0.12120833333333333,0.00939925606060148,0.001918615109186329,2018-09-01,Mixed Conifer Meadow
6,Addition,24,-0.23501597363915638,0.021518550277867917,0.0043924556821001316,0.19975,0.0030252560078518043,6.17527796710515e-4,2018-09-01,Mixed Conifer Meadow
7,Ambient,24,-0.04162716959727356,0.010720548698970723,0.0021883228395946945,0.265125,0.008699387784556284,0.0017757550955636579,2018-09-01,Mixed Conifer Meadow
9,Addition,24,-0.20720903259065748,0.017943766864576386,0.0036627560734727106,0.20383333333333334,0.0028691260094270794,5.856578942370053e-4,2018-09-01,Mixed Conifer Meadow
10,Exclusion,24,-0.442318137354824,0.04819570113374134,0.009837906297778583,0.18041666666666667,0.003215677177538962,6.563973552069707e-4,2018-09-01,Mixed Conifer Meadow
12,Ambient,24,-0.4738812725230908,0.05281587845043123,0.010780996043367868,0.17845833333333333,0.003635323879676328,7.420573795801596e-4,2018-09-01,Mixed Conifer Meadow
2,Exclusion,24,-0.42929438925522184,0.019135849701478625,0.0039060889636010365,0.18112499999999998,0.0012958965337120706,2.6452377225299936e-4,2018-09-02,Mixed Conifer Meadow
3,Ambient,24,-0.2940290740012059,0.013663821243676674,0.0027891158319674086,0.19254166666666667,0.0014440030912488504,2.947558967134384e-4,2018-09-02,Mixed Conifer Meadow
4,Addition,24,-0.10511784619539322,0.0070394838347478655,0.0014369286206419075,0.227375,0.0024461593676974366,4.993201900323213e-4,2018-09-02,Mixed Conifer Meadow
5,Exclusion,24,-9.718820368159353,2.5179303095841243,0.5139703721974321,0.11008333333333334,0.00453888194111307,9.264953965383556e-4,2018-09-02,Mixed Conifer Meadow
6,Addition,24,-0.27111026631013613,0.023126888773226485,0.0047207564027088094,0.19516666666666668,0.0026154501926331803,5.338765349679386e-4,2018-09-02,Mixed Conifer Meadow
7,Ambient,24,-0.042092074699645196,0.0012339411796629754,2.518771885651861e-4,0.2635,0.0012510864843424496,2.553769592276248e-4,2018-09-02,Mixed Conifer Meadow
9,Addition,24,-0.24783163412785955,0.015182112179914442,0.003099035671540332,0.19795833333333335,0.001966660525659783,4.0144289876168433e-4,2018-09-02,Mixed Conifer Meadow
10,Exclusion,24,-0.5732063738200287,0.04178728513172053,0.008529793859075454,0.17291666666666666,0.0020412414523193045,4.166666666666645e-4,2018-09-02,Mixed Conifer Meadow
12,Ambient,24,-0.5573496042234922,0.011421654943035419,0.0023314355523811705,0.17362499999999997,5.757792451369147e-4,1.1753044625585948e-4,2018-09-02,Mixed Conifer Meadow
2,Exclusion,24,-0.5089354963024798,0.019652926397068247,0.00401163680210762,0.17620833333333333,0.0011025333147551277,2.2505367046411857e-4,2018-09-03,Mixed Conifer Meadow
3,Ambient,24,-0.2893206185766392,0.02699811830947902,0.005510967822792965,0.19316666666666668,0.003045547950507527,6.216698721602099e-4,2018-09-03,Mixed Conifer Meadow
4,Addition,24,-0.09084533273295936,0.04349865790672386,0.008879126363946208,0.23950000000000002,0.023708373131063623,0.004839451400218054,2018-09-03,Mixed Conifer Meadow
5,Exclusion,24,-7.415170886515289,3.826291582900756,0.7810384987677511,0.11787500000000001,0.011737389162323373,0.002395884530013795,2018-09-03,Mixed Conifer Meadow
6,Addition,24,-0.24682692418936159,0.08816646907433356,0.017996905137915863,0.20079166666666667,0.01337414496792929,0.0027299859097865047,2018-09-03,Mixed Conifer Meadow
7,Ambient,24,-0.06078221487044541,0.021663980256013793,0.004422141452080257,0.25045833333333334,0.011530598863238959,0.002353673636970934,2018-09-03,Mixed Conifer Meadow
9,Addition,24,-0.2035122558662894,0.10883313012717256,0.022215469660124675,0.21258333333333335,0.025301515106148614,0.0051646501441153896,2018-09-03,Mixed Conifer Meadow
10,Exclusion,24,-0.7844886750515884,0.15585931890628654,0.031814650248176764,0.164875,0.0052445624014410145,0.0010705418173096732,2018-09-03,Mixed Conifer Meadow
12,Ambient,24,-0.40027612571610494,0.20370100750331574,0.041580294039497596,0.18941666666666665,0.020385239047273716,0.004161119495873341,2018-09-03,Mixed Conifer Meadow
2,Exclusion,24,-0.45503265211948873,0.015403267854544132,0.003144178884587309,0.17941666666666667,9.743076322798885e-4,1.988797126320793e-4,2018-09-04,Mixed Conifer Meadow
3,Ambient,24,-0.20843370770162797,0.013772076855980862,0.0028112134162955604,0.20358333333333334,0.0022246966899599602,4.541143102383843e-4,2018-09-04,Mixed Conifer Meadow
4,Addition,24,-0.0450851232832679,0.003946231140405348,8.055210584228719e-4,0.26075000000000004,0.0036385615887026884,7.427182741676751e-4,2018-09-04,Mixed Conifer Meadow
5,Exclusion,24,-3.3715804620217145,0.4837298807863196,0.09874094843865162,0.13004166666666667,0.002710353204428094,5.532485311305112e-4,2018-09-04,Mixed Conifer Meadow
6,Addition,24,-0.14466532644540764,0.020756518320079614,0.0042369065600771786,0.21629166666666666,0.005311833930964425,0.001084273560772084,2018-09-04,Mixed Conifer Meadow
7,Ambient,24,-0.07800773740831685,0.011184297931218504,0.0022829852552292374,0.239,0.006157356858121905,0.0012568652055521053,2018-09-04,Mixed Conifer Meadow
9,Addition,24,-0.0837596377597259,0.00877833837842875,0.0017918708180534285,0.236,0.003900947488027462,7.962775715882561e-4,2018-09-04,Mixed Conifer Meadow
10,Exclusion,24,-0.993846792062919,0.04493436665311508,0.009172189184605323,0.15816666666666668,0.0011293194051465608,2.305213582693751e-4,2018-09-04,Mixed Conifer Meadow
12,Ambient,24,-0.17161723854401859,0.015042352047054031,0.0030705072538826997,0.210125,0.0028332267669643873,5.783299920548344e-4,2018-09-04,Mixed Conifer Meadow
2,Exclusion,24,-0.4452965743975819,0.01384929712688456,0.002826975938088356,0.18004166666666666,9.078961186825517e-4,1.853235191854641e-4,2018-09-05,Mixed Conifer Meadow
3,Ambient,24,-0.1637609138105512,0.01859320688357593,0.003795322462230402,0.21183333333333332,0.003941602704999325,8.045762830018564e-4,2018-09-05,Mixed Conifer Meadow
4,Addition,24,-0.05686396622071585,0.014033489473362377,0.002864574043371404,0.2522916666666667,0.009589301859099427,0.0019574080453596426,2018-09-05,Mixed Conifer Meadow
5,Exclusion,24,-5.993933718935116,3.2992012698818547,0.6734466391627366,0.12154166666666667,0.010525245702664112,0.0021484567824123723,2018-09-05,Mixed Conifer Meadow
6,Addition,24,-0.16786862640835054,0.040525454319305564,0.008272223723063936,0.21179166666666666,0.00791794421423327,0.001616243594724484,2018-09-05,Mixed Conifer Meadow
7,Ambient,24,-0.06893661703842696,0.024460481430119363,0.004992974863884649,0.24620833333333333,0.014524280021568282,0.0029647562445118455,2018-09-05,Mixed Conifer Meadow
9,Addition,24,-0.10278283036171283,0.024161922821819802,0.004932031843163866,0.22920833333333332,0.008449230305396056,0.0017246919139567018,2018-09-05,Mixed Conifer Meadow
10,Exclusion,24,-1.0525243507376767,0.047084135474383476,0.009611008907692993,0.15670833333333334,0.0011220775245117847,2.2904311557492974e-4,2018-09-05,Mixed Conifer Meadow
12,Ambient,24,-0.2088333248550217,0.04036851676476765,0.008240188978889096,0.204125,0.006374627013811654,0.0013012152903666841,2018-09-05,Mixed Conifer Meadow
2,Exclusion,24,-0.48781466771768545,0.018399332530007768,0.0037557480255259075,0.17741666666666667,0.0010598058340078637,2.1633195997866947e-4,2018-09-06,Mixed Conifer Meadow
3,Ambient,24,-0.18805601407328087,0.026165462770911304,0.0053410027227101965,0.20725,0.004445319962074422,9.073971375408837e-4,2018-09-06,Mixed Conifer Meadow
4,Addition,24,-0.09670001663462782,0.014128019318134994,0.002883869867134522,0.23079166666666667,0.005258361181855096,0.0010733584815669406,2018-09-06,Mixed Conifer Meadow
5,Exclusion,24,-22.815053033975364,15.902935663223111,3.2461731489338175,0.1,0.01166563142404813,0.0023812370430245844,2018-09-06,Mixed Conifer Meadow
6,Addition,24,-0.2597456859202854,0.015513414840421484,0.003166662543929397,0.19645833333333335,0.0018645238736370005,3.805943419706826e-4,2018-09-06,Mixed Conifer Meadow
7,Ambient,24,-0.04911062607914588,0.006249044969828951,0.001275580962982236,0.257375,0.005298174418978022,0.001081485324563574,2018-09-06,Mixed Conifer Meadow
9,Addition,24,-0.1741522424879019,0.03150902169832592,0.006431752121265163,0.21008333333333334,0.005926481958615674,0.0012097380640348878,2018-09-06,Mixed Conifer Meadow
10,Exclusion,24,-1.25283071043871,0.12064644441736405,0.024626852341966175,0.15245833333333333,0.002321528107437685,4.7387994056262114e-4,2018-09-06,Mixed Conifer Meadow
12,Ambient,24,-0.3167338577174385,0.060422949632541155,0.012333782946134514,0.19083333333333333,0.005895220368095315,0.0012033568185913289,2018-09-06,Mixed Conifer Meadow
2,Exclusion,24,-0.5713560877429515,0.02720140749618679,0.005552464054264583,0.17295833333333333,0.001301476307779027,2.656627388650041e-4,2018-09-07,Mixed Conifer Meadow
3,Ambient,24,-0.2525570083737944,0.036453122592940354,0.007440962490318761,0.19766666666666666,0.004687324875955751,9.567961837288371e-4,2018-09-07,Mixed Conifer Meadow
4,Addition,24,-0.1173107396422491,0.016536988132376404,0.003375598567231929,0.22370833333333334,0.005262493760538838,0.0010742020406583632,2018-09-07,Mixed Conifer Meadow
5,Exclusion,24,-103.62383012087412,84.79644856231549,17.309002581486098,0.07979166666666666,0.010898660335171898,0.00222467972509012,2018-09-07,Mixed Conifer Meadow
6,Addition,24,-0.2007906019471473,0.1368191751219984,0.027928097173115875,0.21725,0.030500534564096616,0.006225895547013205,2018-09-07,Mixed Conifer Meadow
7,Ambient,24,-0.052536960773340885,0.003743586895799935,7.641564752066216e-4,0.25433333333333336,0.0029439202887759515,6.009252125773321e-4,2018-09-07,Mixed Conifer Meadow
9,Addition,24,-0.15008329523065977,0.09497351659907734,0.01938638789545732,0.22545833333333334,0.028661410455093836,0.005850485910287575,2018-09-07,Mixed Conifer Meadow
10,Exclusion,24,-1.6887866573540575,0.2775002405203058,0.056644499397862834,0.1455,0.0037066333019038404,7.566133544393334e-4,2018-09-07,Mixed Conifer Meadow
12,Ambient,24,-0.44685731740353,0.05967084060966647,0.012180259334718996,0.18020833333333333,0.00383325456755877,7.824598120593312e-4,2018-09-07,Mixed Conifer Meadow
2,Exclusion,24,-0.700076812087511,0.032172115857115484,0.006567105649636368,0.167375,0.0012445533509971615,2.5404338896783165e-4,2018-09-08,Mixed Conifer Meadow
3,Ambient,24,-0.35926342485081164,0.06987833875244545,0.014263856168070283,0.187,0.005786040171789794,0.00118107050434421,2018-09-08,Mixed Conifer Meadow
4,Addition,24,-0.10242651293788084,0.020027718153915228,0.004088140849113984,0.22904166666666667,0.007351303739246977,0.0015005785921140913,2018-09-08,Mixed Conifer Meadow
5,Exclusion,24,-541.5778594367007,454.0356137324437,92.6796315579905,0.06095833333333334,0.008040544901860857,0.001641269355291312,2018-09-08,Mixed Conifer Meadow
6,Addition,24,-0.1214867996757574,0.01303027943442155,0.002659794651684515,0.22225,0.0036623822135682252,7.475806388572432e-4,2018-09-08,Mixed Conifer Meadow
7,Ambient,24,-0.06339707741265746,0.004041709757596302,8.250105495449023e-4,0.24670833333333334,0.0025104852582487056,5.12450657457382e-4,2018-09-08,Mixed Conifer Meadow
9,Addition,24,-0.09614542459968531,0.018177658457299243,0.003710498994914199,0.23125,0.006495818052709991,0.001325953307591577,2018-09-08,Mixed Conifer Meadow
10,Exclusion,24,-2.7430337877261257,0.7501889214425116,0.1531316723519173,0.13508333333333333,0.005671566509057852,0.001157703665787484,2018-09-08,Mixed Conifer Meadow
12,Ambient,24,-0.6056445236997782,0.052578955691502706,0.010732634387715592,0.17141666666666666,0.0023390199855395795,4.774504552286715e-4,2018-09-08,Mixed Conifer Meadow
2,Exclusion,24,-0.8486315190146543,0.03633563762042063,0.0074169809707255755,0.16225,0.0011131623577819235,2.2722331478659667e-4,2018-09-09,Mixed Conifer Meadow
3,Ambient,24,-0.487656976898853,0.07742447392981645,0.01580420456095575,0.17779166666666665,0.004423053899411743,9.028520965321836e-4,2018-09-09,Mixed Conifer Meadow
4,Addition,24,-0.09322862375659192,0.008951152252013404,0.001827146302283115,0.23191666666666666,0.00348807492274272,7.120003121097934e-4,2018-09-09,Mixed Conifer Meadow
5,Exclusion,24,-1675.722250475865,739.3923884724766,150.92783928794054,0.048375,0.003076029343445724,6.27891860439198e-4,2018-09-09,Mixed Conifer Meadow
6,Addition,24,-0.17235314306599056,0.013446263547671738,0.0027447070532317726,0.20995833333333333,0.002645408929787059,5.399918365817022e-4,2018-09-09,Mixed Conifer Meadow
7,Ambient,24,-0.07662333567319157,0.004157057332455328,8.485557746675771e-4,0.23925,0.0020483291175768244,4.1811343027904586e-4,2018-09-09,Mixed Conifer Meadow
9,Addition,24,-0.16673691175707359,0.015447778192803185,0.0031532645193384223,0.211125,0.003054753957216596,6.235490404106979e-4,2018-09-09,Mixed Conifer Meadow
10,Exclusion,24,-4.865096381035479,1.2649964293641403,0.2582163148654006,0.12308333333333334,0.004986212875577988,0.001017806441171808,2018-09-09,Mixed Conifer Meadow
12,Ambient,24,-0.7554904261521856,0.037315466043935826,0.007616987610149566,0.16533333333333333,0.0013077250963165902,2.669382674839693e-4,2018-09-09,Mixed Conifer Meadow
2,Exclusion,24,-1.0271114986805618,0.04952658010433539,0.010109570830058248,0.15733333333333333,0.0012394482175782794,2.530013079724074e-4,2018-09-10,Mixed Conifer Meadow
3,Ambient,24,-0.6718585441563716,0.11829703256996142,0.02414728065681734,0.16891666666666666,0.004698905207059137,9.591600089168186e-4,2018-09-10,Mixed Conifer Meadow
4,Addition,24,-0.09636831682516273,0.006388156558759653,0.0013039769971645713,0.23058333333333333,0.0023941353466274675,4.887008311998859e-4,2018-09-10,Mixed Conifer Meadow
5,Exclusion,24,-3630.210963973022,1104.104604011613,225.37440854051073,0.042333333333333334,0.0017362294645648611,3.5440635538079644e-4,2018-09-10,Mixed Conifer Meadow
6,Addition,24,-0.20101809349316058,0.020131780203286452,0.004109382425992967,0.204875,0.0032479090263549883,6.62976653795787e-4,2018-09-10,Mixed Conifer Meadow
7,Ambient,24,-0.09416534248017575,0.00794393872529694,0.0016215497020760775,0.2315,0.0030503029072678923,6.226404736445342e-4,2018-09-10,Mixed Conifer Meadow
9,Addition,24,-0.23450082848603326,0.019634847330091004,0.0040079464280142986,0.19979166666666667,0.0027023205272291516,5.516088677633531e-4,2018-09-10,Mixed Conifer Meadow
10,Exclusion,24,-9.190802632366081,3.628457067495939,0.7406556974133695,0.111875,0.006687512698078152,0.001365082813222891,2018-09-10,Mixed Conifer Meadow
12,Ambient,24,-0.8944546307212405,0.03601475365006457,0.007351480804558016,0.160875,0.00103472323541759,2.112119959812342e-4,2018-09-10,Mixed Conifer Meadow
2,Exclusion,24,-1.2627968118242456,0.05594410582769626,0.011419542782843219,0.15216666666666667,0.0010901402648748697,2.225239497504942e-4,2018-09-11,Mixed Conifer Meadow
3,Ambient,24,-0.904389493852287,0.09133485780111746,0.018643649778533115,0.16070833333333334,0.0025619144788812647,5.229486031589475e-4,2018-09-11,Mixed Conifer Meadow
4,Addition,24,-0.10620070390625111,0.005213301306574646,0.0010641606730410614,0.22695833333333335,0.0018292114401439843,3.733862216678613e-4,2018-09-11,Mixed Conifer Meadow
5,Exclusion,24,-6644.569531152964,1729.3839693236907,353.00902451600325,0.038375,0.0016100904646471983,3.286583398421928e-4,2018-09-11,Mixed Conifer Meadow
6,Addition,24,-0.2256341560626305,0.018987663946154996,0.0038758406729600525,0.20104166666666667,0.0027580580229521964,5.629862364351881e-4,2018-09-11,Mixed Conifer Meadow
7,Ambient,24,-0.12070011230623931,0.010649547266210552,0.002173829732822282,0.22241666666666668,0.0030633409818390297,6.253018594718378e-4,2018-09-11,Mixed Conifer Meadow
9,Addition,24,-0.31258383847433163,0.023208641563928656,0.0047374441212312155,0.19070833333333334,0.0023308734445466497,4.7578754951189283e-4,2018-09-11,Mixed Conifer Meadow
10,Exclusion,24,-19.409354948038935,7.872648343215,1.606997613770344,0.09920833333333333,0.006028765586150586,0.0012306166220766729,2018-09-11,Mixed Conifer Meadow
12,Ambient,24,-1.0531675023976563,0.058778750320616156,0.011998162166996893,0.15670833333333334,0.0013981094896064255,2.853879045065637e-4,2018-09-11,Mixed Conifer Meadow
2,Exclusion,24,-1.5653694654780443,0.12671833337128852,0.02586627148462921,0.14704166666666665,0.0019444271910897776,3.9690453834692645e-4,2018-09-12,Mixed Conifer Meadow
3,Ambient,24,-1.188338419934192,0.08473490073761095,0.0172964391843774,0.15370833333333334,0.001731527766395072,3.534466252607497e-4,2018-09-12,Mixed Conifer Meadow
4,Addition,24,-0.12279332568378233,0.008622632838494182,0.0017600875578064083,0.22175,0.0025237997577841464,5.151684682942447e-4,2018-09-12,Mixed Conifer Meadow
5,Exclusion,24,-6478.016449392526,2253.7472906628427,460.0442392753343,0.03875,0.0023078316568852556,4.710841643008951e-4,2018-09-12,Mixed Conifer Meadow
6,Addition,24,-0.24531518418055132,0.010540476467675823,0.0021515657493016162,0.19825,0.001359347669640304,2.774756811383451e-4,2018-09-12,Mixed Conifer Meadow
7,Ambient,24,-0.1575594076339688,0.01890516171279694,0.0038589999750961138,0.21316666666666667,0.003941602704999325,8.045762830018564e-4,2018-09-12,Mixed Conifer Meadow
9,Addition,24,-0.3908438743112167,0.03644227285765728,0.007438747797378111,0.184,0.0027504940267712562,5.614422421802161e-4,2018-09-12,Mixed Conifer Meadow
10,Exclusion,24,-39.9432908151227,16.663874398942973,3.401499117936501,0.08833333333333333,0.005410671152347051,0.0011044486241039118,2018-09-12,Mixed Conifer Meadow
12,Ambient,24,-1.2422982413200758,0.09695333310613229,0.01979051624767598,0.152625,0.0019067956275430772,3.892230276042151e-4,2018-09-12,Mixed Conifer Meadow
