"","Date.time","Sample","Details","soilmass_g","BulkDensity","soil_pctC","temperature","CO2_ppmv","Datetime","Site","Treatment","Plot","Canopy","Depth","SoilVolume","ugCO2_C.L","Diff_time_hr","Diff_ugCO2_C.L","Cr","Cum.Elapsed.time.hr","Cum.Elapsed.days","Flux_ugCO2_C.gsoil.hr","Flux_ugCO2_C.gsoil.day"
"1","6/14/19 11:06","ANTAddP11Can0-5",39,50.05,5.977610859,1.342524322,25,7355.1,2019-06-14 11:06:00,"Desert Grassland","Addition","P11","Canopy","0-5",0.00837291037850746,3607.58633086098,24.1833333333333,3192.1432203337,131.997652115797,24.1833333333333,1.00763888888889,1.19757869828696,28.7418887588871
"2","6/17/19 14:30","ANTAddP11Can0-5",39,50.05,5.977610859,1.342524322,25,14514,2019-06-17 14:30:00,"Desert Grassland","Addition","P11","Canopy","0-5",0.00837291037850746,7118.93896835071,72.4333333333333,5827.48476525939,80.4530800542024,99.5833333333333,4.14930555555556,0.729928853582672,17.5182924859841
"3","6/20/19 9:50","ANTAddP11Can0-5",39,50.05,5.977610859,1.342524322,25,9774,2019-06-20 09:50:00,"Desert Grassland","Addition","P11","Canopy","0-5",0.00837291037850746,4794.02711014606,47.8666666666667,2768.50896465197,57.8379310164062,166.916666666667,6.95486111111111,0.524747774130667,12.593946579136
"4","6/25/19 10:15","ANTAddP11Can0-5",39,50.05,5.977610859,1.342524322,25,11924.3,2019-06-25 10:15:00,"Desert Grassland","Addition","P11","Canopy","0-5",0.00837291037850746,5848.72288413286,120.416666666667,1054.69577398681,8.75871923034026,287.333333333333,11.9722222222222,0.0794654708352689,1.90717130004645
"5","7/1/19 11:26","ANTAddP11Can0-5",39,50.05,5.977610859,1.342524322,25,8088.5,2019-07-01 11:26:00,"Desert Grassland","Addition","P11","Canopy","0-5",0.00837291037850746,3967.31003482877,94.3333333333333,3314.37276359627,35.1346936070276,432.516666666667,18.0215277777778,0.318767492907396,7.6504198297775
"6","7/5/19 9:51","ANTAddP11Can0-5",39,50.05,5.977610859,1.342524322,25,9927,2019-07-05 09:51:00,"Desert Grassland","Addition","P11","Canopy","0-5",0.00837291037850746,4869.07173341722,92.8,3179.88102698874,34.265959342551,526.933333333333,21.9555555555556,0.310885703853327,7.46125689247984
"7","7/17/19 13:28","ANTAddP11Can0-5",39,50.05,5.977610859,1.342524322,25,15808.8,2019-07-17 13:28:00,"Desert Grassland","Addition","P11","Canopy","0-5",0.00837291037850746,7754.02248607294,168.283333333333,6209.81995375528,36.9009802144515,818.55,34.10625,0.334792529582024,8.03502070996857
"8","8/1/19 10:37","ANTAddP11Can0-5",39,50.05,5.977610859,1.342524322,25,16996.7,2019-08-01 10:37:00,"Desert Grassland","Addition","P11","Canopy","0-5",0.00837291037850746,8336.67286505213,162.05,6492.04659578291,40.0619968885092,1175.7,48.9875,0.363471571770292,8.72331772248702
"9","8/9/19 14:19","ANTAddP11Can0-5",39,50.05,5.977610859,1.342524322,25,11153.8,2019-08-09 14:19:00,"Desert Grassland","Addition","P11","Canopy","0-5",0.00837291037850746,5470.80208524116,95.8333333333333,3278.91050044264,34.2147182654884,1371.4,57.1416666666667,0.310420807535977,7.45009938086345
"10","8/20/19 12:44","ANTAddP11Can0-5",39,50.05,5.977610859,1.342524322,25,10960,2019-08-20 12:44:00,"Desert Grassland","Addition","P11","Canopy","0-5",0.00837291037850746,5375.74556243102,118.916666666667,4829.39127575292,40.6115594316994,1633.81666666667,68.0756944444444,0.368457602843964,8.84298246825514
"11","9/4/19 13:10","ANTAddP11Can0-5",39,50.05,5.977610859,1.342524322,25,21366.3,2019-09-04 13:10:00,"Desert Grassland","Addition","P11","Canopy","0-5",0.00837291037850746,10479.9080666578,261.633333333333,9679.62828019228,36.9969229718141,1994.25,83.09375,0.335662992053368,8.05591180928082
"12","9/14/19 11:31","ANTAddP11Can0-5",39,50.05,5.977610859,1.342524322,25,19153.8,2019-09-14 11:31:00,"Desert Grassland","Addition","P11","Canopy","0-5",0.00837291037850746,9394.70395562876,236.2,8202.52446985825,34.7270299316607,2232.6,93.025,0.315068871561794,7.56165291748306
"13","8/5/19 15:29","ANTAddP11IC0-5",87,50.01,5.977610859,0.957417906,25,9725.5,2019-08-05 15:29:00,"Desert Grassland","Addition","P11","Intercanopy","0-5",0.00836621874184132,4770.23845505683,49.4833333333333,4471.28618130668,90.3594378169082,49.4833333333333,2.06180555555556,0.820462249915614,19.6910939979747
"14","8/13/19 15:01","ANTAddP11IC0-5",87,50.01,5.977610859,0.957417906,25,10783.6,2019-08-13 15:01:00,"Desert Grassland","Addition","P11","Intercanopy","0-5",0.00836621874184132,5289.22352618897,95.7666666666667,3516.64990501475,36.7210223287304,241.016666666667,10.0423611111111,0.333426295325999,8.00223108782397
"15","8/20/19 13:47","ANTAddP11IC0-5",87,50.01,5.977610859,0.957417906,25,12837.8,2019-08-20 13:47:00,"Desert Grassland","Addition","P11","Intercanopy","0-5",0.00836621874184132,6296.78342895775,122.05,3933.22113732977,32.226310014992,407.783333333333,16.9909722222222,0.292614379418271,7.0227451060385
"16","9/4/19 14:11","ANTAddP11IC0-5",87,50.01,5.977610859,0.957417906,25,22928.4,2019-09-04 14:11:00,"Desert Grassland","Addition","P11","Intercanopy","0-5",0.00836621874184132,11246.0989556244,262.4,10629.6049230131,40.5091651029464,768.183333333333,32.0076388888889,0.367822571117715,8.82774170682515
"17","9/14/19 13:53","ANTAddP11IC0-5",87,50.01,5.977610859,0.957417906,25,19557.8,2019-09-14 13:53:00,"Desert Grassland","Addition","P11","Intercanopy","0-5",0.00836621874184132,9592.86100008334,237.883333333333,8490.44076959794,35.6916167712377,1007.88333333333,41.9951388888889,0.324079309331161,7.77790342394786
"18","2/10/19 15:37","ANTAddP1Can0-5",16,49.99,7.094695146,1.342524322,25,4991.3,2019-02-10 15:37:00,"Desert Grassland","Addition","P1","Canopy","0-5",0.00704610965957916,2448.17142570821,25.95,955.764398079661,36.8309979992162,120.683333333333,5.02847222222222,0.334558669363155,8.02940806471571
"19","2/11/19 16:27","ANTAddP1Can0-5",16,49.99,7.094695146,1.342524322,25,6011.6,2019-02-11 16:27:00,"Desert Grassland","Addition","P1","Canopy","0-5",0.00704610965957916,2948.61606050277,24.8333333333333,500.44463479456,20.1521329447474,145.516666666667,6.06319444444444,0.183054251827972,4.39330204387133
"20","2/13/19 15:59","ANTAddP1Can0-5",16,49.99,7.094695146,1.342524322,25,4567.4,2019-02-13 15:59:00,"Desert Grassland","Addition","P1","Canopy","0-5",0.00704610965957916,2240.25367535104,23.25,798.317835530358,34.336250990553,193.05,8.04375,0.311897343714747,7.48553624915394
"21","2/15/19 15:56","ANTAddP1Can0-5",16,49.99,7.094695146,1.342524322,25,6528.7,2019-02-15 15:56:00,"Desert Grassland","Addition","P1","Canopy","0-5",0.00704610965957916,3202.24726764994,47.95,961.993592298901,20.0624315390803,241,10.0416666666667,0.182239438639347,4.37374652734434
"22","2/22/19 13:37","ANTAddP1Can0-5",16,49.99,7.094695146,1.342524322,25,6317.8,2019-02-22 13:37:00,"Desert Grassland","Addition","P1","Canopy","0-5",0.00704610965957916,3098.80340459185,51.0833333333333,921.871695674188,18.0464279740461,406.683333333333,16.9451388888889,0.16392683494168,3.93424403860032
"23","3/1/19 15:04","ANTAddP1Can0-5",16,49.99,7.094695146,1.342524322,25,6371.9,2019-03-01 15:04:00,"Desert Grassland","Addition","P1","Canopy","0-5",0.00704610965957916,3125.33879099035,101,570.044844220559,5.64400835861939,576.133333333333,24.0055555555556,0.0512680087130522,1.23043220911325
"24","3/4/19 16:30","ANTAddP1Can0-5",16,49.99,7.094695146,1.342524322,25,8147.7,2019-03-04 16:30:00,"Desert Grassland","Addition","P1","Canopy","0-5",0.00704610965957916,3996.34690866964,73.4333333333333,871.008117679289,11.8612090469263,649.566666666667,27.0652777777778,0.107742676857747,2.58582424458593
"25","3/12/19 9:16","ANTAddP1Can0-5",16,49.99,7.094695146,1.342524322,25,8880,2019-03-12 09:16:00,"Desert Grassland","Addition","P1","Canopy","0-5",0.00704610965957916,4355.53107613024,141.583333333333,1404.11923554482,9.91726358242372,834.333333333333,34.7638888888889,0.0900846213271211,2.16203091185091
"26","3/19/19 12:58","ANTAddP1Can0-5",16,49.99,7.094695146,1.342524322,25,12292.2,2019-03-19 12:58:00,"Desert Grassland","Addition","P1","Canopy","0-5",0.00704610965957916,6029.17332139732,94.45,2519.2430983356,26.6727697018063,1006.03333333333,41.9180555555556,0.242285216921248,5.81484520610996
"27","3/25/19 14:13","ANTAddP1Can0-5",16,49.99,7.094695146,1.342524322,25,10378.9,2019-03-25 14:13:00,"Desert Grassland","Addition","P1","Canopy","0-5",0.00704610965957916,5090.72314032074,96.85,2085.70099043115,21.5353741913387,1151.28333333333,47.9701388888889,0.195619085147929,4.6948580435503
"28","4/8/19 15:11","ANTAddP1Can0-5",16,49.99,7.094695146,1.342524322,25,8745.4,2019-04-08 15:11:00,"Desert Grassland","Addition","P1","Canopy","0-5",0.00704610965957916,4289.51142716097,119.033333333333,1229.06416335216,10.3253780175202,1488.25,62.0104166666667,0.093791776434802,2.25100263443525
"29","4/14/19 16:29","ANTAddP1Can0-5",16,49.99,7.094695146,1.342524322,25,6609.8,2019-04-14 16:29:00,"Desert Grassland","Addition","P1","Canopy","0-5",0.00704610965957916,3242.025822861,123.55,1585.64874582363,12.8340651220043,1633.55,68.0645833333333,0.116579728570733,2.79791348569759
"30","8/5/19 15:27","ANTAddP1IC0-5",84,50,7.094695146,0.966629535,25,5026.1,2019-08-05 15:27:00,"Desert Grassland","Addition","P1","Intercanopy","0-5",0.00704751916341185,2465.24039884439,49.7166666666667,2156.87076060531,43.383253649453,49.7166666666667,2.07152777777778,0.393998032993603,9.45595279184646
"31","8/9/19 15:11","ANTAddP1IC0-5",84,50,7.094695146,0.966629535,25,5617.3,2019-08-09 15:11:00,"Desert Grassland","Addition","P1","Intercanopy","0-5",0.00704751916341185,2755.21674706604,26.2833333333333,379.784652280141,14.4496380068538,145.45,6.06041666666667,0.131228722450645,3.14948933881548
"32","8/15/19 11:42","ANTAddP1IC0-5",84,50,7.094695146,0.966629535,25,5673.1,2019-08-15 11:42:00,"Desert Grassland","Addition","P1","Intercanopy","0-5",0.00704751916341185,2782.58596261199,44.7166666666667,625.077567952746,13.9786261935016,285.966666666667,11.9152777777778,0.126951087364143,3.04682609673942
"33","8/20/19 13:45","ANTAddP1IC0-5",84,50,7.094695146,0.966629535,25,5171.2,2019-08-20 13:45:00,"Desert Grassland","Addition","P1","Intercanopy","0-5",0.00704751916341185,2536.41016901855,119.7,2039.25180204044,17.0363559067706,408.016666666667,17.0006944444444,0.154720777074109,3.71329864977862
"34","9/4/19 14:10","ANTAddP1IC0-5",84,50,7.094695146,0.966629535,25,14403.7,2019-09-04 14:10:00,"Desert Grassland","Addition","P1","Intercanopy","0-5",0.00704751916341185,7064.83817131274,263.883333333333,4999.93386079465,18.9475166833625,768.433333333333,32.0180555555556,0.172077557014962,4.12986136835908
"35","9/14/19 13:50","ANTAddP1IC0-5",84,50,7.094695146,0.966629535,25,13266,2019-09-14 13:50:00,"Desert Grassland","Addition","P1","Intercanopy","0-5",0.00704751916341185,6506.81027657025,237.883333333333,5693.87590657269,23.9355814751182,1008.1,42.0041666666667,0.217378163840728,5.21707593217748
"36","6/14/19 11:05","ANTAddP2Can0-5",37,50,7.294341342,1.076290476,25,10006.6,2019-06-14 11:05:00,"Desert Grassland","Addition","P2","Canopy","0-5",0.00685462849292582,4908.11455702758,24.3666666666667,4297.11398703485,176.352147210732,24.3666666666667,1.01527777777778,1.60159493053843,38.4382783329223
"37","6/17/19 14:29","ANTAddP2Can0-5",37,50,7.294341342,1.076290476,25,13007.6,2019-06-17 14:29:00,"Desert Grassland","Addition","P2","Canopy","0-5",0.00685462849292582,6380.06824615673,72.4333333333333,5060.01860818496,69.8575969836856,99.7666666666667,4.15694444444444,0.634432724286435,15.2263853828744
"38","6/20/19 9:48","ANTAddP2Can0-5",37,50,7.294341342,1.076290476,25,8416.2,2019-06-20 09:48:00,"Desert Grassland","Addition","P2","Canopy","0-5",0.00685462849292582,4128.04286519452,47.85,1986.03388292331,41.5054103014275,167.083333333333,6.96180555555556,0.376943835275504,9.0466520466121
"39","6/25/19 10:13","ANTAddP2Can0-5",37,50,7.294341342,1.076290476,25,11243.3,2019-06-25 10:13:00,"Desert Grassland","Addition","P2","Canopy","0-5",0.00685462849292582,5514.70073741612,120.416666666667,1386.6578722216,11.5154979008022,287.5,11.9791666666667,0.104581448835505,2.50995477205213
"40","7/1/19 11:24","ANTAddP2Can0-5",37,50,7.294341342,1.076290476,25,7857.9,2019-07-01 11:24:00,"Desert Grassland","Addition","P2","Canopy","0-5",0.00685462849292582,3854.20356341484,94.3166666666667,2889.11989839301,30.632124739986,432.683333333333,18.0284722222222,0.278194830463605,6.67667593112652
"41","7/5/19 9:50","ANTAddP2Can0-5",37,50,7.294341342,1.076290476,25,7964.1,2019-07-05 09:50:00,"Desert Grassland","Addition","P2","Canopy","0-5",0.00685462849292582,3906.29336074424,92.8166666666667,2080.74706431979,22.4178171770852,527.116666666667,21.9631944444444,0.203594132038852,4.88625916893245
"42","7/9/19 16:19","ANTAddP2Can0-5",37,50,7.294341342,1.076290476,25,8471.9,2019-07-09 16:19:00,"Desert Grassland","Addition","P2","Canopy","0-5",0.00685462849292582,4155.36303196709,102.483333333333,249.069671222852,2.43034318968468,629.6,26.2333333333333,0.0220718907800783,0.52972537872188
"43","7/17/19 13:26","ANTAddP2Can0-5",37,50,7.294341342,1.076290476,25,12421.8,2019-07-17 13:26:00,"Desert Grassland","Addition","P2","Canopy","0-5",0.00685462849292582,6092.74053169759,168.266666666667,4518.76539393836,26.8547864140553,818.716666666667,34.1131944444444,0.243889799255167,5.85335518212401
"44","8/1/19 10:35","ANTAddP2Can0-5",37,50,7.294341342,1.076290476,25,12058,2019-08-01 10:35:00,"Desert Grassland","Addition","P2","Canopy","0-5",0.00685462849292582,5914.30109414172,162.033333333333,4068.10526412435,25.1065949236228,1175.86666666667,48.9944444444444,0.228013073777358,5.47231377065658
"45","8/9/19 14:18","ANTAddP2Can0-5",37,50,7.294341342,1.076290476,25,7089.1,2019-08-09 14:18:00,"Desert Grassland","Addition","P2","Canopy","0-5",0.00685462849292582,3477.1165936706,95.8333333333333,1231.85994343481,12.8541907141024,1371.58333333333,57.1493055555556,0.116739189227335,2.80174054145603
"46","8/20/19 12:43","ANTAddP2Can0-5",37,50,7.294341342,1.076290476,25,9642.6,2019-08-20 12:43:00,"Desert Grassland","Addition","P2","Canopy","0-5",0.00685462849292582,4729.57702192494,121.933333333333,2551.02670348574,20.9214874534096,1634,68.0833333333333,0.190004764754375,4.560114354105
"47","9/4/19 13:09","ANTAddP2Can0-5",37,50,7.294341342,1.076290476,25,17290.3,2019-09-04 13:09:00,"Desert Grassland","Addition","P2","Canopy","0-5",0.00685462849292582,8480.68006369535,263.8,6432.25614103288,24.3830786240822,1994.43333333333,83.1013888888889,0.22144224344819,5.31461384275655
"48","9/14/19 11:28","ANTAddP2Can0-5",37,50,7.294341342,1.076290476,25,14842.3,2019-09-14 11:28:00,"Desert Grassland","Addition","P2","Canopy","0-5",0.00685462849292582,7279.96609135674,236.166666666667,5563.16092551541,23.5560801362685,2232.75,93.03125,0.213931608581563,5.13435860595751
"49","8/5/19 15:28","ANTAddP2IC0-5",85,50,7.294341342,0.903268669,25,3388.7,2019-08-05 15:28:00,"Desert Grassland","Addition","P2","Intercanopy","0-5",0.00685462849292582,1662.11578352281,49.6666666666667,1287.38315490079,25.9204662060562,49.6666666666667,2.06944444444444,0.235404489990162,5.64970775976388
"50","8/9/19 15:12","ANTAddP2IC0-5",85,50,7.294341342,0.903268669,25,2627,2019-08-09 15:12:00,"Desert Grassland","Addition","P2","Intercanopy","0-5",0.00685462849292582,1288.51127668853,26.3,16.6765829491474,0.634090606431459,145.4,6.05833333333333,0.00575868406948922,0.138208417667741
"51","8/20/19 13:46","ANTAddP2IC0-5",85,50,7.294341342,0.903268669,25,2265.1,2019-08-20 13:46:00,"Desert Grassland","Addition","P2","Intercanopy","0-5",0.00685462849292582,1111.00376582687,122.05,4.21819451066654,0.0345612004151293,407.966666666667,16.9986111111111,0.000313877909930122,0.00753306983832292
"52","8/24/19 14:17","ANTAddP2IC0-5",85,50,7.294341342,0.903268669,25,2349.5,2019-08-24 14:17:00,"Desert Grassland","Addition","P2","Intercanopy","0-5",0.00685462849292582,1152.40093055946,96.5166666666667,41.3971647325893,0.428912084951711,504.483333333333,21.0201388888889,0.00389529377311445,0.0934870505547468
"53","9/4/19 14:10","ANTAddP2IC0-5",85,50,7.294341342,0.903268669,25,3710,2019-09-04 14:10:00,"Desert Grassland","Addition","P2","Intercanopy","0-5",0.00685462849292582,1819.70949239225,263.883333333333,667.308561832792,2.52880147223947,768.366666666667,32.0152777777778,0.0229660692105844,0.551185661054026
"54","9/14/19 13:52","ANTAddP2IC0-5",85,50,7.294341342,0.903268669,25,4837.2,2019-09-14 13:52:00,"Desert Grassland","Addition","P2","Intercanopy","0-5",0.00685462849292582,2372.58726592987,237.916666666667,658.970270358219,2.7697524498419,1008.06666666667,42.0027777777778,0.0251543377989742,0.60370410717538
"55","6/14/19 11:06","ANTAddP5Can0-5",38,50,5.752237107,1.114535498,25,6685.2,2019-06-14 11:06:00,"Desert Grassland","Addition","P5","Canopy","0-5",0.00869227034107375,3279.0085979894,24.2833333333333,2847.23224592663,117.250469976388,24.2833333333333,1.01180555555556,1.06484531823156,25.5562876375575
"56","6/17/19 14:29","ANTAddP5Can0-5",38,50,5.752237107,1.114535498,25,6089.1,2019-06-17 14:29:00,"Desert Grassland","Addition","P5","Canopy","0-5",0.00869227034107375,2986.62885987215,72.4166666666667,1995.64744250576,27.5578473073292,99.6666666666667,4.15277777777778,0.250274857675702,6.00659658421685
"57","6/20/19 9:49","ANTAddP5Can0-5",38,50,5.752237107,1.114535498,25,7368.9,2019-06-20 09:49:00,"Desert Grassland","Addition","P5","Canopy","0-5",0.00869227034107375,3614.3550615874,47.85,1624.05393538005,33.9405211155705,167,6.95833333333333,0.308241024667388,7.39778459201732
"58","6/25/19 10:14","ANTAddP5Can0-5",38,50,5.752237107,1.114535498,25,11409.7,2019-06-25 10:14:00,"Desert Grassland","Addition","P5","Canopy","0-5",0.00869227034107375,5596.31789632018,120.416666666667,1981.96283473278,16.4592069320369,287.416666666667,11.9756944444444,0.149479225515373,3.58750141236895
"59","7/1/19 11:25","ANTAddP5Can0-5",38,50,5.752237107,1.114535498,25,3096.8,2019-07-01 11:25:00,"Desert Grassland","Addition","P5","Canopy","0-5",0.00869227034107375,1518.94241402704,94.3166666666667,696.198289353521,7.38149803166836,432.6,18.025,0.0670372888240057,1.60889493177614
"60","7/9/19 16:22","ANTAddP5Can0-5",38,50,5.752237107,1.114535498,25,2981.2,2019-07-09 16:22:00,"Desert Grassland","Addition","P5","Canopy","0-5",0.00869227034107375,1462.24203199994,102.533333333333,200.462336803427,1.95509431212705,629.55,26.23125,0.0177557755238754,0.42613861257301
"61","7/10/19 13:11","ANTAddP5Can0-5",38,50,5.752237107,1.114535498,25,3072.2,2019-07-10 13:11:00,"Desert Grassland","Addition","P5","Canopy","0-5",0.00869227034107375,1506.8764157756,20.8166666666667,44.634383775659,2.1441657538347,650.366666666667,27.0986111111111,0.019472884543176,0.467349229036223
"62","7/17/19 13:27","ANTAddP5Can0-5",38,50,5.752237107,1.114535498,25,3412.6,2019-07-17 13:27:00,"Desert Grassland","Addition","P5","Canopy","0-5",0.00869227034107375,1673.83844036059,168.266666666667,166.962024584993,0.992246580338704,818.633333333333,34.1097222222222,0.00901138499332004,0.216273239839681
"63","7/24/19 13:34","ANTAddP5Can0-5",38,50,5.752237107,1.114535498,25,3896.9,2019-07-24 13:34:00,"Desert Grassland","Addition","P5","Canopy","0-5",0.00869227034107375,1911.38164983918,168.116666666667,237.54320947859,1.41296644876726,986.75,41.1145833333333,0.0128322786944145,0.307974688665949
"64","7/25/19 16:34","ANTAddP5Can0-5",38,50,5.752237107,1.114535498,25,4100.5,2019-07-25 16:34:00,"Desert Grassland","Addition","P5","Canopy","0-5",0.00869227034107375,2011.24495244055,27,99.8633026013645,3.69864083708757,1013.75,42.2395833333333,0.0335903163542619,0.806167592502286
"65","8/1/19 10:36","ANTAddP5Can0-5",38,50,5.752237107,1.114535498,25,7278.6,2019-08-01 10:36:00,"Desert Grassland","Addition","P5","Canopy","0-5",0.00869227034107375,3570.0640192254,162.033333333333,1558.81906678486,9.62036042039615,1175.78333333333,48.9909722222222,0.0873701892659538,2.09688454238289
"66","8/5/19 14:29","ANTAddP5Can0-5",38,50,5.752237107,1.114535498,25,10380.5,2019-08-05 14:29:00,"Desert Grassland","Addition","P5","Canopy","0-5",0.00869227034107375,5091.50792069482,99.8833333333333,1521.44390146941,15.2322099262748,1275.66666666667,53.1527777777778,0.138335884108442,3.32006121860262
"67","8/13/19 14:02","ANTAddP5Can0-5",38,50,5.752237107,1.114535498,25,8253.2,2019-08-13 14:02:00,"Desert Grassland","Addition","P5","Canopy","0-5",0.00869227034107375,4048.09336458537,95.7333333333333,1369.63794785879,14.3068030765194,1467.21666666667,61.1340277777778,0.129931524180334,3.11835658032802
"68","8/20/19 12:43","ANTAddP5Can0-5",38,50,5.752237107,1.114535498,25,12657.1,2019-08-20 12:43:00,"Desert Grassland","Addition","P5","Canopy","0-5",0.00869227034107375,6208.15229546037,121.933333333333,3923.41138265381,32.1766925860072,1633.9,68.0791666666667,0.2922222867276,7.0133348814624
"69","9/4/19 13:10","ANTAddP5Can0-5",38,50,5.752237107,1.114535498,25,12790.6,2019-09-04 13:10:00,"Desert Grassland","Addition","P5","Canopy","0-5",0.00869227034107375,6273.63240792246,263.8,3906.58765338452,14.8088993684023,1994.35,83.0979166666667,0.134491462283956,3.22779509481494
"70","9/14/19 11:30","ANTAddP5Can0-5",38,50,5.752237107,1.114535498,25,15798.7,2019-09-14 11:30:00,"Desert Grassland","Addition","P5","Canopy","0-5",0.00869227034107375,7749.06855996158,236.183333333333,6934.31938534898,29.3599014269239,2232.68333333333,93.0284722222222,0.266640752779037,6.3993780666969
"71","8/5/19 15:28","ANTAddP5IC0-5",86,50,5.752237107,0.785758565,25,2583.3,2019-08-05 15:28:00,"Desert Grassland","Addition","P5","Intercanopy","0-5",0.00869227034107375,1267.07696272154,49.5833333333333,905.685600458839,18.2659280764808,49.5833333333333,2.06597222222222,0.165887505604983,3.9813001345196
"72","8/9/19 15:12","ANTAddP5IC0-5",86,50,5.752237107,0.785758565,25,2800.3,2019-08-09 15:12:00,"Desert Grassland","Addition","P5","Intercanopy","0-5",0.00869227034107375,1373.5128009558,26.2833333333333,170.052097307923,6.46995931418859,145.316666666667,6.05486111111111,0.0587588764995979,1.41021303599035
"73","8/13/19 15:01","ANTAddP5IC0-5",86,50,5.752237107,0.785758565,25,3827,2019-08-13 15:01:00,"Desert Grassland","Addition","P5","Intercanopy","0-5",0.00869227034107375,1877.09655724667,95.8166666666667,503.583756290869,5.25570105713205,241.133333333333,10.0472222222222,0.0477312258606618,1.14554942065588
"74","8/15/19 11:43","ANTAddP5IC0-5",86,50,5.752237107,0.785758565,25,4565.3,2019-08-15 11:43:00,"Desert Grassland","Addition","P5","Intercanopy","0-5",0.00869227034107375,2239.22365111007,44.7,362.127093863396,8.1012772676375,285.833333333333,11.9097222222222,0.0735741798892302,1.76578031734153
"75","8/20/19 13:46","ANTAddP5IC0-5",86,50,5.752237107,0.785758565,25,7853.7,2019-08-20 13:46:00,"Desert Grassland","Addition","P5","Intercanopy","0-5",0.00869227034107375,3852.14351493289,122.05,1612.91986382282,13.2152385401297,407.883333333333,16.9951388888889,0.12001815337375,2.88043568096999
"76","9/4/19 14:11","ANTAddP5IC0-5",86,50,5.752237107,0.785758565,25,12711.5,2019-09-04 14:11:00,"Desert Grassland","Addition","P5","Intercanopy","0-5",0.00869227034107375,6234.834828179,263.9,4170.22481030119,15.8022918162228,768.3,32.0125,0.143513253816572,3.44431809159772
"77","9/14/19 13:52","ANTAddP5IC0-5",86,50,5.752237107,0.785758565,25,9883.7,2019-09-14 13:52:00,"Desert Grassland","Addition","P5","Intercanopy","0-5",0.00869227034107375,4847.83361454375,237.883333333333,3983.88852023116,16.7472368257458,1007.98333333333,41.9993055555556,0.152095055404058,3.65028132969739
"78","6/14/19 11:12","ANTCtrlP10Can0-5",42,50.01,6.256742605,1.160754753,25,8840.3,2019-06-14 11:12:00,"Desert Grassland","Ambient","P10","Canopy","0-5",0.00799297704208498,4336.05871309844,23.7,3690.67495296644,155.724681559765,23.7,0.9875,1.41397761746598,33.9354628191836
"79","6/17/19 14:36","ANTCtrlP10Can0-5",42,50.01,6.256742605,1.160754753,25,9771.6,2019-06-17 14:36:00,"Desert Grassland","Ambient","P10","Canopy","0-5",0.00799297704208498,4792.84993958494,72.4666666666667,3701.31853678987,51.0761527615897,99.1,4.12916666666667,0.463770650020201,11.1304956004848
"80","6/20/19 9:55","ANTCtrlP10Can0-5",42,50.01,6.256742605,1.160754753,25,5761.2,2019-06-20 09:55:00,"Desert Grassland","Ambient","P10","Canopy","0-5",0.00799297704208498,2825.79793195963,47.8833333333333,1115.66339929796,23.2996185025678,166.416666666667,6.93402777777778,0.211560163283964,5.07744391881513
"81","6/25/19 10:21","ANTCtrlP10Can0-5",42,50.01,6.256742605,1.160754753,25,7396.6,2019-06-25 10:21:00,"Desert Grassland","Ambient","P10","Canopy","0-5",0.00799297704208498,3627.94157181362,120.433333333333,802.143639853987,6.66047860382497,286.85,11.9520833333333,0.0604770391763823,1.45144894023318
"82","6/27/19 13:09","ANTCtrlP10Can0-5",42,50.01,6.25674261,1.16075475,25,5408.9,2019-06-27 13:09:00,"Desert Grassland","Ambient","P10","Canopy","0-5",0.00799297703569749,2652.99910334244,2.93333333333333,250.05064669045,85.2445386444715,337.65,14.06875,0.774019047251911,18.5764571340459
"83","7/1/19 11:39","ANTCtrlP10Can0-5",42,50.01,6.256742605,1.160754753,25,7109.9,2019-07-01 11:39:00,"Desert Grassland","Ambient","P10","Canopy","0-5",0.00799297704208498,3487.3187385336,94.5,834.319635191164,8.82877920837211,432.15,18.00625,0.0801651739797978,1.92396417551515
"84","7/5/19 9:58","ANTCtrlP10Can0-5",42,50.01,6.256742605,1.160754753,25,6187.9,2019-07-05 09:58:00,"Desert Grassland","Ambient","P10","Canopy","0-5",0.00799297704208498,3035.08904797143,92.7833333333333,1218.17533566183,13.1292473755541,526.466666666667,21.9361111111111,0.119213356144079,2.86112054745789
"85","7/17/19 13:34","ANTCtrlP10Can0-5",42,50.01,6.256742605,1.160754753,25,10679,2019-07-17 13:34:00,"Desert Grassland","Ambient","P10","Canopy","0-5",0.00799297704208498,5237.91850923365,168.35,3914.63165221881,23.252935267115,818.066666666667,34.0861111111111,0.211136280252835,5.06727072606803
"86","8/1/19 10:47","ANTCtrlP10Can0-5",42,50.01,6.256742605,1.160754753,25,9079.1,2019-08-01 10:47:00,"Desert Grassland","Ambient","P10","Canopy","0-5",0.00799297704208498,4453.18718392951,162.183333333333,3089.48413764968,19.0493318527367,1175.28333333333,48.9701388888889,0.172967628494485,4.15122308386765
"87","8/9/19 14:26","ANTCtrlP10Can0-5",42,50.01,6.256742605,1.160754753,25,5745.1,2019-08-09 14:26:00,"Desert Grassland","Ambient","P10","Canopy","0-5",0.00799297704208498,2817.90107944548,95.8333333333333,493.577806521381,5.15037711152745,1370.93333333333,57.1222222222222,0.0467653417831134,1.12236820279472
"88","8/15/19 10:53","ANTCtrlP10Can0-5",42,50.01,6.256742605,1.160754753,25,5410.3,2019-08-15 10:53:00,"Desert Grassland","Ambient","P10","Canopy","0-5",0.00799297704208498,2653.68578616976,44.7166666666667,480.187491388683,10.7384455770857,1511.38333333333,62.9743055555556,0.0975049140591653,2.34011793741997
"89","8/20/19 12:52","ANTCtrlP10Can0-5",42,50.01,6.256742605,1.160754753,25,5232.9,2019-08-20 12:52:00,"Desert Grassland","Ambient","P10","Canopy","0-5",0.00799297704208498,2566.67326219391,119.016666666667,1862.82336419314,15.6517857235104,1633.36666666667,68.0569444444444,0.142117963990979,3.4108311357835
"90","9/4/19 13:18","ANTCtrlP10Can0-5",42,50.01,6.256742605,1.160754753,25,15840.4,2019-09-04 13:18:00,"Desert Grassland","Ambient","P10","Canopy","0-5",0.00799297704208498,7769.52189846098,263.8,5351.90785856841,20.2877477580304,1993.8,83.075,0.184212425103859,4.42109820249263
"91","9/14/19 11:37","ANTCtrlP10Can0-5",42,50.01,6.256742605,1.160754753,25,12199.4,2019-09-14 11:37:00,"Desert Grassland","Ambient","P10","Canopy","0-5",0.00799297704208498,5983.65605970082,236.283333333333,4708.43700059823,19.9270804850034,2232.11666666667,93.0048611111111,0.180937572034297,4.34250172882313
"92","8/5/19 15:31","ANTCtrlP10IC0-5",91,50,6.256742605,0.909626717,25,6242.4,2019-08-05 15:31:00,"Desert Grassland","Ambient","P10","Intercanopy","0-5",0.00799137876633172,3061.82062946345,49.0833333333333,2704.6965104848,55.1041733884848,49.0833333333333,2.04513888888889,0.500445081879541,12.010681965109
"93","8/13/19 15:04","ANTCtrlP10IC0-5",91,50,6.256742605,0.909626717,25,7172.1,2019-08-13 15:04:00,"Desert Grassland","Ambient","P10","Intercanopy","0-5",0.00799137876633172,3517.82707557587,95.7833333333333,2055.24170216227,21.4571954288735,240.633333333333,10.0263888888889,0.194869957445943,4.67687897870264
"94","8/20/19 13:49","ANTCtrlP10IC0-5",91,50,6.256742605,0.909626717,25,8313.1,2019-08-20 13:49:00,"Desert Grassland","Ambient","P10","Intercanopy","0-5",0.00799137876633172,4077.4735798399,122.05,2355.76353666058,19.3016266830035,407.383333333333,16.9743055555556,0.175293513209701,4.20704431703283
"95","9/4/19 14:15","ANTCtrlP10IC0-5",91,50,6.256742605,0.909626717,25,17758.9,2019-09-04 14:15:00,"Desert Grassland","Ambient","P10","Intercanopy","0-5",0.00799137876633172,8710.52261575331,262.433333333333,8070.33802559957,30.7519548797138,767.816666666667,31.9923611111111,0.279283103826585,6.70279449183804
"96","9/14/19 14:01","ANTCtrlP10IC0-5",91,50,6.256742605,0.909626717,25,15897.7,2019-09-14 14:01:00,"Desert Grassland","Ambient","P10","Intercanopy","0-5",0.00799137876633172,7797.62684560763,237.983333333333,6301.88450138925,26.4803606753523,1007.58333333333,41.9826388888889,0.240489339581414,5.77174414995394
"97","2/10/19 15:38","ANTCtrlP3Can0-5",17,50.01,5.469512315,1.543886943,25,8352.1,2019-02-10 15:38:00,"Desert Grassland","Ambient","P3","Canopy","0-5",0.00914341117083672,4096.60260145804,25.95,1766.39347572836,68.0691127448309,120.483333333333,5.02013888888889,0.618066454835038,14.8335949160409
"98","2/13/19 16:01","ANTCtrlP3Can0-5",17,50.01,5.469512315,1.543886943,25,7435.9,2019-02-13 16:01:00,"Desert Grassland","Ambient","P3","Canopy","0-5",0.00914341117083672,3647.2177397519,23.2666666666667,1316.076687328,56.5649006014901,192.866666666667,8.03611111111111,0.513608392604092,12.3266014224982
"99","2/15/19 15:58","ANTCtrlP3Can0-5",17,50.01,5.469512315,1.543886943,25,8594.6,2019-02-15 15:58:00,"Desert Grassland","Ambient","P3","Canopy","0-5",0.00914341117083672,4215.54587690416,47.95,568.328137152266,11.8525158947292,240.816666666667,10.0340277777778,0.107620654721807,2.58289571332338
"100","2/18/19 10:52","ANTCtrlP3Can0-5",17,50.01,5.469512315,1.543886943,25,8646.3,2019-02-18 10:52:00,"Desert Grassland","Ambient","P3","Canopy","0-5",0.00914341117083672,4240.90409274154,66.9,25.3582158373792,0.379046574549765,307.716666666667,12.8215277777778,0.00344173683337938,0.082601684001105
"101","2/22/19 13:39","ANTCtrlP3Can0-5",17,50.01,5.469512315,1.543886943,25,7228.5,2019-02-22 13:39:00,"Desert Grassland","Ambient","P3","Canopy","0-5",0.00914341117083672,3545.4905837621,51.1,146.459637312218,2.86613771648176,406.5,16.9375,0.0260244846166208,0.624587630798898
"102","2/25/19 10:05","ANTCtrlP3Can0-5",17,50.01,5.469512315,1.543886943,25,8982.6,2019-02-25 10:05:00,"Desert Grassland","Ambient","P3","Canopy","0-5",0.00914341117083672,4405.85511761796,68.4333333333333,860.364533855862,12.572302004713,474.933333333333,19.7888888888889,0.114156301086186,2.73975122606845
"103","3/1/19 15:05","ANTCtrlP3Can0-5",17,50.01,5.469512315,1.543886943,25,17012.1,2019-03-01 15:05:00,"Desert Grassland","Ambient","P3","Canopy","0-5",0.00914341117083672,8344.22637615262,101,3938.37125853466,38.9937748369768,575.933333333333,23.9972222222222,0.354062851744107,8.49750844185857
"104","3/12/19 9:17","ANTCtrlP3Can0-5",17,50.01,5.469512315,1.543886943,25,21956.4,2019-03-12 09:17:00,"Desert Grassland","Ambient","P3","Canopy","0-5",0.00914341117083672,10769.3448783723,141.583333333333,6407.3884129293,45.2552448235148,834.133333333333,34.7555555555556,0.410916899058385,9.86200557740124
"105","3/19/19 12:59","ANTCtrlP3Can0-5",17,50.01,5.469512315,1.543886943,25,14909.8,2019-03-19 12:59:00,"Desert Grassland","Ambient","P3","Canopy","0-5",0.00914341117083672,7313.07401338814,94.45,995.984392251132,10.5450967946123,1005.83333333333,41.9097222222222,0.0957493102072685,2.29798344497445
"106","3/25/19 14:14","ANTCtrlP3Can0-5",17,50.01,5.469512315,1.543886943,25,15428.4,2019-03-25 14:14:00,"Desert Grassland","Ambient","P3","Canopy","0-5",0.00914341117083672,7567.44095213601,96.85,3260.90960061224,33.6696912814893,1151.08333333333,47.9618055555556,0.305720258228584,7.33728619748601
"107","4/1/19 13:47","ANTCtrlP3Can0-5",17,50.01,5.469512315,1.543886943,25,19919.6,2019-04-01 13:47:00,"Desert Grassland","Ambient","P3","Canopy","0-5",0.00914341117083672,9770.31946217162,167.55,2202.8785100356,13.147588839365,1318.63333333333,54.9430555555556,0.119379896342076,2.86511751220983
"108","4/8/19 15:16","ANTCtrlP3Can0-5",17,50.01,5.469512315,1.543886943,25,16139.4,2019-04-08 15:16:00,"Desert Grassland","Ambient","P3","Canopy","0-5",0.00914341117083672,7916.17773086671,119.1,3246.93070019898,27.2622225037698,1488.11666666667,62.0048611111111,0.247540544225891,5.94097306142139
"109","4/14/19 16:30","ANTCtrlP3Can0-5",17,50.01,5.469512315,1.543886943,25,15195.8,2019-04-14 16:30:00,"Desert Grassland","Ambient","P3","Canopy","0-5",0.00914341117083672,7453.35350525449,123.566666666667,4770.92513788415,38.6101306006271,1633.35,68.05625,0.350579368215132,8.41390483716316
"110","8/5/19 15:29","ANTCtrlP3IC0-5",88,50,5.469512315,1.2482971,25,5509.9,2019-08-05 15:29:00,"Desert Grassland","Ambient","P3","Intercanopy","0-5",0.00914158285426587,2702.53836445608,49.35,2143.08805528557,43.4263030453003,49.35,2.05625,0.394388998996808,9.4653359759234
"111","8/8/19 12:56","ANTCtrlP3IC0-5",88,50,5.469512315,1.2482971,25,5747.4,2019-08-08 12:56:00,"Desert Grassland","Ambient","P3","Intercanopy","0-5",0.00914158285426587,2819.02920123321,69.45,116.490836777132,1.67733386288167,118.8,4.95,0.0152332106759188,0.365597056222051
"112","8/13/19 15:02","ANTCtrlP3IC0-5",88,50,5.469512315,1.2482971,25,8543.5,2019-08-13 15:02:00,"Desert Grassland","Ambient","P3","Intercanopy","0-5",0.00914158285426587,4190.48195370706,95.7666666666667,2661.19024849687,27.7882726957557,240.9,10.0375,0.252367534968314,6.05682083923954
"113","8/20/19 13:48","ANTCtrlP3IC0-5",88,50,5.469512315,1.2482971,25,11237.6,2019-08-20 13:48:00,"Desert Grassland","Ambient","P3","Intercanopy","0-5",0.00914158285426587,5511.90495733347,122.066666666667,3572.41836034764,29.2661252895765,407.666666666667,16.9861111111111,0.265789096654876,6.37893831971702
"114","9/4/19 14:12","ANTCtrlP3IC0-5",88,50,5.469512315,1.2482971,25,18419.3,2019-09-04 14:12:00,"Desert Grassland","Ambient","P3","Intercanopy","0-5",0.00914158285426587,9034.4407151538,262.4,8526.09922784508,32.4927562036779,768.066666666667,32.0027777777778,0.295092713290562,7.08222511897349
"115","9/14/19 13:54","ANTCtrlP3IC0-5",88,50,5.469512315,1.2482971,25,17306.7,2019-09-14 13:54:00,"Desert Grassland","Ambient","P3","Intercanopy","0-5",0.00914158285426587,8488.72406252965,237.9,7550.81341796025,31.7394426984458,1007.76666666667,41.9902777777778,0.288251270698745,6.91803049676987
"116","6/14/19 11:11","ANTCtrlP7Can0-5",40,50.01,6.204208757,1.031900995,25,6439,2019-06-14 11:11:00,"Desert Grassland","Ambient","P7","Canopy","0-5",0.00806065720202844,3158.25051792822,23.9666666666667,2781.45784082425,116.055264568467,23.9666666666667,0.998611111111111,1.05377994576875,25.2907186984499
"117","6/17/19 14:35","ANTCtrlP7Can0-5",40,50.01,6.204208757,1.031900995,25,7723.4,2019-06-17 14:35:00,"Desert Grassland","Ambient","P7","Canopy","0-5",0.00806065720202844,3788.23296321895,72.4666666666667,2912.0256755614,40.1843469488694,99.3666666666667,4.14027777777778,0.364873227474747,8.75695745939393
"118","6/20/19 9:54","ANTCtrlP7Can0-5",40,50.01,6.204208757,1.031900995,25,4378.1,2019-06-20 09:54:00,"Desert Grassland","Ambient","P7","Canopy","0-5",0.00806065720202844,2147.404347343,47.8833333333333,945.856545856933,19.7533563353345,166.683333333333,6.94513888888889,0.179360159534334,4.30464382882401
"119","6/25/19 10:19","ANTCtrlP7Can0-5",40,50.01,6.204208757,1.031900995,25,5759.4,2019-06-25 10:19:00,"Desert Grassland","Ambient","P7","Canopy","0-5",0.00806065720202844,2824.9150540388,120.416666666667,677.510706695799,5.62638649159141,287.1,11.9625,0.051087499339467,1.22609998414721
"120","6/27/19 13:08","ANTCtrlP7Can0-5",40,50.01,6.20420876,1.031901,25,4622.1,2019-06-27 13:08:00,"Desert Grassland","Ambient","P7","Canopy","0-5",0.00806065719813077,2267.08335438982,2.93333333333333,113.744105467861,38.7763995913163,337.916666666667,14.0798611111111,0.352089087990818,8.45013811177964
"121","7/1/19 11:38","ANTCtrlP7Can0-5",40,50.01,6.204208757,1.031900995,25,8917.4,2019-07-01 11:38:00,"Desert Grassland","Ambient","P7","Canopy","0-5",0.00806065720202844,4373.8753173743,94.5,2106.79196298448,22.2940948463967,432.416666666667,18.0173611111111,0.202430024571091,4.85832058970618
"122","7/5/19 9:57","ANTCtrlP7Can0-5",40,50.01,6.204208757,1.031900995,25,2634.7,2019-07-05 09:57:00,"Desert Grassland","Ambient","P7","Canopy","0-5",0.00806065720202844,1292.28803223878,92.8333333333333,467.925298043722,5.04048795020167,526.733333333333,21.9472222222222,0.0457675499561503,1.09842119894761
"123","7/9/19 16:29","ANTCtrlP7Can0-5",40,50.01,6.204208757,1.031900995,25,3896.4,2019-07-09 16:29:00,"Desert Grassland","Ambient","P7","Canopy","0-5",0.00806065720202844,1911.13640597228,102.533333333333,618.848373733505,6.03558231859726,629.266666666667,26.2194444444444,0.054802990902856,1.31527178166854
"124","7/10/19 13:12","ANTCtrlP7Can0-5",40,50.01,6.204208757,1.031900995,25,4013.8,2019-07-10 13:12:00,"Desert Grassland","Ambient","P7","Canopy","0-5",0.00806065720202844,1968.71966592022,20.7166666666667,57.5832599479384,2.77956202484015,649.983333333333,27.0826388888889,0.025238378721449,0.605721089314775
"125","7/17/19 13:32","ANTCtrlP7Can0-5",40,50.01,6.204208757,1.031900995,25,9575.2,2019-07-17 13:32:00,"Desert Grassland","Ambient","P7","Canopy","0-5",0.00806065720202844,4696.51814866692,168.333333333333,2727.7984827467,16.2047434618616,818.316666666667,34.0965277777778,0.147138811409653,3.53133147383167
"126","7/24/19 13:40","ANTCtrlP7Can0-5",40,50.01,6.204208757,1.031900995,25,10666.3,2019-07-24 13:40:00,"Desert Grassland","Ambient","P7","Canopy","0-5",0.00806065720202844,5231.68931501441,168.133333333333,535.171166347489,3.18301645329593,986.45,41.1020833333333,0.0289017384778474,0.693641723468338
"127","8/1/19 10:45","ANTCtrlP7Can0-5",40,50.01,6.204208757,1.031900995,25,11780.4,2019-08-01 10:45:00,"Desert Grassland","Ambient","P7","Canopy","0-5",0.00806065720202844,5778.14169923927,162.166666666667,4335.12678640423,26.7325392789572,1175.53333333333,48.9805555555556,0.24273102901783,5.82554469642792
"128","8/13/19 14:09","ANTCtrlP7Can0-5",40,50.01,6.204208757,1.031900995,25,4484.9,2019-08-13 14:09:00,"Desert Grassland","Ambient","P7","Canopy","0-5",0.00806065720202844,2199.78843731267,95.7333333333333,924.32413434318,9.65519638937862,1466.93333333333,61.1222222222222,0.0876690287633061,2.10405669031935
"129","8/15/19 10:52","ANTCtrlP7Can0-5",40,50.01,6.204208757,1.031900995,25,5528.1,2019-08-15 10:52:00,"Desert Grassland","Ambient","P7","Canopy","0-5",0.00806065720202844,2711.46524121122,44.7166666666667,511.676803898545,11.4426419060427,1511.65,62.9854166666667,0.103899005461207,2.49357613106896
"130","8/20/19 12:51","ANTCtrlP7Can0-5",40,50.01,6.204208757,1.031900995,25,7299.1,2019-08-20 12:51:00,"Desert Grassland","Ambient","P7","Canopy","0-5",0.00806065720202844,3580.11901776827,119.016666666667,2989.96417646198,25.1222308623048,1633.63333333333,68.0680555555556,0.228109454354409,5.47462690450581
"131","9/4/19 13:17","ANTCtrlP7Can0-5",40,50.01,6.204208757,1.031900995,25,20194.9,2019-09-04 13:17:00,"Desert Grassland","Ambient","P7","Canopy","0-5",0.00806065720202844,9905.35073528633,263.8,7994.80291459461,30.3063036944451,1994.06666666667,83.0861111111111,0.275180752741663,6.60433806579991
"132","9/14/19 11:36","ANTCtrlP7Can0-5",40,50.01,6.204208757,1.031900995,25,13249.4,2019-09-14 11:36:00,"Desert Grassland","Ambient","P7","Canopy","0-5",0.00806065720202844,6498.66818018919,236.266666666667,5456.97033114804,23.0966577221277,2232.38333333333,93.0159722222222,0.209717282644291,5.03321478346298
"133","8/5/19 15:30","ANTCtrlP7IC0-5",89,50,6.204208757,0.800187753,25,4335,2019-08-05 15:30:00,"Desert Grassland","Ambient","P7","Intercanopy","0-5",0.00805904539294986,2126.26432601628,49.2666666666667,1638.27807966021,33.2532763124534,49.2666666666667,2.05277777777778,0.301999604814439,7.24799051554655
"134","8/20/19 13:48","ANTCtrlP7IC0-5",89,50,6.204208757,0.800187753,25,3983.7,2019-08-20 13:48:00,"Desert Grassland","Ambient","P7","Intercanopy","0-5",0.00805904539294986,1953.95598513289,122.05,124.142445424388,1.01714416570576,407.566666666667,16.9819444444444,0.00923749988410655,0.221699997218557
"135","8/24/19 14:19","ANTCtrlP7IC0-5",89,50,6.204208757,0.800187753,25,4173.9,2019-08-24 14:19:00,"Desert Grassland","Ambient","P7","Intercanopy","0-5",0.00805904539294986,2047.24675210135,96.5166666666667,93.2907669684653,0.966576760163688,504.083333333333,21.0034722222222,0.00877825682045458,0.21067816369091
"136","9/4/19 14:13","ANTCtrlP7IC0-5",89,50,6.204208757,0.800187753,25,5720,2019-09-04 14:13:00,"Desert Grassland","Ambient","P7","Intercanopy","0-5",0.00805904539294986,2805.58983732714,263.9,758.343085225785,2.87360017137471,767.983333333333,31.9993055555556,0.0260974620363908,0.626339088873379
"137","9/14/19 13:59","ANTCtrlP7IC0-5",89,50,6.204208757,0.800187753,25,10074.9,2019-09-14 13:59:00,"Desert Grassland","Ambient","P7","Intercanopy","0-5",0.00805904539294986,4941.61486924601,237.966666666667,4248.60475016218,17.8537809924171,1007.75,41.9895833333333,0.162144468216933,3.8914672372064
"138","6/14/19 11:12","ANTCtrlP8Can0-5",41,50.03,6.619347224,1.043835458,25,4006.2,2019-06-14 11:12:00,"Desert Grassland","Ambient","P8","Canopy","0-5",0.00755814709622793,1964.99195914335,23.8,1432.56752410513,60.1919127775267,23.8,0.991666666666667,0.546323119591187,13.1117548701885
"139","6/14/19 14:08","ANTCtrlP8Can0-5",41,50.03,6.619347224,1.043835458,25,4007,2019-06-14 14:08:00,"Desert Grassland","Ambient","P8","Canopy","0-5",0.00755814709622793,1965.38434933039,2.93333333333333,0.392390187038927,0.133769381945089,26.7333333333333,1.11388888888889,0.00121413828997492,0.0291393189593981
"140","6/18/19 10:02","ANTCtrlP8Can0-5",41,50.03,6.619347224,1.043835458,25,3761.9,2019-06-18 10:02:00,"Desert Grassland","Ambient","P8","Canopy","0-5",0.00755814709622793,1845.16580577639,19.4333333333333,438.741277882714,22.5767381414776,118.633333333333,4.94305555555556,0.204914471770209,4.91794732248501
"141","6/20/19 9:55","ANTCtrlP8Can0-5",41,50.03,6.619347224,1.043835458,25,4446.7,2019-06-20 09:55:00,"Desert Grassland","Ambient","P8","Canopy","0-5",0.00755814709622793,2181.05180588157,47.8833333333333,335.886000105179,7.01467455840958,166.516666666667,6.93819444444444,0.0636676708020829,1.52802409924999
"142","6/27/19 10:12","ANTCtrlP8Can0-5",41,50.03,6.619347224,1.04383546,25,3629,2019-06-27 10:12:00,"Desert Grassland","Ambient","P8","Canopy","0-5",0.00755814709622793,1779.97998595458,47.8666666666667,30.949776002682,0.646583064122884,334.8,13.95,0.00586861690161024,0.140846805638646
"143","7/1/19 13:10","ANTCtrlP8Can0-5",41,50.03,6.619347224,1.043835458,25,3439.9,2019-07-01 13:10:00,"Desert Grassland","Ambient","P8","Canopy","0-5",0.00755814709622793,1687.22875549329,1.53333333333333,232.638332140605,151.720651396047,433.766666666667,18.0736111111111,1.37707036962684,33.0496888710442
"144","7/5/19 9:57","ANTCtrlP8Can0-5",41,50.03,6.619347224,1.043835458,25,4136.9,2019-07-05 09:57:00,"Desert Grassland","Ambient","P8","Canopy","0-5",0.00755814709622793,2029.09870595081,92.7833333333333,341.86995045752,3.68460517827397,526.55,21.9395833333333,0.0334427816390651,0.802626759337562
"145","7/9/19 16:29","ANTCtrlP8Can0-5",41,50.03,6.619347224,1.043835458,25,5022.3,2019-07-09 16:29:00,"Desert Grassland","Ambient","P8","Canopy","0-5",0.00755814709622793,2463.37654545596,102.533333333333,434.277839505149,4.23547957904891,629.083333333333,26.2118055555556,0.0384427128133184,0.922625107519643
"146","7/17/19 13:33","ANTCtrlP8Can0-5",41,50.03,6.619347224,1.043835458,25,12700.7,2019-07-17 13:33:00,"Desert Grassland","Ambient","P8","Canopy","0-5",0.00755814709622793,6229.53756065398,168.333333333333,4875.10473254294,28.9610182131264,818.15,34.0895833333333,0.262860458932612,6.30865101438268
"147","8/1/19 10:46","ANTCtrlP8Can0-5",41,50.03,6.619347224,1.043835458,25,1570.7,2019-08-01 10:46:00,"Desert Grassland","Ambient","P8","Canopy","0-5",0.00755814709622793,770.409083477226,162.183333333333,136.25749244921,0.840144851192331,1175.36666666667,48.9736111111111,0.00762545223821558,0.183010853717174
"148","8/15/19 10:53","ANTCtrlP8Can0-5",41,50.03,6.619347224,1.043835458,25,1378.3,2019-08-15 10:53:00,"Desert Grassland","Ambient","P8","Canopy","0-5",0.00755814709622793,676.039243494404,44.7333333333333,60.7223814442482,1.35743028563893,1511.48333333333,62.9784722222222,0.0123205180572813,0.295692433374751
"149","9/4/19 13:17","ANTCtrlP8Can0-5",41,50.03,6.619347224,1.043835458,25,1754.1,2019-09-04 13:17:00,"Desert Grassland","Ambient","P8","Canopy","0-5",0.00755814709622793,860.364533855862,263.783333333333,242.399038043194,0.918932348682103,1993.88333333333,83.0784722222222,0.00834055547097854,0.200173331303485
"150","8/5/19 15:30","ANTCtrlP8IC0-5",90,50,6.619347224,1.009454196,25,3535.1,2019-08-05 15:30:00,"Desert Grassland","Ambient","P8","Intercanopy","0-5",0.00755361492727157,1733.9231877509,49.2,1308.81746886779,26.6019810745485,49.2,2.05,0.241593871722834,5.79825292134803
"151","8/9/19 15:17","ANTCtrlP8IC0-5",90,50,6.619347224,1.009454196,25,3645.7,2019-08-09 15:17:00,"Desert Grassland","Ambient","P8","Intercanopy","0-5",0.00755361492727157,1788.17113110901,26.3333333333333,94.6150838497206,3.59297786771091,144.983333333333,6.04097222222222,0.0326307063989769,0.783136953575446
"152","8/13/19 15:03","ANTCtrlP8IC0-5",90,50,6.619347224,1.009454196,25,3704.5,2019-08-13 15:03:00,"Desert Grassland","Ambient","P8","Intercanopy","0-5",0.00755361492727157,1817.01180985636,95.7666666666667,28.8406787473491,0.301155712642002,240.75,10.03125,0.00273503595107214,0.0656408628257313
"153","8/20/19 13:49","ANTCtrlP8IC0-5",90,50,6.619347224,1.009454196,25,3983.2,2019-08-20 13:49:00,"Desert Grassland","Ambient","P8","Intercanopy","0-5",0.00755361492727157,1953.71074126599,122.066666666667,147.195368912915,1.20586047716752,407.516666666667,16.9798611111111,0.0109513836815399,0.262833208356959
"154","8/24/19 14:20","ANTCtrlP8IC0-5",90,50,6.619347224,1.009454196,25,5442,2019-08-24 14:20:00,"Desert Grassland","Ambient","P8","Intercanopy","0-5",0.00755361492727157,2669.23424733117,96.5166666666667,715.52350606518,7.41347096596629,504.033333333333,21.0013888888889,0.0673276606187127,1.6158638548491
"155","9/4/19 14:14","ANTCtrlP8IC0-5",90,50,6.619347224,1.009454196,25,15160.3,2019-09-04 14:14:00,"Desert Grassland","Ambient","P8","Intercanopy","0-5",0.00755361492727157,7435.94119070465,262.433333333333,6602.3082383408,25.1580397752095,767.933333333333,31.9972222222222,0.228480285630497,5.48352685513193
"156","9/14/19 14:00","ANTCtrlP8IC0-5",90,50,6.619347224,1.009454196,25,15104.3,2019-09-14 14:00:00,"Desert Grassland","Ambient","P8","Intercanopy","0-5",0.00755361492727157,7408.47387761194,237.983333333333,6244.00694880103,26.2371606504701,1007.7,41.9875,0.238280645595439,5.71873549429054
"157","6/14/19 11:15","ANTExlP12Can0-5",45,50.02,5.472881226,0.996569811,25,9454,2019-06-14 11:15:00,"Desert Grassland","Exclusion","P12","Canopy","0-5",0.00913961000329591,4637.07103533055,23.2333333333333,4210.39575569928,181.222198954058,23.2333333333333,0.968055555555556,1.64516570018089,39.4839768043414
"158","6/17/19 14:39","ANTExlP12Can0-5",45,50.02,5.472881226,0.996569811,25,3704.9,2019-06-17 14:39:00,"Desert Grassland","Exclusion","P12","Canopy","0-5",0.00913961000329591,1817.20800494988,72.4833333333333,511.627755125164,7.05855721028048,98.6333333333333,4.10972222222222,0.0640787733629801,1.53789056071152
"159","6/18/19 10:04","ANTExlP12Can0-5",45,50.02,5.472881226,0.996569811,25,4169.7,2019-06-18 10:04:00,"Desert Grassland","Exclusion","P12","Canopy","0-5",0.00913961000329591,2045.1867036194,19.4166666666667,227.978698669519,11.7413922061555,118.05,4.91875,0.106590339602022,2.55816815044853
"160","6/20/19 9:57","ANTExlP12Can0-5",45,50.02,5.472881226,0.996569811,25,4297.8,2019-06-20 09:57:00,"Desert Grassland","Exclusion","P12","Canopy","0-5",0.00913961000329591,2108.01818231898,47.8833333333333,62.8314786995822,1.31217846222587,165.933333333333,6.91388888888889,0.011912177487248,0.285892259693953
"161","6/25/19 10:23","ANTExlP12Can0-5",45,50.02,5.472881226,0.996569811,25,4495.5,2019-06-25 10:23:00,"Desert Grassland","Exclusion","P12","Canopy","0-5",0.00913961000329591,2204.98760729093,120.433333333333,96.9694249719532,0.805170979562302,286.366666666667,11.9319444444444,0.00730947801098452,0.175427472263628
"162","6/27/19 10:15","ANTExlP12Can0-5",45,50.02,5.472881226,0.99656981,25,5114,2019-06-27 10:15:00,"Desert Grassland","Exclusion","P12","Canopy","0-5",0.00913961000329591,2508.35427064528,47.8666666666667,303.366663354342,6.33774366339154,334.233333333333,13.9263888888889,0.0575351063596454,1.38084255263149
"163","7/1/19 11:41","ANTExlP12Can0-5",45,50.02,5.472881226,0.996569811,25,3136,2019-07-01 11:41:00,"Desert Grassland","Exclusion","P12","Canopy","0-5",0.00913961000329591,1538.16953319194,94.5,427.999596512528,4.52909625939183,431.666666666667,17.9861111111111,0.0411159000485253,0.986781601164608
"164","7/1/19 13:14","ANTExlP12Can0-5",45,50.02,5.472881226,0.996569811,25,3225.3,2019-07-01 13:14:00,"Desert Grassland","Exclusion","P12","Canopy","0-5",0.00913961000329591,1581.97008782014,1.55,43.8005546282018,28.2584223407753,433.216666666667,18.0506944444444,0.256534726124004,6.15683342697609
"165","7/5/19 10:00","ANTExlP12Can0-5",45,50.02,5.472881226,0.996569811,25,3342.7,2019-07-05 10:00:00,"Desert Grassland","Exclusion","P12","Canopy","0-5",0.00913961000329591,1639.55334776808,92.7666666666667,57.5832599479377,0.620732230843741,525.983333333333,21.9159722222222,0.00563511192930496,0.135242686303319
"166","7/10/19 13:15","ANTExlP12Can0-5",45,50.02,5.472881226,0.996569811,25,2759.5,2019-07-10 13:15:00,"Desert Grassland","Exclusion","P12","Canopy","0-5",0.00913961000329591,1353.50090141682,20.7166666666667,10.1040473162479,0.48772553417126,649.233333333333,27.0513888888889,0.00442765469435881,0.106263712664611
"167","7/17/19 13:36","ANTExlP12Can0-5",45,50.02,5.472881226,0.996569811,25,3211.2,2019-07-17 13:36:00,"Desert Grassland","Exclusion","P12","Canopy","0-5",0.00913961000329591,1575.05421077358,168.35,221.55330935676,1.31602797360713,817.583333333333,34.0659722222222,0.0119471240011048,0.286730976026514
"168","7/24/19 13:44","ANTExlP12Can0-5",45,50.02,5.472881226,0.996569811,25,5647.6,2019-07-24 13:44:00,"Desert Grassland","Exclusion","P12","Canopy","0-5",0.00913961000329591,2770.07852540013,168.133333333333,1195.02431462655,7.10759901641483,985.716666666667,41.0715277777778,0.0645239831540146,1.54857559569635
"169","8/1/19 10:49","ANTExlP12Can0-5",45,50.02,5.472881226,0.996569811,25,11226.3,2019-08-01 10:49:00,"Desert Grassland","Exclusion","P12","Canopy","0-5",0.00913961000329591,5506.36244594155,162.2,3996.15071357612,24.6371807248836,1174.8,48.95,0.223660483713762,5.36785160913029
"170","8/20/19 12:54","ANTExlP12Can0-5",45,50.02,5.472881226,0.996569811,25,2111.5,2019-08-20 12:54:00,"Desert Grassland","Exclusion","P12","Canopy","0-5",0.00913961000329591,1035.66484991543,121.983333333333,146.361539765458,1.19984866592806,1632.88333333333,68.0368055555556,0.0108924286427683,0.26141828742644
"171","9/4/19 13:20","ANTExlP12Can0-5",45,50.02,5.472881226,0.996569811,25,2113.8,2019-09-04 13:20:00,"Desert Grassland","Exclusion","P12","Canopy","0-5",0.00913961000329591,1036.79297170316,261.766666666667,190.946874767737,0.729454506944112,1993.31666666667,83.0548611111111,0.00662211109672634,0.158930666321432
"172","9/14/19 11:40","ANTExlP12Can0-5",45,50.02,5.472881226,0.996569811,25,8750.6,2019-09-14 11:40:00,"Desert Grassland","Exclusion","P12","Canopy","0-5",0.00913961000329591,4292.06196337672,236.3,3412.862700543,14.4429229815616,2231.65,92.9854166666667,0.131115291817219,3.14676700361326
"173","8/5/19 15:34","ANTExlP12IC0-5",95,50,5.472881226,1.043304807,25,4422.8,2019-08-05 15:34:00,"Desert Grassland","Exclusion","P12","Intercanopy","0-5",0.00913595562104749,2169.32914904379,48.7333333333333,1778.7047178467,36.4987288203838,48.7333333333333,2.03055555555556,0.331474155400961,7.95537972962307
"174","8/13/19 15:06","ANTExlP12IC0-5",95,50,5.472881226,1.043304807,25,4432.8,2019-08-13 15:06:00,"Desert Grassland","Exclusion","P12","Intercanopy","0-5",0.00913595562104749,2174.23402638177,95.7833333333333,145.282466751101,1.51678232209258,240.266666666667,10.0111111111111,0.0137751136927804,0.33060272862673
"175","8/20/19 13:52","ANTExlP12IC0-5",95,50,5.472881226,1.043304807,25,5467.5,2019-08-20 13:52:00,"Desert Grassland","Exclusion","P12","Intercanopy","0-5",0.00913595562104749,2681.74168454303,122.083333333333,530.070093915986,4.34187107644493,407.033333333333,16.9597222222222,0.0394320047420576,0.946368113809382
"176","9/4/19 14:18","ANTExlP12IC0-5",95,50,5.472881226,1.043304807,25,8223.6,2019-09-04 14:18:00,"Desert Grassland","Exclusion","P12","Intercanopy","0-5",0.00913595562104749,4033.57492766494,262.466666666667,3423.16294295277,13.0422768972038,767.466666666667,31.9777777777778,0.118447350325026,2.84273640780062
"177","9/14/19 14:07","ANTExlP12IC0-5",95,50,5.472881226,1.043304807,25,12196.9,2019-09-14 14:07:00,"Desert Grassland","Exclusion","P12","Intercanopy","0-5",0.00913595562104749,5982.42984036632,238.066666666667,5198.8756856233,21.8378984274291,1007.28333333333,41.9701388888889,0.198327425938226,4.75985822251742
"178","2/6/19 17:48","ANTExlP4Can0-5",18,50.01,5.608937181,0.981022986,25,15038.4,2019-02-06 17:48:00,"Desert Grassland","Exclusion","P4","Canopy","0-5",0.00891612767021289,7376.15073595462,25.5166666666667,6256.22009337262,245.181714959084,26.5166666666667,1.10486111111111,2.22624604970546,53.4299051929311
"179","2/9/19 13:41","ANTExlP4Can0-5",18,50.01,5.608937181,0.981022986,25,4156.1,2019-02-09 13:41:00,"Desert Grassland","Exclusion","P4","Canopy","0-5",0.00891612767021289,2038.51607043974,21.0666666666667,545.177116116978,25.878660575173,94.4,3.93333333333333,0.234977824046797,5.63946777712313
"180","2/15/19 15:59","ANTExlP4Can0-5",18,50.01,5.608937181,0.981022986,25,4011.9,2019-02-15 15:59:00,"Desert Grassland","Exclusion","P4","Canopy","0-5",0.00891612767021289,1967.787739226,47.9333333333333,94.8603277166205,1.97900544610474,240.7,10.0291666666667,0.0179693377928755,0.431264107029011
"181","2/22/19 13:40","ANTExlP4Can0-5",18,50.01,5.608937181,0.981022986,25,3396.2,2019-02-22 13:40:00,"Desert Grassland","Exclusion","P4","Canopy","0-5",0.00891612767021289,1665.7944415263,49.4333333333333,45.5172616964958,0.920780749086226,406.383333333333,16.9326388888889,0.00836067447215686,0.200656187331765
"182","3/1/19 15:06","ANTExlP4Can0-5",18,50.01,5.608937181,0.981022986,25,4381,2019-03-01 15:06:00,"Desert Grassland","Exclusion","P4","Canopy","0-5",0.00891612767021289,2148.82676177101,101,557.488358235319,5.51968671520118,575.816666666667,23.9923611111111,0.0501186670766987,1.20284800984077
"183","3/4/19 16:36","ANTExlP4Can0-5",18,50.01,5.608937181,0.981022986,25,4488.9,2019-03-04 16:36:00,"Desert Grassland","Exclusion","P4","Canopy","0-5",0.00891612767021289,2201.75038824786,73.5,52.9236264768529,0.720049339821127,649.316666666667,27.0548611111111,0.0065380364870901,0.156912875690162
"184","3/15/19 14:33","ANTExlP4Can0-5",18,50.01,5.608937181,0.981022986,25,4635.1,2019-03-15 14:33:00,"Desert Grassland","Exclusion","P4","Canopy","0-5",0.00891612767021289,2273.4596949292,77.2166666666667,157.495611322683,2.03965825153485,911.266666666667,37.9694444444444,0.01852006429593,0.44448154310232
"185","3/21/19 13:24","ANTExlP4Can0-5",18,50.01,5.608937181,0.981022986,25,4659,2019-03-21 13:24:00,"Desert Grassland","Exclusion","P4","Canopy","0-5",0.00891612767021289,2285.18235176698,48.4,73.2298186561088,1.51301278215101,1054.11666666667,43.9215277777778,0.0137381318585673,0.329715164605616
"186","4/1/19 13:48","ANTExlP4Can0-5",18,50.01,5.608937181,0.981022986,25,4996.1,2019-04-01 13:48:00,"Desert Grassland","Exclusion","P4","Canopy","0-5",0.00891612767021289,2450.52576683044,167.55,182.363339426264,1.08841145584162,1318.51666666667,54.9381944444444,0.00988275860794085,0.23718620659058
"187","4/3/19 16:11","ANTExlP4Can0-5",18,50.01,5.608937181,0.981022986,25,5140.1,2019-04-03 16:11:00,"Desert Grassland","Exclusion","P4","Canopy","0-5",0.00891612767021289,2521.15600049742,50.3833333333333,70.6302336669769,1.4018571022225,1368.9,57.0375,0.0127288400629517,0.305492161510841
"188","4/14/19 16:31","ANTExlP4Can0-5",18,50.01,5.608937181,0.981022986,25,4380,2019-04-14 16:31:00,"Desert Grassland","Exclusion","P4","Canopy","0-5",0.00891612767021289,2148.33627403721,123.566666666667,241.712355215877,1.95612912232973,1633.23333333333,68.0513888888889,0.0177616211389463,0.426278907334712
"189","8/5/19 15:32","ANTExlP4IC0-5",92,50,5.608937181,0.67991975,25,3534.8,2019-08-05 15:32:00,"Desert Grassland","Exclusion","P4","Intercanopy","0-5",0.00891434480125264,1733.77604143076,49,1234.01808946352,25.1840426421127,49,2.04166666666667,0.228716438467139,5.48919452321134
"190","8/8/19 12:59","ANTExlP4IC0-5",92,50,5.608937181,0.67991975,25,5143.4,2019-08-08 12:59:00,"Desert Grassland","Exclusion","P4","Intercanopy","0-5",0.00891434480125264,2522.77461001895,69.45,788.998568588187,11.3606705340272,118.45,4.93541666666667,0.103175337655928,2.47620810374227
"191","8/13/19 15:04","ANTExlP4IC0-5",92,50,5.608937181,0.67991975,25,4939.3,2019-08-13 15:04:00,"Desert Grassland","Exclusion","P4","Intercanopy","0-5",0.00891434480125264,2422.66606355069,95.7666666666667,1330.34988038154,13.8915754999813,240.533333333333,10.0222222222222,0.12616051037573,3.02785224901751
"192","8/15/19 11:46","ANTExlP4IC0-5",92,50,5.608937181,0.67991975,25,5903.8,2019-08-15 11:46:00,"Desert Grassland","Exclusion","P4","Intercanopy","0-5",0.00891434480125264,2895.74148279929,44.7,473.075419248606,10.5833427124968,285.233333333333,11.8847222222222,0.0961158018463532,2.30677924431248
"193","8/20/19 13:50","ANTExlP4IC0-5",92,50,5.608937181,0.67991975,25,4706.3,2019-08-20 13:50:00,"Desert Grassland","Exclusion","P4","Intercanopy","0-5",0.00891434480125264,2308.38242157565,119.766666666667,1481.91059012526,12.3733141396487,407.3,16.9708333333333,0.112371964353462,2.69692714448308
"194","8/24/19 14:21","ANTExlP4IC0-5",92,50,5.608937181,0.67991975,25,6820.7,2019-08-24 14:21:00,"Desert Grassland","Exclusion","P4","Intercanopy","0-5",0.00891434480125264,3345.46968591909,96.5166666666667,1037.08726434344,10.7451624694537,503.816666666667,20.9923611111111,0.0975854165150849,2.34204999636204
"195","9/4/19 14:16","ANTExlP4IC0-5",92,50,5.608937181,0.67991975,25,8977.6,2019-09-04 14:16:00,"Desert Grassland","Exclusion","P4","Intercanopy","0-5",0.00891434480125264,4403.40267894897,262.45,3861.6099281952,14.7136975736148,767.733333333333,31.9888888888889,0.133626858624055,3.20704460697732
"196","9/14/19 14:02","ANTExlP4IC0-5",92,50,5.608937181,0.67991975,25,7675.8,2019-09-14 14:02:00,"Desert Grassland","Exclusion","P4","Intercanopy","0-5",0.00891434480125264,3764.88574709015,238,3021.01205001142,12.6933279412244,1007.5,41.9791666666667,0.115278265696612,2.76667837671869
"197","6/14/19 11:13","ANTExlP6Can0-5",43,50,7.741090533,1.015403926,25,10685.2,2019-06-14 11:13:00,"Desert Grassland","Exclusion","P6","Canopy","0-5",0.0064590382694598,5240.95953318321,23.6,4810.55654677506,203.837141812503,23.6,0.983333333333333,1.85120815451279,44.4289957083069
"198","6/17/19 14:37","ANTExlP6Can0-5",43,50,7.741090533,1.015403926,25,8766.2,2019-06-17 14:37:00,"Desert Grassland","Exclusion","P6","Canopy","0-5",0.0064590382694598,4299.71357202398,72.4666666666667,3145.25259298257,43.4027496731725,99,4.125,0.394175091981818,9.46020220756363
"199","6/20/19 9:56","ANTExlP6Can0-5",43,50,7.741090533,1.015403926,25,6715.6,2019-06-20 09:56:00,"Desert Grassland","Exclusion","P6","Canopy","0-5",0.0064590382694598,3293.91942509688,47.8833333333333,1348.54697530546,28.1631808278203,166.316666666667,6.92986111111111,0.255772375642098,6.13853701541036
"200","6/25/19 10:21","ANTExlP6Can0-5",43,50,7.741090533,1.015403926,25,8063.4,2019-06-25 10:21:00,"Desert Grassland","Exclusion","P6","Canopy","0-5",0.0064590382694598,3954.99879271043,120.416666666667,661.079367613551,5.4899324646108,286.733333333333,11.9472222222222,0.0498584686571024,1.19660324777046
"201","7/1/19 11:40","ANTExlP6Can0-5",43,50,7.741090533,1.015403926,25,8973.8,2019-07-01 11:40:00,"Desert Grassland","Exclusion","P6","Canopy","0-5",0.0064590382694598,4401.53882556054,94.5,3591.74357705929,38.00786854031,432.05,18.0020833333333,0.345179860509387,8.28431665222529
"202","7/5/19 9:58","ANTExlP6Can0-5",43,50,7.741090533,1.015403926,25,7582.2,2019-07-05 09:58:00,"Desert Grassland","Exclusion","P6","Canopy","0-5",0.0064590382694598,3718.97609520661,92.7833333333333,2028.80441331053,21.8660436139091,526.35,21.93125,0.1985830348928,4.76599283742719
"203","7/9/19 16:31","ANTExlP6Can0-5",43,50,7.741090533,1.015403926,25,7963.6,2019-07-09 16:31:00,"Desert Grassland","Exclusion","P6","Canopy","0-5",0.0064590382694598,3906.04811687734,102.55,187.07202167073,1.8242030392075,628.9,26.2041666666667,0.0165670471614747,0.397609131875393
"204","7/17/19 13:35","ANTExlP6Can0-5",43,50,7.741090533,1.015403926,25,12078.3,2019-07-17 13:35:00,"Desert Grassland","Exclusion","P6","Canopy","0-5",0.0064590382694598,5924.25799513782,168.35,4359.20973413373,25.8937317144861,817.966666666667,34.0819444444444,0.23516169268462,5.64388062443087
"205","7/24/19 13:43","ANTExlP6Can0-5",43,50,7.741090533,1.015403926,25,13351.9,2019-07-24 13:43:00,"Desert Grassland","Exclusion","P6","Canopy","0-5",0.0064590382694598,6548.94317290353,168.133333333333,624.685177765708,3.71541541097764,986.1,41.0875,0.0337426596794167,0.809823832306002
"206","8/1/19 10:47","ANTExlP6Can0-5",43,50,7.741090533,1.015403926,25,15562.8,2019-08-01 10:47:00,"Desert Grassland","Exclusion","P6","Canopy","0-5",0.0064590382694598,7633.36250355853,162.183333333333,5844.94612858262,36.0391293510386,1175.16666666667,48.9652777777778,0.327300164940263,7.8552039585663
"207","8/20/19 12:53","ANTExlP6Can0-5",43,50,7.741090533,1.015403926,25,11659.8,2019-08-20 12:53:00,"Desert Grassland","Exclusion","P6","Canopy","0-5",0.0064590382694598,5718.98887854317,121.983333333333,3428.90164943821,28.1095913330089,1633.26666666667,68.0527777777778,0.255285686568121,6.12685647763489
"208","9/4/19 13:18","ANTExlP6Can0-5",43,50,7.741090533,1.015403926,25,20306,2019-09-04 13:18:00,"Desert Grassland","Exclusion","P6","Canopy","0-5",0.0064590382694598,9959.84392251134,261.75,9250.50056189202,35.3409763587088,1993.68333333333,83.0701388888889,0.320959679094521,7.70303229826851
"209","9/14/19 11:38","ANTExlP6Can0-5",43,50,7.741090533,1.015403926,25,17060.4,2019-09-14 11:38:00,"Desert Grassland","Exclusion","P6","Canopy","0-5",0.0064590382694598,8367.91693369509,236.283333333333,7375.02261416688,31.2126230408417,2232.01666666667,93.0006944444444,0.283466799932316,6.80320319837559
"210","8/5/19 15:32","ANTExlP6IC0-5",93,50,7.741090533,1.216987751,25,9711.9,2019-08-05 15:32:00,"Desert Grassland","Exclusion","P6","Intercanopy","0-5",0.0064590382694598,4763.56782187717,48.9166666666667,4388.93329080192,89.7226567114531,48.9166666666667,2.03819444444444,0.814843223722075,19.5562373693298
"211","8/13/19 15:05","ANTExlP6IC0-5",93,50,7.741090533,1.216987751,25,11148.5,2019-08-13 15:05:00,"Desert Grassland","Exclusion","P6","Intercanopy","0-5",0.0064590382694598,5468.20250025203,95.7833333333333,3535.28843889909,36.9092233050192,240.466666666667,10.0194444444444,0.335202184211524,8.04485242107657
"212","8/20/19 13:51","ANTExlP6IC0-5",93,50,7.741090533,1.216987751,25,13038.8,2019-08-20 13:51:00,"Desert Grassland","Exclusion","P6","Intercanopy","0-5",0.0064590382694598,6395.37146345124,122.066666666667,4032.937293611,33.0388090683588,407.233333333333,16.9680555555556,0.300051856197021,7.20124454872851
"213","9/4/19 14:17","ANTExlP6IC0-5",93,50,7.741090533,1.216987751,25,20536.6,2019-09-04 14:17:00,"Desert Grassland","Exclusion","P6","Intercanopy","0-5",0.0064590382694598,10072.9503939253,262.466666666667,9444.63560692945,35.9841336306685,767.666666666667,31.9861111111111,0.326800704807005,7.84321691536811
"214","9/14/19 14:04","ANTExlP6IC0-5",93,50,7.741090533,1.216987751,25,19345.9,2019-09-14 14:04:00,"Desert Grassland","Exclusion","P6","Intercanopy","0-5",0.0064590382694598,9488.92664929145,238.016666666667,8434.18182653126,35.4352573063424,1007.45,41.9770833333333,0.32181591980474,7.72358207531376
"215","6/14/19 11:14","ANTExlP9Can0-5",44,50.02,5.406542446,1.068618982,25,14320.6,2019-06-14 11:14:00,"Desert Grassland","Exclusion","P9","Canopy","0-5",0.00925175387035147,7024.07864063409,23.3333333333333,6601.03297023293,282.901413009983,23.3333333333333,0.972222222222222,2.56822676196927,61.6374422872625
"216","6/17/19 14:38","ANTExlP9Can0-5",44,50.02,5.406542446,1.068618982,25,19069.9,2019-06-17 14:38:00,"Desert Grassland","Exclusion","P9","Canopy","0-5",0.00925175387035147,9353.55203476307,72.4833333333333,7733.91248898721,106.69918356846,98.7333333333333,4.11388888888889,0.968633192055218,23.2471966093252
"217","6/20/19 9:56","ANTExlP9Can0-5",44,50.02,5.406542446,1.068618982,25,10179.4,2019-06-20 09:56:00,"Desert Grassland","Exclusion","P9","Canopy","0-5",0.00925175387035147,4992.87083742795,47.8833333333333,1981.86473718602,41.3894480442607,166.033333333333,6.91805555555556,0.375740393091131,9.01776943418714
"218","6/25/19 10:22","ANTExlP9Can0-5",44,50.02,5.406542446,1.068618982,25,16736.3,2019-06-25 10:22:00,"Desert Grassland","Exclusion","P9","Canopy","0-5",0.00925175387035147,8208.94985917101,120.433333333333,3216.07902174306,26.7042265851901,286.466666666667,11.9361111111111,0.242425474811455,5.81821139547491
"219","7/1/19 11:40","ANTExlP9Can0-5",44,50.02,5.406542446,1.068618982,25,12439.6,2019-07-01 11:40:00,"Desert Grassland","Exclusion","P9","Canopy","0-5",0.00925175387035147,6101.47121335921,94.4833333333333,5134.42559740218,54.3421301541949,431.766666666667,17.9902777777778,0.493327026823638,11.8398486437673
"220","7/5/19 9:59","ANTExlP9Can0-5",44,50.02,5.406542446,1.068618982,25,12650.6,2019-07-05 09:59:00,"Desert Grassland","Exclusion","P9","Canopy","0-5",0.00925175387035147,6204.96412519068,92.7833333333333,3818.20176375404,41.151806327509,526.083333333333,21.9201388888889,0.373583041488575,8.96599299572581
"221","7/17/19 13:35","ANTExlP9Can0-5",44,50.02,5.406542446,1.068618982,25,18054.1,2019-07-17 13:35:00,"Desert Grassland","Exclusion","P9","Canopy","0-5",0.00925175387035147,8855.31459477061,168.35,6926.03014264778,41.140660187988,817.683333333333,34.0701388888889,0.373481854953288,8.96356451887892
"222","8/1/19 10:48","ANTExlP9Can0-5",44,50.02,5.406542446,1.068618982,25,15802.9,2019-08-01 10:48:00,"Desert Grassland","Exclusion","P9","Canopy","0-5",0.00925175387035147,7751.12860844354,162.183333333333,5609.80630899964,34.5892897482251,1174.9,48.9541666666667,0.314007408671962,7.53617780812708
"223","8/20/19 12:54","ANTExlP9Can0-5",44,50.02,5.406542446,1.068618982,25,9752.1,2019-08-20 12:54:00,"Desert Grassland","Exclusion","P9","Canopy","0-5",0.00925175387035147,4783.28542877587,119.05,3999.14268875229,33.5921267429844,1633,68.0416666666667,0.304954994656573,7.31891987175775
"224","9/4/19 13:19","ANTExlP9Can0-5",44,50.02,5.406542446,1.068618982,25,22030.8,2019-09-04 13:19:00,"Desert Grassland","Exclusion","P9","Canopy","0-5",0.00925175387035147,10805.8371657669,261.766666666667,9477.79257773422,36.2070262742935,1993.41666666667,83.0590277777778,0.32869349382035,7.88864385168841
"225","9/14/19 11:39","ANTExlP9Can0-5",44,50.02,5.406542446,1.068618982,25,20177.9,2019-09-14 11:39:00,"Desert Grassland","Exclusion","P9","Canopy","0-5",0.00925175387035147,9897.01244381176,236.3,7819.89498872208,33.0930807817269,2231.75,92.9895833333333,0.300424571215002,7.21018970916004
"226","8/5/19 15:33","ANTExlP9IC0-5",94,50,5.406542446,0.662996448,25,6718.7,2019-08-05 15:33:00,"Desert Grassland","Exclusion","P9","Intercanopy","0-5",0.00924805464849207,3295.43993707165,48.85,3009.24034440025,61.6016447164842,48.85,2.03541666666667,0.559453816986166,13.426891607668
"227","8/8/19 13:01","ANTExlP9IC0-5",94,50,5.406542446,0.662996448,25,7702.4,2019-08-08 13:01:00,"Desert Grassland","Exclusion","P9","Intercanopy","0-5",0.00924805464849207,3777.93272080919,69.4666666666667,482.492783737535,6.94567347031001,118.316666666667,4.92986111111111,0.0630792173226614,1.51390121574387
"228","8/13/19 15:05","ANTExlP9IC0-5",94,50,5.406542446,0.662996448,25,9320.7,2019-08-13 15:05:00,"Desert Grassland","Exclusion","P9","Intercanopy","0-5",0.00924805464849207,4571.68902041522,95.7833333333333,2840.16922255993,29.6520190279443,240.383333333333,10.0159722222222,0.269293706407984,6.46304895379162
"229","8/20/19 13:51","ANTExlP9IC0-5",94,50,5.406542446,0.662996448,25,10306.2,2019-08-20 13:51:00,"Desert Grassland","Exclusion","P9","Intercanopy","0-5",0.00924805464849207,5055.06468207359,122.066666666667,2931.05659963278,24.0119328205853,407.15,16.9645833333333,0.218071571489992,5.2337177157598
"230","9/4/19 14:18","ANTExlP9IC0-5",94,50,5.406542446,0.662996448,25,16092,2019-09-04 14:18:00,"Desert Grassland","Exclusion","P9","Intercanopy","0-5",0.00924805464849207,7892.92861228467,262.466666666667,7126.68867454473,27.1527381554917,767.6,31.9833333333333,0.246595737380545,5.91829769713307
"231","9/14/19 14:06","ANTExlP9IC0-5",94,50,5.406542446,0.662996448,25,12478.4,2019-09-14 14:06:00,"Desert Grassland","Exclusion","P9","Intercanopy","0-5",0.00924805464849207,6120.50213743059,238.05,4909.68411777573,20.6245919671318,1007.4,41.975,0.187308419327098,4.49540206385035
"232","2/11/19 16:41","ARBAddP12Can0-5",22,50.01,4.956219479,2.768902508,25,8674.4,2019-02-11 16:41:00,"Ponderosa Pine Meadow","Addition","P12","Canopy","0-5",0.0100903521750595,4254.68679806128,24.9833333333333,1947.38344949999,77.9473028485652,144.766666666667,6.03194444444444,0.707760262957508,16.9862463109802
"233","2/15/19 16:04","ARBAddP12Can0-5",22,50.01,4.956219479,2.768902508,25,8164,2019-02-15 16:04:00,"Ponderosa Pine Meadow","Addition","P12","Canopy","0-5",0.0100903521750595,4004.34185873055,47.9333333333333,1433.25420693245,29.9009917997035,240.15,10.00625,0.271500527221103,6.51601265330647
"234","2/18/19 11:06","ARBAddP12Can0-5",22,50.01,4.956219479,2.768902508,25,9594.1,2019-02-18 11:06:00,"Ponderosa Pine Meadow","Addition","P12","Canopy","0-5",0.0100903521750595,4705.78836683572,67.0333333333333,701.446508105164,10.4641448250397,307.183333333333,12.7993055555556,0.0950142676185223,2.28034242284453
"235","2/22/19 13:46","ARBAddP12Can0-5",22,50.01,4.956219479,2.768902508,25,5970.5,2019-02-22 13:46:00,"Ponderosa Pine Meadow","Addition","P12","Canopy","0-5",0.0100903521750595,2928.45701464365,49.3833333333333,9.7607059025886,0.197651823879621,405.85,16.9104166666667,0.00179467539903013,0.0430722095767232
"236","2/25/19 10:10","ARBAddP12Can0-5",22,50.01,4.956219479,2.768902508,25,6890.9,2019-02-25 10:10:00,"Ponderosa Pine Meadow","Addition","P12","Canopy","0-5",0.0100903521750595,3379.90192483174,68.4,451.444910188093,6.60007178637563,474.25,19.7604166666667,0.0599285462402582,1.4382851097662
"237","3/1/19 15:11","ARBAddP12Can0-5",22,50.01,4.956219479,2.768902508,25,11654.1,2019-03-01 15:11:00,"Ponderosa Pine Meadow","Addition","P12","Canopy","0-5",0.0100903521750595,5716.19309846052,101.016666666667,2336.29117362878,23.1277793132696,575.266666666667,23.9694444444444,0.209999866194013,5.03999678865631
"238","3/12/19 9:24","ARBAddP12Can0-5",22,50.01,4.956219479,2.768902508,25,14009.3,2019-03-12 09:24:00,"Ponderosa Pine Meadow","Addition","P12","Canopy","0-5",0.0100903521750595,6871.38980910263,141.6,3613.71742753346,25.52060330179,833.483333333333,34.7284722222222,0.23172666973225,5.561440073574
"239","3/25/19 14:19","ARBAddP12Can0-5",22,50.01,4.956219479,2.768902508,25,13574.4,2019-03-25 14:19:00,"Ponderosa Pine Meadow","Addition","P12","Canopy","0-5",0.0100903521750595,6658.07669367369,96.85,2851.45044043729,29.4419250432348,1150.4,47.9333333333333,0.267332208415967,6.4159730019832
"240","4/1/19 13:52","ARBAddP12Can0-5",22,50.01,4.956219479,2.768902508,25,21399.6,2019-04-01 13:52:00,"Ponderosa Pine Meadow","Addition","P12","Canopy","0-5",0.0100903521750595,10496.2413081933,167.55,3838.16461451964,22.9075775262288,1317.95,54.9145833333333,0.208000437490207,4.99201049976496
"241","4/8/19 15:19","ARBAddP12Can0-5",22,50.01,4.956219479,2.768902508,25,18543.1,2019-04-08 15:19:00,"Ponderosa Pine Meadow","Addition","P12","Canopy","0-5",0.0100903521750595,9095.16309659805,119.033333333333,4193.62107520337,35.2306447090734,1487.4,61.975,0.319893690380787,7.67744856913888
"242","4/14/19 16:34","ARBAddP12Can0-5",22,50.01,4.956219479,2.768902508,25,16785.8,2019-04-14 16:34:00,"Ponderosa Pine Meadow","Addition","P12","Canopy","0-5",0.0100903521750595,8233.22900199403,123.566666666667,5270.68308985139,42.6545704600868,1632.65,68.0270833333333,0.387302817440928,9.29526761858227
"243","8/5/19 15:55","ARBAddP12IC0-5",111,50,4.956219479,2.249032316,25,7917.4,2019-08-05 15:55:00,"Ponderosa Pine Meadow","Addition","P12","Intercanopy","0-5",0.0100883345081579,3883.38758357585,27.9166666666667,3534.74890239191,126.617871130457,27.9166666666667,1.16319444444444,1.14991818203258,27.5980363687819
"244","8/8/19 13:21","ARBAddP12IC0-5",111,50,4.956219479,2.249032316,25,11371.8,2019-08-08 13:21:00,"Ponderosa Pine Meadow","Addition","P12","Intercanopy","0-5",0.0100883345081579,5577.72841120922,69.4333333333333,1694.34082763337,24.4024123038891,97.35,4.05625,0.22161782806146,5.31882787347504
"245","8/13/19 15:30","ARBAddP12IC0-5",111,50,4.956219479,2.249032316,25,8285.1,2019-08-13 15:30:00,"Ponderosa Pine Meadow","Addition","P12","Intercanopy","0-5",0.0100883345081579,4063.73992329354,95.9833333333333,1792.48742316644,18.6749861764171,219.5,9.14583333333333,0.169602489456985,4.07045974696764
"246","8/20/19 14:16","ARBAddP12IC0-5",111,50,4.956219479,2.249032316,25,11600.3,2019-08-20 14:16:00,"Ponderosa Pine Meadow","Addition","P12","Intercanopy","0-5",0.0100883345081579,5689.80485838217,122.166666666667,3303.23869203904,27.0387887479322,386.266666666667,16.0944444444444,0.24556087165097,5.89346091962329
"247","9/4/19 14:39","ARBAddP12IC0-5",111,50,4.956219479,2.249032316,25,22542.8,2019-09-04 14:39:00,"Ponderosa Pine Meadow","Addition","P12","Intercanopy","0-5",0.0100883345081579,11056.9668854717,262.733333333333,10014.288060963,38.1157881031323,746.65,31.1104166666667,0.346159964395027,8.30783914548065
"248","9/14/19 14:34","ARBAddP12IC0-5",111,50,4.956219479,2.249032316,25,19273,2019-09-14 14:34:00,"Ponderosa Pine Meadow","Addition","P12","Intercanopy","0-5",0.0100883345081579,9453.17009349754,238.233333333333,8065.23695316806,33.8543596746945,986.566666666667,41.1069444444444,0.307458523693641,7.37900456864738
"249","6/14/19 11:30","ARBAddP3Can0-5",55,50,6.081960817,2.893464885,25,15102.8,2019-06-14 11:30:00,"Ponderosa Pine Meadow","Addition","P3","Canopy","0-5",0.0082210329044282,7407.73814601124,20.4833333333333,6737.43760900228,328.922910122162,20.4833333333333,0.853472222222222,2.98721208514745,71.6930900435387
"250","6/17/19 14:53","ARBAddP3Can0-5",55,50,6.081960817,2.893464885,25,22169.1,2019-06-17 14:53:00,"Ponderosa Pine Meadow","Addition","P3","Canopy","0-5",0.0082210329044282,10873.6716193512,72.5166666666667,9042.92615294851,124.701348925974,95.8666666666667,3.99444444444444,1.13251271067591,27.1803050562217
"251","6/20/19 10:11","ARBAddP3Can0-5",55,50,6.081960817,2.893464885,25,12419.1,2019-06-20 10:11:00,"Ponderosa Pine Meadow","Addition","P3","Canopy","0-5",0.0082210329044282,6091.41621481634,45.6666666666667,4960.94008595767,108.633724510022,163.166666666667,6.79861111111111,0.986589759255117,23.6781542221228
"252","6/25/19 10:35","ARBAddP3Can0-5",55,50,6.081960817,2.893464885,25,19784.8,2019-06-25 10:35:00,"Ponderosa Pine Meadow","Addition","P3","Canopy","0-5",0.0082210329044282,9704.20171565558,120.4,3612.78550083925,30.0065240933492,283.566666666667,11.8152777777778,0.272513250510979,6.5403180122635
"253","7/1/19 12:01","ARBAddP3Can0-5",55,50,6.081960817,2.893464885,25,15202.8,2019-07-01 12:01:00,"Ponderosa Pine Meadow","Addition","P3","Canopy","0-5",0.0082210329044282,7456.78691939108,94.65,6184.06934773086,65.3361790568501,429,17.875,0.593370110958501,14.240882663004
"254","7/5/19 10:14","ARBAddP3Can0-5",55,50,6.081960817,2.893464885,25,10904,2019-07-05 10:14:00,"Ponderosa Pine Meadow","Addition","P3","Canopy","0-5",0.0082210329044282,5348.27824933831,92.85,2208.07768001387,23.7811274099501,523.216666666667,21.8006944444444,0.215975442911685,5.18341062988043
"255","7/9/19 16:42","ARBAddP3Can0-5",55,50,6.081960817,2.893464885,25,15693.2,2019-07-09 16:42:00,"Ponderosa Pine Meadow","Addition","P3","Canopy","0-5",0.0082210329044282,7697.32210404585,102.466666666667,2349.04385470754,22.9249562918758,625.683333333333,26.0701388888889,0.208199868051558,4.99679683323738
"256","7/17/19 13:47","ARBAddP3Can0-5",55,50,6.081960817,2.893464885,25,20110.1,2019-07-17 13:47:00,"Ponderosa Pine Meadow","Addition","P3","Canopy","0-5",0.0082210329044282,9863.75737546022,168.383333333333,9137.68838311837,54.2671783615859,814.766666666667,33.9486111111111,0.492843660444251,11.828247850662
"257","7/24/19 13:56","ARBAddP3Can0-5",55,50,6.081960817,2.893464885,25,20839.2,2019-07-24 13:56:00,"Ponderosa Pine Meadow","Addition","P3","Canopy","0-5",0.0082210329044282,10221.3719821727,168.15,357.614606712452,2.12675948089475,982.916666666667,40.9548611111111,0.0193148042535899,0.463555302086158
"258","8/1/19 11:04","ARBAddP3Can0-5",55,50,6.081960817,2.893464885,25,19090.5,2019-08-01 11:04:00,"Ponderosa Pine Meadow","Addition","P3","Canopy","0-5",0.0082210329044282,9363.65608207932,162.316666666667,6489.20176692688,39.9786534567833,1172.05,48.8354166666667,0.363078134963815,8.71387523913156
"259","8/20/19 13:09","ARBAddP3Can0-5",55,50,6.081960817,2.893464885,25,15856.9,2019-08-20 13:09:00,"Ponderosa Pine Meadow","Addition","P3","Canopy","0-5",0.0082210329044282,7777.61494606865,119.216666666667,6719.73100181215,56.3657011196322,1630.13333333333,67.9222222222222,0.511902024428276,12.2856485862786
"260","9/4/19 13:32","ARBAddP3Can0-5",55,50,6.081960817,2.893464885,25,32717.5,2019-09-04 13:32:00,"Ponderosa Pine Meadow","Addition","P3","Canopy","0-5",0.0082210329044282,16047.5324305508,261.933333333333,14736.900157068,56.2620265604529,1990.51666666667,82.9381944444444,0.510960472816721,12.2630513476013
"261","9/14/19 11:55","ARBAddP3Can0-5",55,50,6.081960817,2.893464885,25,26811.2,2019-09-14 11:55:00,"Ponderosa Pine Meadow","Addition","P3","Canopy","0-5",0.0082210329044282,13150.564728417,236.333333333333,12729.2357650841,53.8613643092418,2228.9,92.8708333333333,0.489158138383672,11.7397953212081
"262","8/5/19 15:53","ARBAddP3IC0-5",108,50,6.081960817,2.008123243,25,13218.7,2019-08-05 15:53:00,"Ponderosa Pine Meadow","Addition","P3","Intercanopy","0-5",0.0082210329044282,6483.61020676158,28.0833333333333,5792.56203861294,206.263336686514,28.0833333333333,1.17013888888889,1.87324237111959,44.9578169068701
"263","8/8/19 13:19","ARBAddP3IC0-5",108,50,6.081960817,2.008123243,25,13558.9,2019-08-08 13:19:00,"Ponderosa Pine Meadow","Addition","P3","Intercanopy","0-5",0.0082210329044282,6650.47413379981,69.4333333333333,166.863927038231,2.40322506536098,97.5166666666667,4.06319444444444,0.0218256093985954,0.523814625566289
"264","8/13/19 15:29","ARBAddP3IC0-5",108,50,6.081960817,2.008123243,25,8900.4,2019-08-13 15:29:00,"Ponderosa Pine Meadow","Addition","P3","Intercanopy","0-5",0.0082210329044282,4365.53702589973,96,1607.23020611076,16.7419813136538,219.683333333333,9.15347222222222,0.152047325894341,3.64913582146418
"265","8/20/19 14:12","ARBAddP3IC0-5",108,50,6.081960817,2.008123243,25,13958.9,2019-08-20 14:12:00,"Ponderosa Pine Meadow","Addition","P3","Intercanopy","0-5",0.0082210329044282,6846.66922731919,120.083333333333,5997.14447238028,49.9415223237775,386.4,16.1,0.453558917440082,10.885414018562
"266","8/24/19 14:41","ARBAddP3IC0-5",108,50,6.081960817,2.008123243,25,14504,2019-08-24 14:41:00,"Ponderosa Pine Meadow","Addition","P3","Intercanopy","0-5",0.0082210329044282,7114.03409101273,96.4833333333333,267.364863693536,2.77109895001074,482.883333333333,20.1201388888889,0.0251665664442075,0.60399759466098
"267","9/4/19 14:37","ARBAddP3IC0-5",108,50,6.081960817,2.008123243,25,34773.6,2019-09-04 14:37:00,"Ponderosa Pine Meadow","Addition","P3","Intercanopy","0-5",0.0082210329044282,17056.0242600138,262.716666666667,15871.300187797,60.4122318890961,746.816666666667,31.1173611111111,0.548651807570393,13.1676433816894
"268","9/14/19 14:31","ARBAddP3IC0-5",108,50,6.081960817,2.008123243,25,32361.7,2019-09-14 14:31:00,"Ponderosa Pine Meadow","Addition","P3","Intercanopy","0-5",0.0082210329044282,15873.0168948653,238.2,13524.9540156254,56.7798237431796,986.716666666667,41.1131944444444,0.515663003270808,12.3759120784994
"269","6/17/19 14:54","ARBAddP8Can0-5",56,50.04,6.268287418,2.838307935,25,24179.4,2019-06-17 14:54:00,"Ponderosa Pine Meadow","Addition","P8","Canopy","0-5",0.00798304172465118,11859.6991106063,72.5166666666667,10075.8933203281,138.945897315487,95.7333333333333,3.98888888888889,1.26087015411649,30.2608836987959
"270","6/20/19 10:13","ARBAddP8Can0-5",56,50.04,6.268287418,2.838307935,25,10638.8,2019-06-20 10:13:00,"Ponderosa Pine Meadow","Addition","P8","Canopy","0-5",0.00798304172465118,5218.20090233496,45.6833333333333,4173.6091756644,91.3595587522305,163.05,6.79375,0.829046003872908,19.8971040929498
"271","6/25/19 10:36","ARBAddP8Can0-5",56,50.04,6.268287418,2.838307935,25,18738.4,2019-06-25 10:36:00,"Ponderosa Pine Meadow","Addition","P8","Canopy","0-5",0.00798304172465118,9190.95535100889,120.383333333333,3972.75444867393,33.0008676340075,283.433333333333,11.8097222222222,0.299467705514118,7.18722493233883
"272","7/1/19 12:02","ARBAddP8Can0-5",56,50.04,6.268287418,2.838307935,25,13052.9,2019-07-01 12:02:00,"Ponderosa Pine Meadow","Addition","P8","Canopy","0-5",0.00798304172465118,6402.2873404978,94.6666666666667,5230.11975426626,55.2477438830943,428.866666666667,17.8694444444444,0.501347882091812,12.0323491702035
"273","7/5/19 10:15","ARBAddP8Can0-5",56,50.04,6.268287418,2.838307935,25,9301.6,2019-07-05 10:15:00,"Ponderosa Pine Meadow","Addition","P8","Canopy","0-5",0.00798304172465118,4562.32070469967,92.85,1973.08500675103,21.2502423990418,523.083333333333,21.7951388888889,0.192836182473639,4.62806837936733
"274","7/9/19 16:42","ARBAddP8Can0-5",56,50.04,6.268287418,2.838307935,25,11686.7,2019-07-09 16:42:00,"Ponderosa Pine Meadow","Addition","P8","Canopy","0-5",0.00798304172465118,5732.18299858235,102.45,1169.86229388268,11.4188608480496,625.533333333333,26.0638888888889,0.103620913718842,2.48690192925221
"275","7/10/19 13:25","ARBAddP8Can0-5",56,50.04,6.268287418,2.838307935,25,4235.8,2019-07-10 13:25:00,"Ponderosa Pine Meadow","Addition","P8","Canopy","0-5",0.00798304172465118,2077.60794282348,1.85,1.12812178773675,0.609795560938781,646.25,26.9270833333333,0.00553361443378679,0.132806746410883
"276","7/17/19 13:48","ARBAddP8Can0-5",56,50.04,6.268287418,2.838307935,25,19465.8,2019-07-17 13:48:00,"Ponderosa Pine Meadow","Addition","P8","Canopy","0-5",0.00798304172465118,9547.73612857388,168.383333333333,7470.1281857504,44.3638217504725,814.633333333333,33.9430555555556,0.402581291340369,9.66195099216886
"277","8/1/19 11:06","ARBAddP8Can0-5",56,50.04,6.268287418,2.838307935,25,15865.6,2019-08-01 11:06:00,"Ponderosa Pine Meadow","Addition","P8","Canopy","0-5",0.00798304172465118,7781.8821893527,162.333333333333,5221.34002383127,32.1643122617943,1171.93333333333,48.8305555555556,0.291876350019148,7.00503240045954
"278","8/20/19 13:09","ARBAddP8Can0-5",56,50.04,6.268287418,2.838307935,25,12334,2019-08-20 13:09:00,"Ponderosa Pine Meadow","Addition","P8","Canopy","0-5",0.00798304172465118,6049.67570867009,119.216666666667,5189.99785764155,43.5341634920303,1629.98333333333,67.9159722222222,0.395052523982735,9.48126057558563
"279","9/4/19 13:33","ARBAddP8Can0-5",56,50.04,6.268287418,2.838307935,25,23602,2019-09-04 13:33:00,"Ponderosa Pine Meadow","Addition","P8","Canopy","0-5",0.00798304172465118,11576.491493111,261.933333333333,10634.5588491245,40.6002501239163,1990.38333333333,82.9326388888889,0.368428608688433,8.84228660852238
"280","9/14/19 11:56","ARBAddP8Can0-5",56,50.04,6.268287418,2.838307935,25,22677.9,2019-09-14 11:56:00,"Ponderosa Pine Meadow","Addition","P8","Canopy","0-5",0.00798304172465118,11123.2317783079,236.4,9338.49406133546,39.5029359616559,2228.76666666667,92.8652777777778,0.358470987026945,8.60330368864669
"281","8/5/19 15:55","ARBAddP8IC0-5",110,50,6.268287418,2.140054891,25,8979.7,2019-08-05 15:55:00,"Ponderosa Pine Meadow","Addition","P8","Intercanopy","0-5",0.00797666039633411,4404.43270318995,27.9833333333333,4005.81332193195,143.149969812934,27.9833333333333,1.16597222222222,1.30005939584711,31.2014255003306
"282","8/8/19 13:21","ARBAddP8IC0-5",110,50,6.268287418,2.140054891,25,9746.6,2019-08-08 13:21:00,"Ponderosa Pine Meadow","Addition","P8","Intercanopy","0-5",0.00797666039633411,4780.58774623998,69.4333333333333,376.155043050032,5.41749941982763,97.4166666666667,4.05902777777778,0.0492006462309906,1.18081550954377
"283","8/15/19 12:05","ARBAddP8IC0-5",110,50,6.268287418,2.140054891,25,5500,2019-08-15 12:05:00,"Ponderosa Pine Meadow","Addition","P8","Intercanopy","0-5",0.00797666039633411,2697.68253589148,44.5833333333333,174.27029181859,3.9088663585478,264.15,11.00625,0.0354995424950594,0.851989019881427
"284","8/20/19 14:16","ARBAddP8IC0-5",110,50,6.268287418,2.140054891,25,6471,2019-08-20 14:16:00,"Ponderosa Pine Meadow","Addition","P8","Intercanopy","0-5",0.00797666039633411,3173.94612540977,120.133333333333,2533.27104752224,21.0871618828155,386.333333333333,16.0972222222222,0.191509386787354,4.5962252828965
"285","9/4/19 14:38","ARBAddP8IC0-5",110,50,6.268287418,2.140054891,25,8525,2019-09-04 14:38:00,"Ponderosa Pine Meadow","Addition","P8","Intercanopy","0-5",0.00797666039633411,4181.40793063179,263.933333333333,1953.80883881275,7.4026604147995,746.7,31.1125,0.0672294813551261,1.61350755252303
"286","9/14/19 14:33","ARBAddP8IC0-5",110,50,6.268287418,2.140054891,25,15788.3,2019-09-14 14:33:00,"Ponderosa Pine Meadow","Addition","P8","Intercanopy","0-5",0.00797666039633411,7743.96748753008,238.216666666667,6826.2158888198,28.6554924319029,986.616666666667,41.1090277777778,0.260243451168056,6.24584282803333
"287","6/14/19 11:31","ARBAddP9Can0-5",57,50,7.557864451,2.556952278,25,12424.8,2019-06-14 11:31:00,"Ponderosa Pine Meadow","Addition","P9","Canopy","0-5",0.00661562539579343,6094.21199489899,20.2833333333333,5642.12945065696,278.165790500754,20.2833333333333,0.845138888888889,2.52624607616975,60.6299058280739
"288","6/17/19 14:56","ARBAddP9Can0-5",57,50,7.557864451,2.556952278,25,14950.8,2019-06-17 14:56:00,"Ponderosa Pine Meadow","Addition","P9","Canopy","0-5",0.00661562539579343,7333.18401047387,72.55,5612.89638172257,77.3659046412484,95.7,3.9875,0.702621672770889,16.8629201465013
"289","6/20/19 10:14","ARBAddP9Can0-5",57,50,7.557864451,2.556952278,25,8739.3,2019-06-20 10:14:00,"Ponderosa Pine Meadow","Addition","P9","Canopy","0-5",0.00661562539579343,4286.5194519848,45.7,3304.85730156058,72.3163523317413,163,6.79166666666667,0.656762648606408,15.7623035665538
"290","6/25/19 10:37","ARBAddP9Can0-5",57,50,7.557864451,2.556952278,25,9390,2019-06-25 10:37:00,"Ponderosa Pine Meadow","Addition","P9","Canopy","0-5",0.00661562539579343,4605.67982036745,120.383333333333,319.160368382652,2.65120062341951,283.383333333333,11.8076388888889,0.0240776738217713,0.577864171722512
"291","7/1/19 12:02","ARBAddP9Can0-5",57,50,7.557864451,2.556952278,25,8336.3,2019-07-01 12:02:00,"Ponderosa Pine Meadow","Addition","P9","Canopy","0-5",0.00661562539579343,4088.85289526402,94.6333333333333,3023.46448868041,31.9492548997578,428.8,17.8666666666667,0.29015674314862,6.96376183556688
"292","7/5/19 10:16","ARBAddP9Can0-5",57,50,7.557864451,2.556952278,25,7720.5,2019-07-05 10:16:00,"Ponderosa Pine Meadow","Addition","P9","Canopy","0-5",0.00661562539579343,3786.81054879094,92.85,1616.50042427955,17.4098053234201,523.033333333333,21.7930555555556,0.158112369986236,3.79469687966967
"293","7/9/19 16:43","ARBAddP9Can0-5",57,50,7.557864451,2.556952278,25,9008.7,2019-07-09 16:43:00,"Ponderosa Pine Meadow","Addition","P9","Canopy","0-5",0.00661562539579343,4418.6568474701,102.45,631.846298679165,6.16736260301771,625.483333333333,26.0618055555556,0.0560107536880863,1.34425808851407
"294","7/17/19 13:49","ARBAddP9Can0-5",57,50,7.557864451,2.556952278,25,13086,2019-07-17 13:49:00,"Ponderosa Pine Meadow","Addition","P9","Canopy","0-5",0.00661562539579343,6418.52248448652,168.4,4600.62779670933,27.3196424982739,814.583333333333,33.9409722222222,0.248111529240824,5.95467670177978
"295","7/24/19 14:00","ARBAddP9Can0-5",57,50,7.557864451,2.556952278,25,16368.6,2019-07-24 14:00:00,"Ponderosa Pine Meadow","Addition","P9","Canopy","0-5",0.00661562539579343,8028.59751945332,168.183333333333,1610.0750349668,9.57333288058742,982.766666666667,40.9486111111111,0.0869430945549189,2.08663426931805
"296","8/1/19 11:07","ARBAddP9Can0-5",57,50,7.557864451,2.556952278,25,14322.4,2019-08-01 11:07:00,"Ponderosa Pine Meadow","Addition","P9","Canopy","0-5",0.00661562539579343,7024.96151855493,162.333333333333,4508.66134662212,27.7740945377132,1171.88333333333,48.8284722222222,0.252238771772604,6.0537305225425
"297","8/9/19 14:40","ARBAddP9Can0-5",57,50,7.557864451,2.556952278,25,11183.6,2019-08-09 14:40:00,"Ponderosa Pine Meadow","Addition","P9","Canopy","0-5",0.00661562539579343,5485.41861970835,95.8333333333333,441.242765325087,4.604272333827,1367.43333333333,56.9763888888889,0.04181508048135,1.0035619315524
"298","8/20/19 13:10","ARBAddP9Can0-5",57,50,7.557864451,2.556952278,25,10392.9,2019-08-20 13:10:00,"Ponderosa Pine Meadow","Addition","P9","Canopy","0-5",0.00661562539579343,5097.58996859392,119.233333333333,4269.05808866157,35.8042333407457,1629.93333333333,67.9138888888889,0.325166886353984,7.80400527249561
"299","9/4/19 13:34","ARBAddP9Can0-5",57,50,7.557864451,2.556952278,25,18025,2019-09-04 13:34:00,"Ponderosa Pine Meadow","Addition","P9","Canopy","0-5",0.00661562539579343,8841.04140171707,261.95,7945.4107998011,30.3317839274713,1990.33333333333,82.9305555555556,0.275467195272509,6.61121268654021
"300","9/14/19 11:57","ARBAddP9Can0-5",57,50,7.557864451,2.556952278,25,19334.6,2019-09-14 11:57:00,"Ponderosa Pine Meadow","Addition","P9","Canopy","0-5",0.00661562539579343,9483.38413789952,236.416666666667,7994.21432931405,33.8140895141941,2228.71666666667,92.8631944444444,0.307092798150008,7.37022715560018
"301","8/5/19 15:54","ARBAddP9IC0-5",109,50,7.557864451,2.163009113,25,7999.6,2019-08-05 15:54:00,"Ponderosa Pine Meadow","Addition","P9","Intercanopy","0-5",0.00661562539579343,3923.70567529409,28.05,3314.17656850275,118.152462335214,28.05,1.16875,1.07303703243595,25.7528887784627
"302","8/13/19 15:29","ARBAddP9IC0-5",109,50,7.557864451,2.163009113,25,8024.8,2019-08-13 15:29:00,"Ponderosa Pine Meadow","Addition","P9","Intercanopy","0-5",0.00661562539579343,3936.06596618581,95.9833333333333,1712.53792255729,17.842034268699,219.633333333333,9.15138888888889,0.16203778682147,3.88890688371529
"303","8/20/19 14:15","ARBAddP9IC0-5",109,50,7.557864451,2.163009113,25,8929.3,2019-08-20 14:15:00,"Ponderosa Pine Meadow","Addition","P9","Intercanopy","0-5",0.00661562539579343,4379.7121214065,122.183333333333,1971.31925090935,16.1341092694804,386.4,16.1,0.146526753563568,3.51664208552562
"304","9/4/19 14:38","ARBAddP9IC0-5",109,50,7.557864451,2.163009113,25,11003.5,2019-09-04 14:38:00,"Ponderosa Pine Meadow","Addition","P9","Intercanopy","0-5",0.00661562539579343,5397.08177885125,262.716666666667,4506.11081040637,17.1519792313888,746.783333333333,31.1159722222222,0.155770844983627,3.73850027960705
"305","9/14/19 14:32","ARBAddP9IC0-5",109,50,7.557864451,2.163009113,25,15901.1,2019-09-14 14:32:00,"Ponderosa Pine Meadow","Addition","P9","Intercanopy","0-5",0.00661562539579343,7799.29450390254,238.216666666667,6595.39236129425,27.6865277882638,986.683333333333,41.1118055555556,0.251443508067454,6.0346441936189
"306","2/15/19 16:05","ARBCtrlP11Can0-5",23,50.01,5.145876247,1.963747473,25,10460.3,2019-02-15 16:05:00,"Ponderosa Pine Meadow","Ambient","P11","Canopy","0-5",0.00971846146303176,5130.64884185193,47.9166666666667,2678.70066059348,55.9033181341248,240.016666666667,10.0006944444444,0.507601234383618,12.1824296252068
"307","2/25/19 10:11","ARBCtrlP11Can0-5",23,50.01,5.145876247,1.963747473,25,7206.6,2019-02-25 10:11:00,"Ponderosa Pine Meadow","Ambient","P11","Canopy","0-5",0.00971846146303176,3534.74890239191,68.3833333333333,616.003544877475,9.0080947337676,474.116666666667,19.7548611111111,0.0817933560819143,1.96304054596594
"308","3/1/19 15:12","ARBCtrlP11Can0-5",23,50.01,5.145876247,1.963747473,25,12009,2019-03-01 15:12:00,"Ponderosa Pine Meadow","Ambient","P11","Canopy","0-5",0.00971846146303176,5890.26719518559,101.016666666667,2355.51829279368,23.318115421155,575.133333333333,23.9638888888889,0.211728115008844,5.08147476021226
"309","3/12/19 9:25","ARBCtrlP11Can0-5",23,50.01,5.145876247,1.963747473,25,14671,2019-03-12 09:25:00,"Ponderosa Pine Meadow","Ambient","P11","Canopy","0-5",0.00971846146303176,7195.94554255707,141.6,4087.33238328925,28.8653416898958,833.35,34.7229166666667,0.262096840791138,6.2903241789873
"310","3/19/19 13:07","ARBCtrlP11Can0-5",23,50.01,5.145876247,1.963747473,25,11630.5,2019-03-19 13:07:00,"Ponderosa Pine Meadow","Ambient","P11","Canopy","0-5",0.00971846146303176,5704.61758794288,94.4666666666667,800.181688918792,8.47051893703732,1005.05,41.8770833333333,0.0769121764470961,1.84589223473031
"311","3/25/19 14:20","ARBCtrlP11Can0-5",23,50.01,5.145876247,1.963747473,25,12410.3,2019-03-25 14:20:00,"Ponderosa Pine Meadow","Ambient","P11","Canopy","0-5",0.00971846146303176,6087.09992275891,96.85,2087.95723400662,21.5586704595418,1150.26666666667,47.9277777777778,0.195752382902886,4.69805718966927
"312","4/1/19 13:53","ARBCtrlP11Can0-5",23,50.01,5.145876247,1.963747473,25,17600.3,2019-04-01 13:53:00,"Ponderosa Pine Meadow","Ambient","P11","Canopy","0-5",0.00971846146303176,8632.73126117287,167.55,2545.63133841396,15.1932637327004,1317.81666666667,54.9090277777778,0.137954591649309,3.31091019958341
"313","4/8/19 15:20","ARBCtrlP11Can0-5",23,50.01,5.145876247,1.963747473,25,18052.7,2019-04-08 15:20:00,"Ponderosa Pine Meadow","Ambient","P11","Canopy","0-5",0.00971846146303176,8854.62791194329,119.033333333333,3732.51355665945,31.3568767011435,1487.26666666667,61.9694444444444,0.284719938836678,6.83327853208027
"314","4/14/19 16:35","ARBCtrlP11Can0-5",23,50.01,5.145876247,1.963747473,25,16357.4,2019-04-14 16:35:00,"Ponderosa Pine Meadow","Ambient","P11","Canopy","0-5",0.00971846146303176,8023.10405683478,123.566666666667,4999.73766570113,40.4618640331896,1632.51666666667,68.0215277777778,0.367393078160989,8.81743387586373
"315","8/5/19 15:59","ARBCtrlP11IC0-5",115,50,5.145876247,2.674657291,25,11263.8,2019-08-05 15:59:00,"Ponderosa Pine Meadow","Ambient","P11","Intercanopy","0-5",0.00971651815939988,5524.75573595899,27.6166666666667,5075.27277670609,183.775719132387,27.6166666666667,1.15069444444444,1.66901432601651,40.0563438243963
"316","8/8/19 13:26","ARBCtrlP11IC0-5",115,50,5.145876247,2.674657291,25,14849.5,2019-08-08 13:26:00,"Ponderosa Pine Meadow","Ambient","P11","Intercanopy","0-5",0.00971651815939988,7283.49760304009,69.45,1758.7418670811,25.3238569774097,97.0666666666667,4.04444444444444,0.22998620429744,5.51966890313855
"317","8/13/19 15:34","ARBCtrlP11IC0-5",115,50,5.145876247,2.674657291,25,12556.1,2019-08-13 15:34:00,"Ponderosa Pine Meadow","Ambient","P11","Intercanopy","0-5",0.00971651815939988,6158.61303434673,96,2927.08364898902,30.4904546769689,219.2,9.13333333333333,0.276908211285296,6.64579707084711
"318","8/20/19 14:19","ARBCtrlP11IC0-5",115,50,5.145876247,2.674657291,25,14197.1,2019-08-20 14:19:00,"Ponderosa Pine Meadow","Ambient","P11","Intercanopy","0-5",0.00971651815939988,6963.50340550998,120.166666666667,6203.44361321591,51.6236639102572,385.95,16.08125,0.468835790900174,11.2520589816042
"319","9/4/19 14:46","ARBCtrlP11IC0-5",115,50,5.145876247,2.674657291,25,29681.7,2019-09-04 14:46:00,"Ponderosa Pine Meadow","Ambient","P11","Intercanopy","0-5",0.00971651815939988,14558.5097682855,262.816666666667,13692.1612840773,52.097766316484,746.4,31.1,0.473141494133044,11.3553958591931
"320","9/14/19 14:40","ARBCtrlP11IC0-5",115,50,5.145876247,2.674657291,25,25615.3,2019-09-14 14:40:00,"Ponderosa Pine Meadow","Ambient","P11","Intercanopy","0-5",0.00971651815939988,12563.9904475675,238.3,10902.3161030051,45.7503823038399,986.3,41.0958333333333,0.415495822007014,9.97189972816833
"321","6/17/19 14:57","ARBCtrlP2Can0-5",58,50,5.908133,3.657894291,25,25859.4,2019-06-17 14:57:00,"Ponderosa Pine Meadow","Ambient","P2","Canopy","0-5",0.00846291036440784,12683.7185033877,72.55,10218.0857143562,140.841980900844,95.6166666666667,3.98402777777778,1.27909870214528,30.6983688514868
"322","6/20/19 10:15","ARBCtrlP2Can0-5",58,50,5.908133,3.657894291,25,14424.5,2019-06-20 10:15:00,"Ponderosa Pine Meadow","Ambient","P2","Canopy","0-5",0.00846291036440784,7075.04031617575,45.7,5858.87598022249,128.20297549721,162.916666666667,6.78819444444444,1.16431378287056,27.9435307888935
"323","6/25/19 10:38","ARBCtrlP2Can0-5",58,50,5.908133,3.657894291,25,27246.4,2019-06-25 10:38:00,"Ponderosa Pine Meadow","Ambient","P2","Canopy","0-5",0.00846291036440784,13364.0249901661,120.383333333333,6288.98467399036,52.241323610608,283.3,11.8041666666667,0.474445252766819,11.3866860664037
"324","7/1/19 12:03","ARBCtrlP2Can0-5",58,50,5.908133,3.657894291,25,18610.4,2019-07-01 12:03:00,"Ponderosa Pine Meadow","Ambient","P2","Canopy","0-5",0.00846291036440784,9128.17292108269,94.55,7789.53379799995,82.3853389529345,428.716666666667,17.8631944444444,0.74820717130276,17.9569721112662
"325","7/5/19 10:16","ARBCtrlP2Can0-5",58,50,5.908133,3.657894291,25,13289.1,2019-07-05 10:16:00,"Ponderosa Pine Meadow","Ambient","P2","Canopy","0-5",0.00846291036440784,6518.14054322099,92.8333333333333,2977.0153002897,32.0683874357956,522.933333333333,21.7888888888889,0.291238681014409,6.98972834434581
"326","7/9/19 16:45","ARBCtrlP2Can0-5",58,50,5.908133,3.657894291,25,18213.8,2019-07-09 16:45:00,"Ponderosa Pine Meadow","Ambient","P2","Canopy","0-5",0.00846291036440784,8933.64548585822,102.483333333333,2415.50494263723,23.5697343565187,625.416666666667,26.0590277777778,0.214055613479032,5.13733472349676
"327","7/17/19 13:50","ARBCtrlP2Can0-5",58,50,5.908133,3.657894291,25,27729.7,2019-07-17 13:50:00,"Ponderosa Pine Meadow","Ambient","P2","Canopy","0-5",0.00846291036440784,13601.0777119109,168.4,12572.4268365888,74.6581166068218,814.5,33.9375,0.678030083399834,16.272722001596
"328","7/24/19 14:00","ARBCtrlP2Can0-5",58,50,5.908133,3.657894291,25,27787.7,2019-07-24 14:00:00,"Ponderosa Pine Meadow","Ambient","P2","Canopy","0-5",0.00846291036440784,13629.5260004712,168.166666666667,28.4482885603102,0.169167226324937,982.666666666667,40.9444444444444,0.00153634291603781,0.0368722299849074
"329","8/1/19 11:08","ARBCtrlP2Can0-5",58,50,5.908133,3.657894291,25,23891.6,2019-08-01 11:08:00,"Ponderosa Pine Meadow","Ambient","P2","Canopy","0-5",0.00846291036440784,11718.5367408191,162.35,8152.29852591729,50.2143426296106,1171.8,48.825,0.456036616893598,10.9448788054463
"330","8/20/19 13:10","ARBCtrlP2Can0-5",58,50,5.908133,3.657894291,25,20433.1,2019-08-20 13:10:00,"Ponderosa Pine Meadow","Ambient","P2","Canopy","0-5",0.00846291036440784,10022.1849134771,119.216666666667,8818.47896596234,73.97018565046,1629.83333333333,67.9097222222222,0.671782432040348,16.1227783689683
"331","9/4/19 13:35","ARBCtrlP2Can0-5",58,50,5.908133,3.657894291,25,43230.1,2019-09-04 13:35:00,"Ponderosa Pine Meadow","Ambient","P2","Canopy","0-5",0.00846291036440784,21203.8337808804,261.95,19520.9213174445,74.5215549434798,1990.25,82.9270833333333,0.676789857685695,16.2429565844567
"332","9/14/19 11:58","ARBCtrlP2Can0-5",58,50,5.908133,3.657894291,25,32598.5,2019-09-14 11:58:00,"Ponderosa Pine Meadow","Ambient","P2","Canopy","0-5",0.00846291036440784,15989.1643902288,236.35,15560.870501076,65.8382504805415,2228.63333333333,92.8597222222222,0.597929823214182,14.3503157571404
"333","8/5/19 15:56","ARBCtrlP2IC0-5",112,50,5.908133,3.191465056,25,19953.9,2019-08-05 15:56:00,"Ponderosa Pine Meadow","Ambient","P2","Intercanopy","0-5",0.00846291036440784,9787.1431914409,27.8,9433.10914518518,339.320472848388,27.8,1.15833333333333,3.08164067031449,73.9593760875477
"334","8/8/19 13:22","ARBCtrlP2IC0-5",112,50,5.908133,3.191465056,25,23045.6,2019-08-08 13:22:00,"Ponderosa Pine Meadow","Ambient","P2","Intercanopy","0-5",0.00846291036440784,11303.5841180256,69.4333333333333,1516.44092658467,21.8402437818243,97.2333333333333,4.05138888888889,0.198348725977772,4.76036942346653
"335","8/13/19 15:31","ARBCtrlP2IC0-5",112,50,5.908133,3.191465056,25,16483.4,2019-08-13 15:31:00,"Ponderosa Pine Meadow","Ambient","P2","Intercanopy","0-5",0.00846291036440784,8084.90551129338,96,3300.63910704991,34.3816573651033,219.383333333333,9.14097222222222,0.312247335858395,7.49393606060148
"336","8/20/19 14:17","ARBCtrlP2IC0-5",112,50,5.908133,3.191465056,25,15714.2,2019-08-20 14:17:00,"Ponderosa Pine Meadow","Ambient","P2","Intercanopy","0-5",0.00846291036440784,7707.62234645561,120.15,6545.70595386046,54.4794503026256,386.15,16.0895833333333,0.494771471758385,11.8745153222012
"337","8/24/19 14:43","ARBCtrlP2IC0-5",112,50,5.908133,3.191465056,25,17089.1,2019-08-24 14:43:00,"Ponderosa Pine Meadow","Ambient","P2","Intercanopy","0-5",0.00846291036440784,8381.9939316551,96.4333333333333,674.371585199488,6.99313776563589,482.583333333333,20.1076388888889,0.063510278559952,1.52424668543885
"338","9/4/19 14:40","ARBCtrlP2IC0-5",112,50,5.908133,3.191465056,25,43842.6,2019-09-04 14:40:00,"Ponderosa Pine Meadow","Ambient","P2","Intercanopy","0-5",0.00846291036440784,21504.2575178319,262.75,19909.534748933,75.773681251886,746.533333333333,31.1055555555556,0.688161418393378,16.5158740414411
"339","9/14/19 14:35","ARBCtrlP2IC0-5",112,50,5.908133,3.191465056,25,36376.5,2019-09-14 14:35:00,"Ponderosa Pine Meadow","Ambient","P2","Intercanopy","0-5",0.00846291036440784,17842.2270485193,238.166666666667,17406.9682335466,73.0873403787821,986.45,41.1020833333333,0.663764607852023,15.9303505884486
"340","6/14/19 11:37","ARBCtrlP5Can0-5",59,50.01,6.864405573,3.176974668,25,12558.4,2019-06-14 11:37:00,"Ponderosa Pine Meadow","Ambient","P5","Canopy","0-5",0.00728540868807432,6159.74115613446,20.1833333333333,5499.49561766837,272.477074368375,20.1833333333333,0.840972222222222,2.47408747650341,59.3780994360818
"341","6/17/19 14:59","ARBCtrlP5Can0-5",59,50.01,6.864405573,3.176974668,25,14024.9,2019-06-17 14:59:00,"Ponderosa Pine Meadow","Ambient","P5","Canopy","0-5",0.00728540868807432,6879.04141774989,72.5833333333333,5163.85486143009,71.1438098015626,95.55,3.98125,0.645984654924846,15.5036317181963
"342","6/20/19 10:16","ARBCtrlP5Can0-5",59,50.01,6.864405573,3.176974668,25,3836.9,2019-06-20 10:16:00,"Ponderosa Pine Meadow","Ambient","P5","Canopy","0-5",0.00728540868807432,1881.95238581128,45.7166666666667,1064.01504092898,23.2741168267367,162.833333333333,6.78472222222222,0.211328608475362,5.07188660340869
"343","6/25/19 10:39","ARBCtrlP5Can0-5",59,50.01,6.864405573,3.176974668,25,4283.2,2019-06-25 10:39:00,"Ponderosa Pine Meadow","Ambient","P5","Canopy","0-5",0.00728540868807432,2100.85706140552,120.383333333333,218.904675594248,1.81839686219783,283.216666666667,11.8006944444444,0.0165110144202242,0.39626434608538
"344","7/5/19 10:17","ARBCtrlP5Can0-5",59,50.01,6.864405573,3.176974668,25,8203.4,2019-07-05 10:17:00,"Ponderosa Pine Meadow","Ambient","P5","Canopy","0-5",0.00728540868807432,4023.66707544221,92.85,1356.98336432679,14.6147912151512,522.85,21.7854166666667,0.132702070443672,3.18484969064812
"345","7/9/19 16:46","ARBCtrlP5Can0-5",59,50.01,6.864405573,3.176974668,25,12981.7,2019-07-09 16:46:00,"Ponderosa Pine Meadow","Ambient","P5","Canopy","0-5",0.00728540868807432,6367.36461385135,102.483333333333,2343.69753840914,22.8690603845419,625.333333333333,26.0555555555556,0.207650702459841,4.98361685903618
"346","7/10/19 13:26","ARBCtrlP5Can0-5",59,50.01,6.864405573,3.176974668,25,4583.7,2019-07-10 13:26:00,"Ponderosa Pine Meadow","Ambient","P5","Canopy","0-5",0.00728540868807432,2248.24862541196,1.85,43.5553107613023,23.5434112223256,646,26.9166666666667,0.21377379727946,5.13057113470705
"347","7/17/19 13:51","ARBCtrlP5Can0-5",59,50.01,6.864405573,3.176974668,25,20613.7,2019-07-17 13:51:00,"Ponderosa Pine Meadow","Ambient","P5","Canopy","0-5",0.00728540868807432,10110.7669982011,168.416666666667,7862.51837278917,46.684918591524,814.416666666667,33.9340277777778,0.423898314001702,10.1735595360409
"348","8/1/19 11:08","ARBCtrlP5Can0-5",59,50.01,6.864405573,3.176974668,25,14570.7,2019-08-01 11:08:00,"Ponderosa Pine Meadow","Ambient","P5","Canopy","0-5",0.00728540868807432,7146.74962285709,162.333333333333,4357.1006368784,26.8404556686554,1171.7,48.8208333333333,0.243710908109973,5.84906179463935
"349","8/5/19 14:52","ARBCtrlP5Can0-5",59,50.01,6.864405573,3.176974668,25,16202.1,2019-08-05 14:52:00,"Ponderosa Pine Meadow","Ambient","P5","Canopy","0-5",0.00728540868807432,7946.93131177588,99.7333333333333,800.181688918792,8.02321212151195,1271.43333333333,52.9763888888889,0.0728506377176037,1.74841530522249
"350","8/20/19 13:12","ARBCtrlP5Can0-5",59,50.01,6.864405573,3.176974668,25,14692,2019-08-20 13:12:00,"Ponderosa Pine Meadow","Ambient","P5","Canopy","0-5",0.00728540868807432,7206.24578496684,119.25,6279.27301686114,52.6563774998838,1629.76666666667,67.9069444444444,0.478119065365372,11.4748575687689
"351","9/4/19 13:35","ARBCtrlP5Can0-5",59,50.01,6.864405573,3.176974668,25,31254.7,2019-09-04 13:35:00,"Ponderosa Pine Meadow","Ambient","P5","Canopy","0-5",0.00728540868807432,15330.0469735504,261.95,14126.2429284889,53.9272492020954,1990.15,82.9229166666667,0.489658560091572,11.7518054421977
"352","9/14/19 12:01","ARBCtrlP5Can0-5",59,50.01,6.864405573,3.176974668,25,32535.4,2019-09-14 12:01:00,"Ponderosa Pine Meadow","Ambient","P5","Canopy","0-5",0.00728540868807432,15958.2146142261,236.45,13596.8104686269,57.5039563063094,2228.58333333333,92.8576388888889,0.522135003381964,12.5312400811671
"353","8/5/19 15:57","ARBCtrlP5IC0-5",113,50,6.864405573,2.8182643,25,10273.9,2019-08-05 15:57:00,"Ponderosa Pine Meadow","Ambient","P5","Intercanopy","0-5",0.00728395189769478,5039.2219282719,27.7333333333333,4638.39535221181,167.249832411483,27.7333333333333,1.15555555555556,1.51892952799461,36.4543086718706
"354","8/8/19 13:24","ARBCtrlP5IC0-5",113,50,6.864405573,2.8182643,25,17257,2019-08-08 13:24:00,"Ponderosa Pine Meadow","Ambient","P5","Intercanopy","0-5",0.00728395189769478,8464.34682215986,69.45,3425.12489388796,49.3178530437431,97.1833333333333,4.04930555555556,0.447894877772666,10.749477066544
"355","8/13/19 15:32","ARBCtrlP5IC0-5",113,50,6.864405573,2.8182643,25,12850.3,2019-08-13 15:32:00,"Ponderosa Pine Meadow","Ambient","P5","Intercanopy","0-5",0.00728395189769478,6302.91452563023,96,2793.72003416921,29.1012503559293,219.316666666667,9.13819444444444,0.264291735482479,6.34300165157949
"356","8/20/19 14:18","ARBCtrlP5IC0-5",113,50,6.864405573,2.8182643,25,14052.8,2019-08-20 14:18:00,"Ponderosa Pine Meadow","Ambient","P5","Intercanopy","0-5",0.00728395189769478,6892.72602552287,120.166666666667,5904.00085173195,49.131768530363,386.083333333333,16.0868055555556,0.44620489543905,10.7089174905372
"357","9/4/19 14:41","ARBCtrlP5IC0-5",113,50,6.864405573,2.8182643,25,33443,2019-09-04 14:41:00,"Ponderosa Pine Meadow","Ambient","P5","Intercanopy","0-5",0.00728395189769478,16403.3812814216,262.75,15245.7811808839,58.0239055409471,746.466666666667,31.1027777777778,0.526961505341774,12.6470761282026
"358","9/14/19 14:37","ARBCtrlP5IC0-5",113,50,6.864405573,2.8182643,25,24593.7,2019-09-14 14:37:00,"Ponderosa Pine Meadow","Ambient","P5","Intercanopy","0-5",0.00728395189769478,12062.908178719,238.266666666667,9802.05401854838,41.1390067930122,986.4,41.1,0.373616231892778,8.96678956542668
"359","6/14/19 11:37","ARBCtrlP6Can0-5",60,50.04,6.885721715,2.414045036,25,14694.4,2019-06-14 11:37:00,"Ponderosa Pine Meadow","Ambient","P6","Canopy","0-5",0.00726721207611278,7207.42295552795,20.0833333333333,6633.25801434349,330.286706108389,20.0833333333333,0.836805555555555,2.99720004749717,71.9328011399321
"360","6/17/19 14:59","ARBCtrlP6Can0-5",60,50.04,6.885721715,2.414045036,25,21628.4,2019-06-17 14:59:00,"Ponderosa Pine Meadow","Ambient","P6","Canopy","0-5",0.00726721207611278,10608.4649016864,72.5666666666667,8404.21302599617,115.813684327003,95.45,3.97708333333333,1.05095595355813,25.2229428853951
"361","6/20/19 10:17","ARBCtrlP6Can0-5",60,50.04,6.885721715,2.414045036,25,11007.9,2019-06-20 10:17:00,"Ponderosa Pine Meadow","Ambient","P6","Canopy","0-5",0.00726721207611278,5399.23992487996,45.7166666666667,4127.15998727368,90.2769227985494,162.75,6.78125,0.8192215802077,19.6613179249848
"362","6/25/19 10:40","ARBCtrlP6Can0-5",60,50.04,6.885721715,2.414045036,25,21381.9,2019-06-25 10:40:00,"Ponderosa Pine Meadow","Ambient","P6","Canopy","0-5",0.00726721207611278,10487.5596753051,120.383333333333,5088.31975042513,42.2676429496757,283.133333333333,11.7972222222222,0.383559432194609,9.20542637267062
"363","7/1/19 12:05","ARBCtrlP6Can0-5",60,50.04,6.885721715,2.414045036,25,13720.1,2019-07-01 12:05:00,"Ponderosa Pine Meadow","Ambient","P6","Canopy","0-5",0.00726721207611278,6729.54075648812,94.5666666666667,5359.06897948187,56.6697459938161,428.55,17.85625,0.51425189764852,12.3420455435645
"364","7/5/19 10:18","ARBCtrlP6Can0-5",60,50.04,6.885721715,2.414045036,25,9502.5,2019-07-05 10:18:00,"Ponderosa Pine Meadow","Ambient","P6","Canopy","0-5",0.00726721207611278,4660.85969041978,92.85,1745.15535685489,18.7954265681733,522.766666666667,21.7819444444444,0.170559857121139,4.09343657090734
"365","7/9/19 16:47","ARBCtrlP6Can0-5",60,50.04,6.885721715,2.414045036,25,12959.9,2019-07-09 16:47:00,"Ponderosa Pine Meadow","Ambient","P6","Canopy","0-5",0.00726721207611278,6356.67198125454,102.483333333333,1695.81229083476,16.5472007562345,625.25,26.0520833333333,0.150158241234982,3.60379778963957
"366","7/10/19 13:27","ARBCtrlP6Can0-5",60,50.04,6.885721715,2.414045036,25,4868.7,2019-07-10 13:27:00,"Ponderosa Pine Meadow","Ambient","P6","Canopy","0-5",0.00726721207611278,2388.03762954452,1.85,30.2140444019842,16.3319158929644,645.916666666667,26.9131944444444,0.148204630052682,3.55691112126438
"367","7/17/19 13:52","ARBCtrlP6Can0-5",60,50.04,6.885721715,2.414045036,25,19790.3,2019-07-17 13:52:00,"Ponderosa Pine Meadow","Ambient","P6","Canopy","0-5",0.00726721207611278,9706.89939819148,168.416666666667,7318.86176864696,43.4568734407538,814.333333333333,33.9305555555556,0.394351152292404,9.4644276550177
"368","8/1/19 11:14","ARBCtrlP6Can0-5",60,50.04,6.885721715,2.414045036,25,17156.1,2019-08-01 11:14:00,"Ponderosa Pine Meadow","Ambient","P6","Canopy","0-5",0.00726721207611278,8414.8566098196,162.416666666667,5509.89395762489,33.9244368863513,1171.7,48.8208333333333,0.307848671976884,7.38836812744521
"369","8/20/19 13:12","ARBCtrlP6Can0-5",60,50.04,6.885721715,2.414045036,25,13242.1,2019-08-20 13:12:00,"Ponderosa Pine Meadow","Ambient","P6","Canopy","0-5",0.00726721207611278,6495.08761973246,119.233333333333,5630.01440363214,47.2184601926095,1629.66666666667,67.9027777777778,0.428485823118746,10.2836597548499
"370","9/4/19 13:36","ARBCtrlP6Can0-5",60,50.04,6.885721715,2.414045036,25,28521.7,2019-09-04 13:36:00,"Ponderosa Pine Meadow","Ambient","P6","Canopy","0-5",0.00726721207611278,13989.5439970793,261.966666666667,12856.3701856847,49.0763590241177,1990.06666666667,82.9194444444444,0.445345401064381,10.6882896255451
"371","9/14/19 12:02","ARBCtrlP6Can0-5",60,50.04,6.885721715,2.414045036,25,24275,2019-09-14 12:02:00,"Ponderosa Pine Meadow","Ambient","P6","Canopy","0-5",0.00726721207611278,11906.5897379574,236.45,10183.6044266702,43.0687436103624,2228.5,92.8541666666667,0.390829052478606,9.37989725948655
"372","8/5/19 15:58","ARBCtrlP6IC0-5",114,50,6.885721715,2.014242518,25,10616.8,2019-08-05 15:58:00,"Ponderosa Pine Meadow","Ambient","P6","Intercanopy","0-5",0.00726140295374978,5207.41017219139,27.6666666666667,4813.1561317642,173.969498738465,27.6666666666667,1.15277777777778,1.57995619364299,37.9189486474318
"373","8/8/19 13:25","ARBCtrlP6IC0-5",114,50,6.885721715,2.014242518,25,14273.1,2019-08-08 13:25:00,"Ponderosa Pine Meadow","Ambient","P6","Intercanopy","0-5",0.00726140295374978,7000.78047327867,69.45,1793.37030108728,25.8224665383337,97.1166666666667,4.04652777777778,0.234514476607839,5.62834743858814
"374","8/13/19 15:33","ARBCtrlP6IC0-5",114,50,6.885721715,2.014242518,25,12148.5,2019-08-13 15:33:00,"Ponderosa Pine Meadow","Ambient","P6","Intercanopy","0-5",0.00726140295374978,5958.69023405048,96,2502.27222274618,26.065335653606,219.25,9.13541666666667,0.236720165338919,5.68128396813406
"375","8/20/19 14:18","ARBCtrlP6IC0-5",114,50,6.885721715,2.014242518,25,12956.9,2019-08-20 14:18:00,"Ponderosa Pine Meadow","Ambient","P6","Intercanopy","0-5",0.00726140295374978,6355.20051805314,120.15,5520.68468776846,45.9482703934121,386,16.0833333333333,0.41729300205889,10.0150320494134
"376","9/4/19 14:45","ARBCtrlP6IC0-5",114,50,6.885721715,2.014242518,25,24735.2,2019-09-04 14:45:00,"Ponderosa Pine Meadow","Ambient","P6","Intercanopy","0-5",0.00726140295374978,12132.3121930514,262.816666666667,11048.873837864,42.0402327523522,746.45,31.1020833333333,0.381800985810312,9.1632236594475
"377","9/14/19 14:39","ARBCtrlP6IC0-5",114,50,6.885721715,2.014242518,25,22860.9,2019-09-14 14:39:00,"Ponderosa Pine Meadow","Ambient","P6","Intercanopy","0-5",0.00726140295374978,11212.991033593,238.283333333333,9138.96365122625,38.3533481900801,986.35,41.0979166666667,0.348317437592669,8.35961850222407
"378","6/14/19 11:40","ARBExlP10Can0-5",63,50.01,5.953211491,2.789975877,25,14531.8,2019-06-14 11:40:00,"Ponderosa Pine Meadow","Exclusion","P10","Canopy","0-5",0.00840050787303703,7127.66965001232,19.8333333333333,6644.63732976761,335.023730912653,19.8333333333333,0.826388888888889,3.04201011737905,73.0082428170973
"379","6/17/19 15:02","ARBExlP10Can0-5",63,50.01,5.953211491,2.789975877,25,22794.2,2019-06-17 15:02:00,"Ponderosa Pine Meadow","Exclusion","P10","Canopy","0-5",0.00840050787303703,11180.2755017486,72.5833333333333,8760.94475478779,120.701879514872,95.2,3.96666666666667,1.09597113515113,26.3033072436272
"380","6/20/19 10:21","ARBExlP10Can0-5",63,50.01,5.953211491,2.789975877,25,10634.7,2019-06-20 10:21:00,"Ponderosa Pine Meadow","Exclusion","P10","Canopy","0-5",0.00840050787303703,5216.18990262638,45.75,3933.51542997005,85.9784793436077,162.516666666667,6.77152777777778,0.780683217059365,18.7363972094248
"381","6/25/19 10:43","ARBExlP10Can0-5",63,50.01,5.953211491,2.789975877,25,18654.6,2019-06-25 10:43:00,"Ponderosa Pine Meadow","Exclusion","P10","Canopy","0-5",0.00840050787303703,9149.85247891658,120.366666666667,3933.66257629019,32.6806638849919,282.883333333333,11.7868055555556,0.296739905289662,7.12175772695188
"382","7/1/19 12:08","ARBExlP10Can0-5",63,50.01,5.953211491,2.789975877,25,14025.3,2019-07-01 12:08:00,"Ponderosa Pine Meadow","Exclusion","P10","Canopy","0-5",0.00840050787303703,6879.23761284341,94.6,5472.42069476269,57.8479988875549,428.3,17.8458333333333,0.525258904516093,12.6062137083862
"383","7/5/19 10:21","ARBExlP10Can0-5",63,50.01,5.953211491,2.789975877,25,9851.7,2019-07-05 10:21:00,"Ponderosa Pine Meadow","Exclusion","P10","Canopy","0-5",0.00840050787303703,4832.1380070622,92.8666666666667,1845.60724473681,19.8737319964481,522.516666666667,21.7715277777778,0.18045316861162,4.33087604667888
"384","7/9/19 16:50","ARBExlP10Can0-5",63,50.01,5.953211491,2.789975877,25,13679.8,2019-07-09 16:50:00,"Ponderosa Pine Meadow","Exclusion","P10","Canopy","0-5",0.00840050787303703,6709.77410081604,102.483333333333,1877.63609375385,18.3213800008507,625,26.0416666666667,0.166357837324261,3.99258809578226
"385","7/17/19 13:55","ARBExlP10Can0-5",63,50.01,5.953211491,2.789975877,25,19374.3,2019-07-17 13:55:00,"Ponderosa Pine Meadow","Exclusion","P10","Canopy","0-5",0.00840050787303703,9502.85650093132,168.45,8408.57836682698,49.9173545077292,814.083333333333,33.9201388888889,0.453248780412212,10.8779707298931
"386","7/24/19 14:05","ARBExlP10Can0-5",63,50.01,5.953211491,2.789975877,25,19930.6,2019-07-24 14:05:00,"Ponderosa Pine Meadow","Exclusion","P10","Canopy","0-5",0.00840050787303703,9775.7148272434,168.166666666667,272.858326312078,1.62254703456142,982.25,40.9270833333333,0.0147327011182562,0.353584826838149
"387","8/1/19 11:16","ARBExlP10Can0-5",63,50.01,5.953211491,2.789975877,25,17453.6,2019-08-01 11:16:00,"Ponderosa Pine Meadow","Exclusion","P10","Canopy","0-5",0.00840050787303703,8560.77671062464,162.4,5589.64726314052,34.4190102410131,1171.43333333333,48.8097222222222,0.312524062394354,7.50057749746449
"388","8/13/19 14:30","ARBExlP10Can0-5",63,50.01,5.953211491,2.789975877,25,13085.7,2019-08-13 14:30:00,"Ponderosa Pine Meadow","Exclusion","P10","Canopy","0-5",0.00840050787303703,6418.37533816639,95.7333333333333,49.7845049805428,0.520033130019598,1462.66666666667,60.9444444444444,0.00472189250171164,0.113325420041079
"389","8/20/19 13:19","ARBExlP10Can0-5",63,50.01,5.953211491,2.789975877,25,14397.8,2019-08-20 13:19:00,"Ponderosa Pine Meadow","Exclusion","P10","Canopy","0-5",0.00840050787303703,7061.94429368333,119.35,6084.30414267626,50.9786689792732,1629.48333333333,67.8951388888889,0.462885498836196,11.1092519720687
"390","9/4/19 13:39","ARBExlP10Can0-5",63,50.01,5.953211491,2.789975877,25,30049.2,2019-09-04 13:39:00,"Ponderosa Pine Meadow","Exclusion","P10","Canopy","0-5",0.00840050787303703,14738.7640104564,262,13760.2900303019,52.5201909553507,1989.81666666667,82.9090277777778,0.47688249371956,11.4451798492694
"391","9/14/19 12:04","ARBExlP10Can0-5",63,50.01,5.953211491,2.789975877,25,29765,2019-09-14 12:04:00,"Ponderosa Pine Meadow","Exclusion","P10","Canopy","0-5",0.00840050787303703,14599.3673965109,236.45,12591.0653704731,53.2504350622674,2228.23333333333,92.8430555555556,0.483513098528794,11.6043143646911
"392","8/5/19 16:02","ARBExlP10IC0-5",119,50,5.953211491,2.319237117,25,12689.8,2019-08-05 16:02:00,"Ponderosa Pine Meadow","Exclusion","P10","Intercanopy","0-5",0.00839882810741554,6224.19124435558,27.2833333333333,5617.89935660731,205.909567132828,27.2833333333333,1.13680555555556,1.87002950678691,44.8807081628859
"393","8/8/19 13:28","ARBExlP10IC0-5",119,50,5.953211491,2.319237117,25,14775.2,2019-08-08 13:28:00,"Ponderosa Pine Meadow","Exclusion","P10","Intercanopy","0-5",0.00839882810741554,7247.05436441887,69.4333333333333,1022.86312006329,14.7315859826686,96.7166666666667,4.02986111111111,0.1337893175774,3.2109436218576
"394","8/13/19 15:38","ARBExlP10IC0-5",119,50,5.953211491,2.319237117,25,13611.7,2019-08-13 15:38:00,"Ponderosa Pine Meadow","Exclusion","P10","Intercanopy","0-5",0.00839882810741554,6676.37188614437,96.0166666666667,3162.07632225185,32.9325775620745,218.883333333333,9.12013888888889,0.299087082903248,7.17808998967796
"395","8/20/19 14:23","ARBExlP10IC0-5",119,50,5.953211491,2.319237117,25,14768.6,2019-08-20 14:23:00,"Ponderosa Pine Meadow","Exclusion","P10","Intercanopy","0-5",0.00839882810741554,7243.8171453758,120.2,6312.18474379902,52.5140161713729,385.633333333333,16.0680555555556,0.476921792065174,11.4461230095642
"396","9/4/19 14:48","ARBExlP10IC0-5",119,50,5.953211491,2.319237117,25,28873.9,2019-09-04 14:48:00,"Ponderosa Pine Meadow","Exclusion","P10","Intercanopy","0-5",0.00839882810741554,14162.2937769231,262.833333333333,12967.9561451239,49.339084889501,746.05,31.0854166666667,0.448087701149471,10.7541048275873
"397","9/14/19 14:44","ARBExlP10IC0-5",119,50,5.953211491,2.319237117,25,23996.5,2019-09-14 14:44:00,"Ponderosa Pine Meadow","Exclusion","P10","Intercanopy","0-5",0.00839882810741554,11769.9889040945,238.266666666667,11373.0371811314,47.7323888407867,985.983333333333,41.0826388888889,0.433496008974256,10.4039042153822
"398","6/14/19 11:38","ARBExlP1Can0-5",61,49.98,7.453757348,3.765443398,25,7103.7,2019-06-14 11:38:00,"Ponderosa Pine Meadow","Exclusion","P1","Canopy","0-5",0.00670534304600225,3484.27771458405,20,3072.21896941997,153.610948470999,20,0.833333333333333,1.39562216068819,33.4949318565166
"399","6/17/19 15:00","ARBExlP1Can0-5",61,49.98,7.453757348,3.765443398,25,6413,2019-06-17 15:00:00,"Ponderosa Pine Meadow","Exclusion","P1","Canopy","0-5",0.00670534304600225,3145.49783684946,72.5833333333333,1753.05220936904,24.1522692450385,95.3666666666667,3.97361111111111,0.219433852370539,5.26641245689293
"400","6/18/19 12:35","ARBExlP1Can0-5",61,49.98,7.453757348,3.765443398,25,4958,2019-06-18 12:35:00,"Ponderosa Pine Meadow","Exclusion","P1","Canopy","0-5",0.00670534304600225,2431.83818417272,2.26666666666667,117.717056111628,51.9339953433654,116.95,4.87291666666667,0.471842896067803,11.3242295056273
"401","6/20/19 10:18","ARBExlP1Can0-5",61,49.98,7.453757348,3.765443398,25,6828.1,2019-06-20 10:18:00,"Ponderosa Pine Meadow","Exclusion","P1","Canopy","0-5",0.00670534304600225,3349.0992951492,45.7166666666667,917.261110976483,20.0640418004335,162.666666666667,6.77777777777778,0.182290531035591,4.37497274485418
"402","6/27/19 10:34","ARBExlP1Can0-5",61,49.98,7.453757348,3.7654434,25,5230.6,2019-06-27 10:34:00,"Ponderosa Pine Meadow","Exclusion","P1","Canopy","0-5",0.00670534304600225,2565.54514040618,47.8833333333333,105.994399273845,2.21359692183457,330.933333333333,13.7888888888889,0.0201114891203653,0.482675738888768
"403","7/1/19 12:06","ARBExlP1Can0-5",61,49.98,7.453757348,3.765443398,25,4570.1,2019-07-01 12:06:00,"Ponderosa Pine Meadow","Exclusion","P1","Canopy","0-5",0.00670534304600225,2241.5779922323,94.5833333333333,1385.08831147344,14.6441054957545,428.466666666667,17.8527777777778,0.133048056513949,3.19315335633477
"404","7/5/19 10:19","ARBExlP1Can0-5",61,49.98,7.453757348,3.765443398,25,4756.6,2019-07-05 10:19:00,"Ponderosa Pine Meadow","Exclusion","P1","Canopy","0-5",0.00670534304600225,2333.05395458571,92.85,142.731930535349,1.53723134663812,522.683333333333,21.7784722222222,0.0139664142095819,0.335193941029966
"405","7/9/19 16:48","ARBExlP1Can0-5",61,49.98,7.453757348,3.765443398,25,4905.2,2019-07-09 16:48:00,"Ponderosa Pine Meadow","Exclusion","P1","Canopy","0-5",0.00670534304600225,2405.94043182816,102.483333333333,72.886477242449,0.711203225654081,625.166666666667,26.0486111111111,0.00646159009078154,0.155078162178757
"406","7/10/19 11:37","ARBExlP1Can0-5",61,49.98,7.453757348,3.765443398,25,4927.1,2019-07-10 11:37:00,"Ponderosa Pine Meadow","Exclusion","P1","Canopy","0-5",0.00670534304600225,2416.68211319835,18.8166666666667,10.7416813701866,0.570859948814168,643.983333333333,26.8326388888889,0.00518651048733545,0.124476251696051
"407","7/17/19 13:53","ARBExlP1Can0-5",61,49.98,7.453757348,3.765443398,25,5491.8,2019-07-17 13:53:00,"Ponderosa Pine Meadow","Exclusion","P1","Canopy","0-5",0.00670534304600225,2693.66053647433,168.433333333333,297.431761775381,1.7658723240177,814.25,33.9270833333333,0.0160437167589675,0.38504920221522
"408","7/24/19 14:03","ARBExlP1Can0-5",61,49.98,7.453757348,3.765443398,25,5737.4,2019-07-24 14:03:00,"Ponderosa Pine Meadow","Exclusion","P1","Canopy","0-5",0.00670534304600225,2814.12432389523,168.166666666667,120.463787420899,0.716335703196623,982.416666666667,40.9340277777778,0.00650822087764215,0.156197301063412
"409","8/1/19 11:15","ARBExlP1Can0-5",61,49.98,7.453757348,3.765443398,25,6884.2,2019-08-01 11:15:00,"Ponderosa Pine Meadow","Exclusion","P1","Canopy","0-5",0.00670534304600225,3376.61565701529,162.416666666667,1723.475799021,10.6114466845828,1171.61666666667,48.8173611111111,0.0964096003401805,2.31383040816433
"410","8/9/19 14:44","ARBExlP1Can0-5",61,49.98,7.453757348,3.765443398,25,4293.8,2019-08-09 14:44:00,"Ponderosa Pine Meadow","Exclusion","P1","Canopy","0-5",0.00670534304600225,2106.05623138379,95.8333333333333,134.736980474435,1.4059511006028,1367.1,56.9625,0.0127736761759249,0.306568228222197
"411","8/13/19 14:28","ARBExlP1Can0-5",61,49.98,7.453757348,3.765443398,25,4661.7,2019-08-13 14:28:00,"Ponderosa Pine Meadow","Exclusion","P1","Canopy","0-5",0.00670534304600225,2286.50666864824,95.7333333333333,180.450437264449,1.88492796585427,1462.83333333333,60.9513888888889,0.0171253889558777,0.411009334941065
"412","8/15/19 11:14","ARBExlP1Can0-5",61,49.98,7.453757348,3.765443398,25,4731.3,2019-08-15 11:14:00,"Ponderosa Pine Meadow","Exclusion","P1","Canopy","0-5",0.00670534304600225,2320.64461492061,44.7666666666667,34.1379462723726,0.762575121497526,1507.6,62.8166666666667,0.00692832606884377,0.16627982565225
"413","9/4/19 13:37","ARBExlP1Can0-5",61,49.98,7.453757348,3.765443398,25,5616.7,2019-09-04 13:37:00,"Ponderosa Pine Meadow","Exclusion","P1","Canopy","0-5",0.00670534304600225,2754.92245442576,263.8,483.081369018093,1.83124097429148,1989.98333333333,82.9159722222222,0.0166376193280516,0.399302863873239
"414","9/14/19 12:03","ARBExlP1Can0-5",61,49.98,7.453757348,3.765443398,25,6598.5,2019-09-14 12:03:00,"Ponderosa Pine Meadow","Exclusion","P1","Canopy","0-5",0.00670534304600225,3236.48331146908,236.45,2470.096227409,10.4465900926581,2228.41666666667,92.8506944444444,0.0949118066261524,2.27788335902766
"415","8/5/19 15:59","ARBExlP1IC0-5",116,50,7.453757348,2.083135156,25,12429.3,2019-08-05 15:59:00,"Ponderosa Pine Meadow","Exclusion","P1","Intercanopy","0-5",0.00670802625650486,6096.41918970108,27.5,5417.73131244417,197.008411361606,27.5,1.14583333333333,1.78919099030383,42.940583767292
"416","8/8/19 13:27","ARBExlP1IC0-5",116,50,7.453757348,2.083135156,25,17864.7,2019-08-08 13:27:00,"Ponderosa Pine Meadow","Exclusion","P1","Intercanopy","0-5",0.00670802625650486,8762.41621798918,69.4666666666667,2665.9970282881,38.3780762229573,96.9666666666667,4.04027777777778,0.348542012641653,8.36500830339968
"417","8/13/19 15:35","ARBExlP1IC0-5",116,50,7.453757348,2.083135156,25,7379.3,2019-08-13 15:35:00,"Ponderosa Pine Meadow","Exclusion","P1","Intercanopy","0-5",0.00670802625650486,3619.45613401891,95.9833333333333,842.31458525208,8.77563381057906,219.1,9.12916666666667,0.0796985511409169,1.912765227382
"418","8/20/19 14:20","ARBExlP1IC0-5",116,50,7.453757348,2.083135156,25,7881.5,2019-08-20 14:20:00,"Ponderosa Pine Meadow","Exclusion","P1","Intercanopy","0-5",0.00670802625650486,3865.77907393249,122.166666666667,1648.57832206997,13.494501954188,385.85,16.0770833333333,0.122554367847545,2.94130482834108
"419","9/4/19 14:46","ARBExlP1IC0-5",116,50,7.453757348,2.083135156,25,38470,2019-09-04 14:46:00,"Ponderosa Pine Meadow","Exclusion","P1","Intercanopy","0-5",0.00670802625650486,18869.0631192264,262.816666666667,18048.526189355,68.6734460879763,746.283333333333,31.0951388888889,0.623678502681783,14.9682840643628
"420","9/14/19 14:41","ARBExlP1IC0-5",116,50,7.453757348,2.083135156,25,32481.5,2019-09-14 14:41:00,"Ponderosa Pine Meadow","Exclusion","P1","Intercanopy","0-5",0.00670802625650486,15931.7773253744,238.3,13605.5901990618,57.0943776712625,986.2,41.0916666666667,0.518519719134871,12.4444732592369
"421","2/6/19 18:07","ARBExlP4Can0-5",24,49.95,6.419871718,2.750961865,25,20497,2019-02-06 18:07:00,"Ponderosa Pine Meadow","Exclusion","P4","Canopy","0-5",0.00778052929935508,10053.5270796668,24.9,6833.47510728001,274.436751296386,25.9,1.07916666666667,2.49487456248601,59.8769894996641
"422","2/9/19 13:55","ARBExlP4Can0-5",24,49.95,6.419871718,2.750961865,25,7052.3,2019-02-09 13:55:00,"Ponderosa Pine Meadow","Exclusion","P4","Canopy","0-5",0.00778052929935508,3459.06664506681,21.2,1103.79359614003,52.0657356669827,93.7,3.90416666666667,0.473323922102506,11.3597741304602
"423","2/11/19 16:45","ARBExlP4Can0-5",24,49.95,6.419871718,2.750961865,25,6243.7,2019-02-11 16:45:00,"Ponderosa Pine Meadow","Exclusion","P4","Canopy","0-5",0.00778052929935508,3062.45826351739,25.0166666666667,802.045542307226,32.0604480602489,144.533333333333,6.02222222222222,0.291458035228797,6.99499284549113
"424","2/13/19 16:11","ARBExlP4Can0-5",24,49.95,6.419871718,2.750961865,25,4021.6,2019-02-13 16:11:00,"Ponderosa Pine Meadow","Exclusion","P4","Canopy","0-5",0.00778052929935508,1972.54547024385,23.2833333333333,620.36888570828,26.6443329581223,191.966666666667,7.99861111111111,0.242220723782858,5.81329737078858
"425","2/15/19 16:06","ARBExlP4Can0-5",24,49.95,6.419871718,2.750961865,25,5600.9,2019-02-15 16:06:00,"Ponderosa Pine Meadow","Exclusion","P4","Canopy","0-5",0.00778052929935508,2747.17274823174,47.9166666666667,774.627277987893,16.1661344971386,239.883333333333,9.99513888888889,0.146964564840955,3.52714955618291
"426","2/20/19 12:25","ARBExlP4Can0-5",24,49.95,6.419871718,2.750961865,25,3465.7,2019-02-20 12:25:00,"Ponderosa Pine Meadow","Exclusion","P4","Canopy","0-5",0.00778052929935508,1699.88333902529,49.25,68.8154290519224,1.39726759496289,356.2,14.8416666666667,0.0127024072511852,0.304857774028444
"427","2/22/19 13:49","ARBExlP4Can0-5",24,49.95,6.419871718,2.750961865,25,3567.3,2019-02-22 13:49:00,"Ponderosa Pine Meadow","Exclusion","P4","Canopy","0-5",0.00778052929935508,1749.71689277921,49.4,49.8335537539231,1.00877639177982,405.6,16.9,0.00917067611097694,0.220096226663446
"428","2/25/19 10:12","ARBExlP4Can0-5",24,49.95,6.419871718,2.750961865,25,3652.1,2019-02-25 10:12:00,"Ponderosa Pine Meadow","Exclusion","P4","Canopy","0-5",0.00778052929935508,1791.31025260532,68.3833333333333,41.5933598261083,0.608238262141482,473.983333333333,19.7493055555556,0.0055294276767933,0.132706264243039
"429","3/1/19 15:13","ARBExlP4Can0-5",24,49.95,6.419871718,2.750961865,25,4663,2019-03-01 15:13:00,"Ponderosa Pine Meadow","Exclusion","P4","Canopy","0-5",0.00778052929935508,2287.14430270218,101.016666666667,495.834050096854,4.90843804748576,575,23.9583333333333,0.0446220747343906,1.07092979362537
"430","3/4/19 16:42","ARBExlP4Can0-5",24,49.95,6.419871718,2.750961865,25,5334.6,2019-03-04 16:42:00,"Ponderosa Pine Meadow","Exclusion","P4","Canopy","0-5",0.00778052929935508,2616.55586472121,73.4833333333333,329.41156201904,4.48280646884608,648.483333333333,27.0201388888889,0.0407527044932596,0.97806490783823
"431","3/12/19 9:26","ARBExlP4Can0-5",24,49.95,6.419871718,2.750961865,25,8704.3,2019-03-12 09:26:00,"Ponderosa Pine Meadow","Exclusion","P4","Canopy","0-5",0.00778052929935508,4269.35238130185,141.6,2116.50362011369,14.9470594640798,833.216666666667,34.7173611111111,0.135882086727607,3.26117008146257
"432","3/19/19 13:09","ARBExlP4Can0-5",24,49.95,6.419871718,2.750961865,25,7145.4,2019-03-19 13:09:00,"Ponderosa Pine Meadow","Exclusion","P4","Canopy","0-5",0.00778052929935508,3504.73105308345,94.4833333333333,640.086492606978,6.77459685242877,1004.93333333333,41.8722222222222,0.0615871208152028,1.47809089956487
"433","3/25/19 14:22","ARBExlP4Can0-5",24,49.95,6.419871718,2.750961865,25,5447.9,2019-03-25 14:22:00,"Ponderosa Pine Meadow","Exclusion","P4","Canopy","0-5",0.00778052929935508,2672.12812496058,96.8666666666667,108.937325676636,1.1246110703025,1150.15,47.9229166666667,0.0102237165348081,0.245369196835394
"434","4/1/19 13:54","ARBExlP4Can0-5",24,49.95,6.419871718,2.750961865,25,9407.6,2019-04-01 13:54:00,"Ponderosa Pine Meadow","Exclusion","P4","Canopy","0-5",0.00778052929935508,4614.3124044823,167.533333333333,1942.18427952173,11.5928229975431,1317.68333333333,54.9034722222222,0.105389088988075,2.52933813571381
"435","4/8/19 15:21","ARBExlP4Can0-5",24,49.95,6.419871718,2.750961865,25,9421.6,2019-04-08 15:21:00,"Ponderosa Pine Meadow","Exclusion","P4","Canopy","0-5",0.00778052929935508,4621.17923275548,119.033333333333,999.908294121522,8.40023769914469,1487.13333333333,61.9638888888889,0.0763656443804727,1.83277546513134
"436","4/14/19 16:36","ARBExlP4Can0-5",24,49.95,6.419871718,2.750961865,25,9522.6,2019-04-14 16:36:00,"Ponderosa Pine Meadow","Exclusion","P4","Canopy","0-5",0.00778052929935508,4670.71849386913,123.566666666667,2498.29927210241,20.2182298794368,1632.38333333333,68.0159722222222,0.18380172184091,4.41124132418184
"437","8/5/19 16:00","ARBExlP4IC0-5",117,50,6.419871718,3.062555346,25,6385.1,2019-08-05 16:00:00,"Ponderosa Pine Meadow","Exclusion","P4","Intercanopy","0-5",0.00778831761697205,3131.81322907649,27.45,2734.81245734002,99.6288691198551,27.45,1.14375,0.9048094635727,21.7154271257448
"438","8/13/19 15:36","ARBExlP4IC0-5",117,50,6.419871718,3.062555346,25,9602.7,2019-08-13 15:36:00,"Ponderosa Pine Meadow","Exclusion","P4","Intercanopy","0-5",0.00778831761697205,4710.00656134638,96,2330.99390610376,24.2811865219141,219.05,9.12708333333333,0.22051687975472,5.29240511411327
"439","8/20/19 14:21","ARBExlP4IC0-5",117,50,6.419871718,3.062555346,25,7996,2019-08-20 14:21:00,"Ponderosa Pine Meadow","Exclusion","P4","Intercanopy","0-5",0.00778831761697205,3921.93991945241,120.166666666667,3097.2338438437,25.7744841373955,385.8,16.075,0.234078710038999,5.61788904093597
"440","9/4/19 14:47","ARBExlP4IC0-5",117,50,6.419871718,3.062555346,25,22401.7,2019-09-04 14:47:00,"Ponderosa Pine Meadow","Exclusion","P4","Intercanopy","0-5",0.00778831761697205,10987.7590662328,262.833333333333,9937.03624288971,37.8073668087116,746.233333333333,31.0930555555556,0.343358943883357,8.24061465320058
"441","9/14/19 14:42","ARBExlP4IC0-5",117,50,6.419871718,3.062555346,25,28335.2,2019-09-14 14:42:00,"Ponderosa Pine Meadow","Exclusion","P4","Intercanopy","0-5",0.00778831761697205,13898.0680347259,238.316666666667,11965.1049245995,50.2067484072993,986.15,41.0895833333333,0.455967647685411,10.9432235444499
"442","6/17/19 15:01","ARBExlP7Can0-5",62,49.99,4.58435403,2.948820289,25,22223,2019-06-17 15:01:00,"Ponderosa Pine Meadow","Exclusion","P7","Canopy","0-5",0.0109044806908161,10900.108908203,72.5833333333333,9101.93182732447,125.399749630188,95.2833333333333,3.97013888888889,1.13908326284401,27.3379983082562
"443","6/20/19 10:20","ARBExlP7Can0-5",62,49.99,4.58435403,2.948820289,25,11441,2019-06-20 10:20:00,"Ponderosa Pine Meadow","Exclusion","P7","Canopy","0-5",0.0109044806908161,5611.67016238807,45.75,4567.81416731821,99.8429326189773,162.6,6.775,0.906934932445517,21.7664383786924
"444","6/25/19 10:42","ARBExlP7Can0-5",62,49.99,4.58435403,2.948820289,25,19017.6,2019-06-25 10:42:00,"Ponderosa Pine Meadow","Exclusion","P7","Canopy","0-5",0.0109044806908161,9327.89952628541,120.366666666667,3716.22936389734,30.874240076688,282.966666666667,11.7902777777778,0.280449763481161,6.73079432354786
"445","7/1/19 12:07","ARBExlP7Can0-5",62,49.99,4.58435403,2.948820289,25,14715.9,2019-07-01 12:07:00,"Ponderosa Pine Meadow","Exclusion","P7","Canopy","0-5",0.0109044806908161,7217.96844180462,94.5833333333333,6026.37754131466,63.7150048420934,428.383333333333,17.8493055555556,0.578762683511626,13.890304404279
"446","7/5/19 10:20","ARBExlP7Can0-5",62,49.99,4.58435403,2.948820289,25,10650.6,2019-07-05 10:20:00,"Ponderosa Pine Meadow","Exclusion","P7","Canopy","0-5",0.0109044806908161,5223.98865759378,92.85,2133.86688589016,22.9818727613372,522.6,21.775,0.208758523748662,5.01020456996789
"447","7/9/19 16:49","ARBExlP7Can0-5",62,49.99,4.58435403,2.948820289,25,14114.2,2019-07-09 16:49:00,"Ponderosa Pine Meadow","Exclusion","P7","Canopy","0-5",0.0109044806908161,6922.84197237809,102.483333333333,1698.85331478431,16.5768741075067,625.083333333333,26.0451388888889,0.150577970863727,3.61387130072945
"448","7/17/19 13:54","ARBExlP7Can0-5",62,49.99,4.58435403,2.948820289,25,20229.6,2019-07-17 13:54:00,"Ponderosa Pine Meadow","Exclusion","P7","Canopy","0-5",0.0109044806908161,9922.37065964914,168.433333333333,9142.44611413622,54.2793159358968,814.166666666667,33.9236111111111,0.493052501967021,11.8332600472085
"449","7/24/19 14:04","ARBExlP7Can0-5",62,49.99,4.58435403,2.948820289,25,22894.4,2019-07-24 14:04:00,"Ponderosa Pine Meadow","Exclusion","P7","Canopy","0-5",0.0109044806908161,11229.4223726752,168.166666666667,1307.05171302611,7.77235904673606,982.333333333333,40.9305555555556,0.0706011306167709,1.6944271348025
"450","8/1/19 11:16","ARBExlP7Can0-5",62,49.99,4.58435403,2.948820289,25,20095.5,2019-08-01 11:16:00,"Ponderosa Pine Meadow","Exclusion","P7","Canopy","0-5",0.0109044806908161,9856.59625454676,162.416666666667,6669.70125296471,41.0653745693056,1171.53333333333,48.8138888888889,0.373022123188157,8.95253095651577
"451","8/20/19 13:18","ARBExlP7Can0-5",62,49.99,4.58435403,2.948820289,25,18124.4,2019-08-20 13:18:00,"Ponderosa Pine Meadow","Exclusion","P7","Canopy","0-5",0.0109044806908161,8889.79588245664,119.333333333333,7778.20353134921,65.1804765196861,1629.56666666667,67.8986111111111,0.592074466549795,14.2097871971951
"452","9/4/19 13:38","ARBExlP7Can0-5",62,49.99,4.58435403,2.948820289,25,32844.2,2019-09-04 13:38:00,"Ponderosa Pine Meadow","Exclusion","P7","Canopy","0-5",0.0109044806908161,16109.6772264231,261.983333333333,14680.6902627747,56.0367336195992,1989.9,82.9125,0.509016210628602,12.2163890550864
"453","9/14/19 12:04","ARBExlP7Can0-5",62,49.99,4.58435403,2.948820289,25,32374.1,2019-09-14 12:04:00,"Ponderosa Pine Meadow","Exclusion","P7","Canopy","0-5",0.0109044806908161,15879.0989427644,236.4,15474.0051234203,65.4568744645528,2228.33333333333,92.8472222222222,0.594585159544084,14.270043829058
"454","8/5/19 16:01","ARBExlP7IC0-5",118,50,4.58435403,1.8554528,25,6783.6,2019-08-05 16:01:00,"Ponderosa Pine Meadow","Exclusion","P7","Intercanopy","0-5",0.0109066620232208,3327.27259099517,27.3666666666667,2929.33989256449,107.040434563867,27.3666666666667,1.14027777777778,0.972119818622125,23.330875646931
"455","8/8/19 13:28","ARBExlP7IC0-5",118,50,4.58435403,1.8554528,25,7491.1,2019-08-08 13:28:00,"Ponderosa Pine Meadow","Exclusion","P7","Intercanopy","0-5",0.0109066620232208,3674.29266265757,69.45,347.020071662404,4.99668929679487,96.8166666666667,4.03402777777778,0.0453789328556317,1.08909438853516
"456","8/13/19 15:37","ARBExlP7IC0-5",118,50,4.58435403,1.8554528,25,7128.4,2019-08-13 15:37:00,"Ponderosa Pine Meadow","Exclusion","P7","Intercanopy","0-5",0.0109066620232208,3496.39276160887,96,1470.18793328748,15.3144576384112,218.966666666667,9.12361111111111,0.139082841380523,3.33798819313255
"457","8/20/19 14:22","ARBExlP7IC0-5",118,50,4.58435403,1.8554528,25,6051.1,2019-08-20 14:22:00,"Ponderosa Pine Meadow","Exclusion","P7","Intercanopy","0-5",0.0109066620232208,2967.99032598781,122.183333333333,921.332159167011,7.54057148411139,385.716666666667,16.0715277777778,0.0684819621044029,1.64356709050567
"458","9/4/19 14:48","ARBExlP7IC0-5",118,50,4.58435403,1.8554528,25,12839.4,2019-09-04 14:48:00,"Ponderosa Pine Meadow","Exclusion","P7","Intercanopy","0-5",0.0109066620232208,6297.56820933183,264,4033.77112275846,15.2794360710548,746.15,31.0895833333333,0.138764782510105,3.33035478024252
"459","9/14/19 14:43","ARBExlP7IC0-5",118,50,4.58435403,1.8554528,25,17446.5,2019-09-14 14:43:00,"Ponderosa Pine Meadow","Exclusion","P7","Intercanopy","0-5",0.0109066620232208,8557.29424771467,238.316666666667,7556.20878303203,31.7065897602575,986.066666666667,41.0861111111111,0.287952906884706,6.91086976523295
"460","6/14/19 11:18","BCAddP11Can0-5",48,50,5.317926348,2.112808283,25,7844,2019-06-14 11:18:00,"Juniper Savanna","Addition","P11","Canopy","0-5",0.00940216105452538,3847.38578391505,22.95,3415.85467571917,148.838983691467,22.95,0.95625,1.35172588208917,32.44142117014
"461","6/17/19 14:41","BCAddP11Can0-5",48,50,5.317926348,2.112808283,25,10738.9,2019-06-17 14:41:00,"Juniper Savanna","Addition","P11","Canopy","0-5",0.00940216105452538,5267.29872448818,72.4833333333333,3692.44070880812,50.9419274611375,98.3333333333333,4.09722222222222,0.462644396816558,11.1034655235974
"462","6/20/19 10:02","BCAddP11Can0-5",48,50,5.317926348,2.112808283,25,6006.6,2019-06-20 10:02:00,"Juniper Savanna","Addition","P11","Canopy","0-5",0.00940216105452538,2946.16362183377,47.9333333333333,363.108069330993,7.5752726564185,165.683333333333,6.90347222222222,0.0687971112110615,1.65113066906548
"463","6/25/19 10:26","BCAddP11Can0-5",48,50,5.317926348,2.112808283,25,10755.3,2019-06-25 10:26:00,"Juniper Savanna","Addition","P11","Canopy","0-5",0.00940216105452538,5275.34272332248,120.4,2329.1791014887,19.3453413744909,286.083333333333,11.9201388888889,0.175690521294851,4.21657251107643
"464","7/1/19 11:44","BCAddP11Can0-5",48,50,5.317926348,2.112808283,25,7801,2019-07-01 11:44:00,"Juniper Savanna","Addition","P11","Canopy","0-5",0.00940216105452538,3826.29481136171,94.5166666666667,2374.6963631852,25.1246308924549,431.383333333333,17.9743055555556,0.228176872839097,5.47624494813833
"465","7/5/19 10:03","BCAddP11Can0-5",48,50,5.317926348,2.112808283,25,8192.1,2019-07-05 10:03:00,"Juniper Savanna","Addition","P11","Canopy","0-5",0.00940216105452538,4018.12456405029,92.7833333333333,1865.37390040889,20.1046226018562,525.7,21.9041666666667,0.182586161545537,4.3820678770929
"466","7/9/19 16:35","BCAddP11Can0-5",48,50,5.317926348,2.112808283,25,9270.8,2019-07-09 16:35:00,"Juniper Savanna","Addition","P11","Canopy","0-5",0.00940216105452538,4547.21368249868,102.533333333333,529.089118448388,5.16016695495827,628.233333333333,26.1763888888889,0.04686360425154,1.12472650203696
"467","7/17/19 13:39","BCAddP11Can0-5",48,50,5.317926348,2.112808283,25,14319.9,2019-07-17 13:39:00,"Juniper Savanna","Addition","P11","Canopy","0-5",0.00940216105452538,7023.73529922043,168.383333333333,5028.57834444848,29.8638721832039,817.3,34.0541666666667,0.271217714393421,6.5092251454421
"468","8/1/19 10:53","BCAddP11Can0-5",48,50,5.317926348,2.112808283,25,12330,2019-08-01 10:53:00,"Juniper Savanna","Addition","P11","Canopy","0-5",0.00940216105452538,6047.7137577349,162.233333333333,3523.36958696779,21.7179140351415,1174.53333333333,48.9388888888889,0.197237751684348,4.73370604042435
"469","8/20/19 12:56","BCAddP11Can0-5",48,50,5.317926348,2.112808283,25,9302.5,2019-08-20 12:56:00,"Juniper Savanna","Addition","P11","Canopy","0-5",0.00940216105452538,4562.76214366009,119.05,3174.48566191695,26.6651462571773,1632.58333333333,68.0243055555556,0.242167525278432,5.81202060668238
"470","9/4/19 13:23","BCAddP11Can0-5",48,50,5.317926348,2.112808283,25,19096.6,2019-09-04 13:23:00,"Juniper Savanna","Addition","P11","Canopy","0-5",0.00940216105452538,9366.64805725549,261.8,7576.76021907819,28.9410245190152,1993.03333333333,83.0430555555556,0.262836596476792,6.30807831544302
"471","9/14/19 11:45","BCAddP11Can0-5",48,50,5.317926348,2.112808283,25,17588.9,2019-09-14 11:45:00,"Juniper Savanna","Addition","P11","Canopy","0-5",0.00940216105452538,8627.13970100757,236.283333333333,8228.86366116323,34.8262551787962,2231.4,92.975,0.316285084282791,7.59084202278699
"472","8/5/19 15:40","BCAddP11IC0-5",99,50,5.317926348,2.970404602,25,6387.7,2019-08-05 15:40:00,"Juniper Savanna","Addition","P11","Intercanopy","0-5",0.00940216105452538,3133.08849718436,48.2333333333333,2756.93345413433,57.158260970304,48.2333333333333,2.00972222222222,0.519099894480107,12.4583974675226
"473","8/8/19 13:07","BCAddP11IC0-5",99,50,5.317926348,2.970404602,25,6497.8,2019-08-08 13:07:00,"Juniper Savanna","Addition","P11","Intercanopy","0-5",0.00940216105452538,3187.09119667557,69.45,54.0026994912096,0.777576666540094,117.683333333333,4.90347222222222,0.00706179577018383,0.169483098484412
"474","8/13/19 15:12","BCAddP11IC0-5",99,50,5.317926348,2.970404602,25,8338.7,2019-08-13 15:12:00,"Juniper Savanna","Addition","P11","Intercanopy","0-5",0.00940216105452538,4090.03006582514,95.85,2025.86148690774,21.1357484288758,239.766666666667,9.99027777777778,0.191950640081364,4.60681536195273
"475","8/20/19 14:00","BCAddP11IC0-5",99,50,5.317926348,2.970404602,25,8290.3,2019-08-20 14:00:00,"Juniper Savanna","Addition","P11","Intercanopy","0-5",0.00940216105452538,4066.29045950929,122.1,1741.91813781182,14.2663238150026,406.566666666667,16.9402777777778,0.129563899623091,3.10953359095417
"476","9/4/19 14:25","BCAddP11IC0-5",99,50,5.317926348,2.970404602,25,13141,2019-09-04 14:25:00,"Juniper Savanna","Addition","P11","Intercanopy","0-5",0.00940216105452538,6445.49930984544,262.566666666667,5218.39709742848,19.8745604827795,766.983333333333,31.9576388888889,0.180496783392507,4.33192280142017
"477","9/14/19 14:16","BCAddP11IC0-5",99,50,5.317926348,2.970404602,25,14744,2019-09-14 14:16:00,"Juniper Savanna","Addition","P11","Intercanopy","0-5",0.00940216105452538,7231.75114712436,238.166666666667,4997.48142212565,20.9831270348173,1006.83333333333,41.9513888888889,0.190564563104804,4.57354951451529
"478","2/6/19 17:50","BCAddP1Can0-5",19,50.02,4.171439756,2.970732511,25,15185.9,2019-02-06 17:50:00,"Juniper Savanna","Addition","P1","Canopy","0-5",0.0119910637395766,7448.49767668989,25.4333333333333,3956.47025591182,155.562395383165,26.4333333333333,1.10138888888889,1.41222167372134,33.8933201693121
"479","2/9/19 13:42","BCAddP1Can0-5",19,50.02,4.171439756,2.970732511,25,5627.2,2019-02-09 13:42:00,"Juniper Savanna","Addition","P1","Canopy","0-5",0.0119910637395766,2760.07257563064,21.0666666666667,827.845197105025,39.2964492296689,94.3,3.92916666666667,0.356739796695329,8.56175512068789
"480","2/11/19 16:36","BCAddP1Can0-5",19,50.02,4.171439756,2.970732511,25,5749.7,2019-02-11 16:36:00,"Juniper Savanna","Addition","P1","Canopy","0-5",0.0119910637395766,2820.15732302095,24.9333333333333,691.097216922017,27.7178028177279,145.2,6.05,0.251626890873692,6.03904538096861
"481","2/13/19 16:04","BCAddP1Can0-5",19,50.02,4.171439756,2.970732511,25,5263.6,2019-02-13 16:04:00,"Juniper Savanna","Addition","P1","Canopy","0-5",0.0119910637395766,2581.73123562152,23.2833333333333,847.808047870622,36.4126577467697,192.666666666667,8.02777777777778,0.330560251024204,7.93344602458089
"482","2/15/19 16:00","BCAddP1Can0-5",19,50.02,4.171439756,2.970732511,25,6326.6,2019-02-15 16:00:00,"Juniper Savanna","Addition","P1","Canopy","0-5",0.0119910637395766,3103.11969664928,47.9333333333333,521.388461027753,10.8773670589935,240.6,10.025,0.098746573526956,2.36991776464694
"483","2/18/19 10:55","BCAddP1Can0-5",19,50.02,4.171439756,2.970732511,25,6593,2019-02-18 10:55:00,"Juniper Savanna","Addition","P1","Canopy","0-5",0.0119910637395766,3233.78562893318,66.9166666666667,130.665932283907,1.95266648494008,307.516666666667,12.8131944444444,0.0177266358285974,0.425439259886337
"484","2/22/19 13:41","BCAddP1Can0-5",19,50.02,4.171439756,2.970732511,25,6693.6,2019-02-22 13:41:00,"Juniper Savanna","Addition","P1","Canopy","0-5",0.0119910637395766,3283.12869495331,49.4333333333333,249.903500370311,5.05536413426117,406.283333333333,16.9284722222222,0.0458934486150871,1.10144276676209
"485","3/1/19 15:07","BCAddP1Can0-5",19,50.02,4.171439756,2.970732511,25,12081.7,2019-03-01 15:07:00,"Juniper Savanna","Addition","P1","Canopy","0-5",0.0119910637395766,5925.92565343274,101,2910.84850500029,28.8202822277256,575.716666666667,23.9881944444444,0.261635384981766,6.27924923956237
"486","3/12/19 9:21","BCAddP1Can0-5",19,50.02,4.171439756,2.970732511,25,17950.7,2019-03-12 09:21:00,"Juniper Savanna","Addition","P1","Canopy","0-5",0.0119910637395766,8804.59816309585,141.616666666667,4518.52015007147,31.906697540813,833.95,34.7479166666667,0.289654383972566,6.9517052153416
"487","3/19/19 13:01","BCAddP1Can0-5",19,50.02,4.171439756,2.970732511,25,15564.5,2019-03-19 13:01:00,"Juniper Savanna","Addition","P1","Canopy","0-5",0.0119910637395766,7634.19633270598,94.45,442.616130979722,4.68624807813363,1005.61666666667,41.9006944444444,0.0425425507756838,1.02102121861641
"488","3/25/19 14:16","BCAddP1Can0-5",19,50.02,4.171439756,2.970732511,25,13532.3,2019-03-25 14:16:00,"Juniper Savanna","Addition","P1","Canopy","0-5",0.0119910637395766,6637.42716008077,96.8666666666667,1347.90934125152,13.9150998752738,1150.86666666667,47.9527777777778,0.126323624597423,3.03176699033814
"489","4/1/19 13:49","BCAddP1Can0-5",19,50.02,4.171439756,2.970732511,25,17650.5,2019-04-01 13:49:00,"Juniper Savanna","Addition","P1","Canopy","0-5",0.0119910637395766,8657.35374540955,167.55,2019.92658532878,12.0556644901748,1318.41666666667,54.9340277777778,0.109443356424299,2.62664055418319
"490","4/8/19 15:17","BCAddP1Can0-5",19,50.02,4.171439756,2.970732511,25,12674.4,2019-04-08 15:17:00,"Juniper Savanna","Addition","P1","Canopy","0-5",0.0119910637395766,6216.63773325508,119.083333333333,1455.57139882028,12.2231328102473,1487.88333333333,61.9951388888889,0.110963662091267,2.66312789019042
"491","4/14/19 16:31","BCAddP1Can0-5",19,50.02,4.171439756,2.970732511,25,12036.5,2019-04-14 16:31:00,"Juniper Savanna","Addition","P1","Canopy","0-5",0.0119910637395766,5903.75560786505,123.55,2930.81135576588,23.7216621267979,1633.11666666667,68.0465277777778,0.215349251402592,5.16838203366221
"492","8/5/19 15:38","BCAddP1IC0-5",96,50,4.171439756,3.074864638,25,6114.8,2019-08-05 15:38:00,"Juniper Savanna","Addition","P1","Intercanopy","0-5",0.0119862692318839,2999.23439463077,48.4666666666667,2594.09152651325,53.5232089376873,48.4666666666667,2.01944444444444,0.486087078930289,11.6660898943269
"493","8/8/19 13:05","BCAddP1IC0-5",96,50,4.171439756,3.074864638,25,7896.5,2019-08-08 13:05:00,"Juniper Savanna","Addition","P1","Intercanopy","0-5",0.0119862692318839,3873.13638993947,69.45,873.901995308699,12.583182077879,117.916666666667,4.91319444444444,0.114277942994882,2.74267063187716
"494","8/13/19 15:10","BCAddP1IC0-5",96,50,4.171439756,3.074864638,25,9896.9,2019-08-13 15:10:00,"Juniper Savanna","Addition","P1","Intercanopy","0-5",0.0119862692318839,4854.30805262989,95.85,2434.19252529495,25.3958531590501,240,10,0.230640059219861,5.53536142127666
"495","8/20/19 13:58","BCAddP1IC0-5",96,50,4.171439756,3.074864638,25,7943.3,2019-08-20 13:58:00,"Juniper Savanna","Addition","P1","Intercanopy","0-5",0.0119862692318839,3896.09121588123,119.9,2703.81363256396,22.5505724150455,406.8,16.95,0.20479978855896,4.91519492541505
"496","9/4/19 14:24","BCAddP1IC0-5",96,50,4.171439756,3.074864638,25,21337.4,2019-09-04 14:24:00,"Juniper Savanna","Addition","P1","Intercanopy","0-5",0.0119862692318839,10465.7329711511,263.9,6691.67510343888,25.3568590505452,767.233333333333,31.9680555555556,0.230285922525242,5.5268621406058
"497","9/14/19 14:13","BCAddP1IC0-5",96,50,4.171439756,3.074864638,25,22875,2019-09-14 14:13:00,"Juniper Savanna","Addition","P1","Intercanopy","0-5",0.0119862692318839,11219.9069106396,238.15,8255.79143774876,34.6663507778659,1007.05,41.9604166666667,0.314832864494422,7.55598874786614
"498","6/14/19 11:16","BCAddP6Can0-5",46,50,6.077403086,2.36697454,25,8633.8,2019-06-14 11:16:00,"Juniper Savanna","Addition","P6","Canopy","0-5",0.00822719824445753,4234.77299606906,23.1333333333333,3856.11646557666,166.69091349755,23.1333333333333,0.963888888888889,1.51385353820205,36.3324849168492
"499","6/17/19 14:40","BCAddP6Can0-5",46,50,6.077403086,2.36697454,25,12996.9,2019-06-17 14:40:00,"Juniper Savanna","Addition","P6","Canopy","0-5",0.00822719824445753,6374.82002740508,72.5,4566.24460657006,62.9826842285525,98.5333333333333,4.10555555555556,0.571996141626868,13.7279073990448
"500","6/20/19 10:00","BCAddP6Can0-5",46,50,6.077403086,2.36697454,25,6969.5,2019-06-20 10:00:00,"Juniper Savanna","Addition","P6","Canopy","0-5",0.00822719824445753,3418.4542607083,47.9333333333333,291.987347930218,6.09153020716728,165.866666666667,6.91111111111111,0.0553220590354518,1.32772941685084
"501","6/25/19 10:24","BCAddP6Can0-5",46,50,6.077403086,2.36697454,25,12584.8,2019-06-25 10:24:00,"Juniper Savanna","Addition","P6","Canopy","0-5",0.00822719824445753,6172.69003230674,120.4,2754.23577159844,22.8757123886914,286.266666666667,11.9277777777778,0.207752644771617,4.98606347451881
"502","7/1/19 11:42","BCAddP6Can0-5",46,50,6.077403086,2.36697454,25,8091.2,2019-07-01 11:42:00,"Juniper Savanna","Addition","P6","Canopy","0-5",0.00822719824445753,3968.63435171002,94.5,2456.26447331588,25.9922166488453,431.566666666667,17.9819444444444,0.236056113161483,5.6653467158756
"503","7/5/19 10:00","BCAddP6Can0-5",46,50,6.077403086,2.36697454,25,8808.3,2019-07-05 10:00:00,"Juniper Savanna","Addition","P6","Canopy","0-5",0.00822719824445753,4320.36310561689,92.7666666666667,2095.75598897402,22.5916922993965,525.866666666667,21.9111111111111,0.20517323112466,4.92415754699183
"504","7/9/19 16:33","BCAddP6Can0-5",46,50,6.077403086,2.36697454,25,11744.2,2019-07-09 16:33:00,"Juniper Savanna","Addition","P6","Canopy","0-5",0.00822719824445753,5760.38604327576,102.55,1440.02293765887,14.0421544384093,628.416666666667,26.1840277777778,0.127528038178745,3.06067291628989
"505","7/17/19 13:37","BCAddP6Can0-5",46,50,6.077403086,2.36697454,25,13075,2019-07-17 13:37:00,"Juniper Savanna","Addition","P6","Canopy","0-5",0.00822719824445753,6413.12711941474,168.366666666667,4415.46867720041,26.225313861812,817.483333333333,34.0618055555556,0.238173055430204,5.7161533303249
"506","7/24/19 13:45","BCAddP6Can0-5",46,50,6.077403086,2.36697454,25,13667.8,2019-07-24 13:45:00,"Juniper Savanna","Addition","P6","Canopy","0-5",0.00822719824445753,6703.88824801046,168.133333333333,290.76112859572,1.72934850473267,985.616666666667,41.0673611111111,0.0157055972502812,0.376934334006748
"507","8/1/19 10:50","BCAddP6Can0-5",46,50,6.077403086,2.36697454,25,12178.6,2019-08-01 10:50:00,"Juniper Savanna","Addition","P6","Canopy","0-5",0.00822719824445753,5973.45391483781,162.2,3495.65703000818,21.5515229963513,1174.7,48.9458333333333,0.195726621548263,4.69743891715831
"508","8/9/19 14:28","BCAddP6Can0-5",46,50,6.077403086,2.36697454,25,10927.5,2019-08-09 14:28:00,"Juniper Savanna","Addition","P6","Canopy","0-5",0.00822719824445753,5359.80471108257,95.8333333333333,237.886550892249,2.48229444409303,1370.33333333333,57.0972222222222,0.0225437016823641,0.541048840376739
"509","8/20/19 12:55","BCAddP6Can0-5",46,50,6.077403086,2.36697454,25,10396.4,2019-08-20 12:55:00,"Juniper Savanna","Addition","P6","Canopy","0-5",0.00822719824445753,5099.30667566221,119.066666666667,3764.19906426283,31.6142138655893,1632.78333333333,68.0326388888889,0.287113967484509,6.89073521962821
"510","9/4/19 13:20","BCAddP6Can0-5",46,50,6.077403086,2.36697454,25,21924,2019-09-04 13:20:00,"Juniper Savanna","Addition","P6","Canopy","0-5",0.00822719824445753,10753.4530757972,261.766666666667,9005.79623149997,34.4039076715904,1993.2,83.05,0.312449408691849,7.49878580860439
"511","9/14/19 11:42","BCAddP6Can0-5",46,50,6.077403086,2.36697454,25,18509.1,2019-09-14 11:42:00,"Juniper Savanna","Addition","P6","Canopy","0-5",0.00822719824445753,9078.4865136489,236.266666666667,8616.05467822372,36.4675000489153,2231.56666666667,92.9819444444444,0.331190541944239,7.94857300666174
"512","8/5/19 15:39","BCAddP6IC0-5",97,49.97,6.077403086,2.01974027,25,5070.4,2019-08-05 15:39:00,"Juniper Savanna","Addition","P6","Intercanopy","0-5",0.00822226192551086,2486.96900545166,48.4,2202.43707107518,45.5048981627104,48.4,2.01666666666667,0.413514492829801,9.92434782791523
"513","8/8/19 13:06","BCAddP6IC0-5",97,49.97,6.077403086,2.01974027,25,6590.4,2019-08-08 13:06:00,"Juniper Savanna","Addition","P6","Intercanopy","0-5",0.00822226192551086,3232.51036082531,69.45,745.541355373645,10.7349367224427,117.85,4.91041666666667,0.097551078973264,2.34122589535834
"514","8/13/19 15:11","BCAddP6IC0-5",97,49.97,6.077403086,2.01974027,25,6297.5,2019-08-13 15:11:00,"Juniper Savanna","Addition","P6","Intercanopy","0-5",0.00822226192551086,3088.84650359574,95.85,971.018566600792,10.1306058069984,239.933333333333,9.99722222222222,0.0920593714408622,2.20942491458069
"515","8/20/19 13:59","BCAddP6IC0-5",97,49.97,6.077403086,2.01974027,25,7796.7,2019-08-20 13:59:00,"Juniper Savanna","Addition","P6","Intercanopy","0-5",0.00822226192551086,3824.18571410638,119.9,2739.57018835787,22.8487922298404,406.733333333333,16.9472222222222,0.207632740917515,4.98318578202037
"516","8/24/19 14:30","BCAddP6IC0-5",97,49.97,6.077403086,2.01974027,25,9176.7,2019-08-24 14:30:00,"Juniper Savanna","Addition","P6","Intercanopy","0-5",0.00822226192551086,4501.05878674824,96.5166666666667,676.873072641862,7.01301750276493,503.25,20.96875,0.0637290597924861,1.52949743501967
"517","9/4/19 14:24","BCAddP6IC0-5",97,49.97,6.077403086,2.01974027,25,25465,2019-09-04 14:24:00,"Juniper Savanna","Addition","P6","Intercanopy","0-5",0.00822226192551086,12490.2701411775,263.9,7989.2113544293,30.2736315059845,767.15,31.9645833333333,0.275104129088503,6.60249909812407
"518","9/14/19 14:14","BCAddP6IC0-5",97,49.97,6.077403086,2.01974027,25,24318.9,2019-09-14 14:14:00,"Juniper Savanna","Addition","P6","Intercanopy","0-5",0.00822226192551086,11928.1221494711,238.083333333333,11497.2286753292,48.2907749751314,1006.98333333333,41.9576388888889,0.438830458444215,10.5319310026612
"519","6/14/19 11:17","BCAddP9Can0-5",47,50.02,4.486408758,3.363955776,25,12942.8,2019-06-14 11:17:00,"Juniper Savanna","Addition","P9","Canopy","0-5",0.0111492293052447,6348.28464100659,23.05,5991.11147325455,259.918068253994,23.05,0.960416666666667,2.35958008023702,56.6299219256886
"520","6/17/19 14:41","BCAddP9Can0-5",47,50.02,4.486408758,3.363955776,25,16809,2019-06-17 14:41:00,"Juniper Savanna","Addition","P9","Canopy","0-5",0.0111492293052447,8244.60831741816,72.5,5869.76480791282,80.9622732125906,98.45,4.10208333333333,0.734989177191229,17.6397402525895
"521","6/20/19 10:01","BCAddP9Can0-5",47,50.02,4.486408758,3.363955776,25,8145.6,2019-06-20 10:01:00,"Juniper Savanna","Addition","P9","Canopy","0-5",0.0111492293052447,3995.31688442866,47.9333333333333,1233.13521154269,25.7260475287069,165.783333333333,6.90763888888889,0.233545400286096,5.60508960686631
"522","6/25/19 10:25","BCAddP9Can0-5",47,50.02,4.486408758,3.363955776,25,9428.1,2019-06-25 10:25:00,"Juniper Savanna","Addition","P9","Canopy","0-5",0.0111492293052447,4624.36740302517,120.4,629.050518596513,5.22467208136638,286.183333333333,11.9243055555556,0.0474304547266626,1.1383309134399
"523","7/1/19 11:43","BCAddP9Can0-5",47,50.02,4.486408758,3.363955776,25,12811.3,2019-07-01 11:43:00,"Juniper Savanna","Addition","P9","Canopy","0-5",0.0111492293052447,6283.78550401209,94.5166666666667,4617.40247720523,48.8527858635715,431.483333333333,17.9784722222222,0.443493833122535,10.6438519949408
"524","7/5/19 10:01","BCAddP9Can0-5",47,50.02,4.486408758,3.363955776,25,9265.3,2019-07-05 10:01:00,"Juniper Savanna","Addition","P9","Canopy","0-5",0.0111492293052447,4544.51599996278,92.7666666666667,1507.95548878996,16.2553592036287,525.783333333333,21.9076388888889,0.147568893658052,3.54165344779325
"525","7/9/19 16:34","BCAddP9Can0-5",47,50.02,4.486408758,3.363955776,25,12594.5,2019-07-09 16:34:00,"Juniper Savanna","Addition","P9","Canopy","0-5",0.0111492293052447,6177.44776332459,102.55,1632.9317633618,15.9232741429722,628.333333333333,26.1805555555556,0.144554169443868,3.46930006665282
"526","7/17/19 13:38","BCAddP9Can0-5",47,50.02,4.486408758,3.363955776,25,20242.9,2019-07-17 13:38:00,"Juniper Savanna","Addition","P9","Canopy","0-5",0.0111492293052447,9928.89414650866,168.366666666667,7128.55252793316,42.3394527495535,817.4,34.0583333333333,0.384364696102454,9.2247527064589
"527","8/1/19 10:50","BCAddP9Can0-5",47,50.02,4.486408758,3.363955776,25,15682.8,2019-08-01 10:50:00,"Juniper Savanna","Addition","P9","Canopy","0-5",0.0111492293052447,7692.22103161434,162.2,4751.35467730559,29.29318543345,1174.6,48.9416666666667,0.265928480077475,6.3822835218594
"528","8/9/19 14:29","BCAddP9Can0-5",47,50.02,4.486408758,3.363955776,25,12702,2019-08-09 14:29:00,"Juniper Savanna","Addition","P9","Canopy","0-5",0.0111492293052447,6230.17519470792,95.8333333333333,155.484611614108,1.62244812119069,1370.25,57.09375,0.0147288578039081,0.353492587293793
"529","8/20/19 12:55","BCAddP9Can0-5",47,50.02,4.486408758,3.363955776,25,13144.6,2019-08-20 12:55:00,"Juniper Savanna","Addition","P9","Canopy","0-5",0.0111492293052447,6447.26506568711,119.05,4965.15828046834,41.7064954260255,1632.68333333333,68.0284722222222,0.378618602718991,9.08684646525578
"530","9/4/19 13:22","BCAddP9Can0-5",47,50.02,4.486408758,3.363955776,25,30375.2,2019-09-04 13:22:00,"Juniper Savanna","Addition","P9","Canopy","0-5",0.0111492293052447,14898.6630116747,261.8,12896.5411310828,49.2610432814469,1993.13333333333,83.0472222222222,0.447200062848305,10.7328015083593
"531","9/14/19 11:44","BCAddP9Can0-5",47,50.02,4.486408758,3.363955776,25,31202.5,2019-09-14 11:44:00,"Juniper Savanna","Addition","P9","Canopy","0-5",0.0111492293052447,15304.4435138462,236.283333333333,14886.6460621966,63.0033691000775,2231.5,92.9791666666667,0.571955215406921,13.7269251697661
"532","8/5/19 15:39","BCAddP9IC0-5",98,50,4.486408758,3.602372367,25,8455.2,2019-08-05 15:39:00,"Juniper Savanna","Addition","P9","Intercanopy","0-5",0.011144771396686,4147.17188681266,48.3166666666667,3812.31591094846,78.9027094366704,48.3166666666667,2.01319444444444,0.716578626561953,17.1978870374869
"533","8/8/19 13:06","BCAddP9IC0-5",98,50,4.486408758,3.602372367,25,8951.4,2019-08-08 13:06:00,"Juniper Savanna","Addition","P9","Intercanopy","0-5",0.011144771396686,4390.55190032345,69.45,243.38001351079,3.50439184320792,117.766666666667,4.90694444444444,0.0318261858416457,0.763828460199498
"534","8/13/19 15:11","BCAddP9IC0-5",98,50,4.486408758,3.602372367,25,8303.4,2019-08-13 15:11:00,"Juniper Savanna","Addition","P9","Intercanopy","0-5",0.011144771396686,4072.71584882205,95.85,1389.40460353087,14.4956140170148,239.85,9.99375,0.131646267379725,3.15951041711341
"535","8/20/19 14:00","BCAddP9IC0-5",98,50,4.486408758,3.602372367,25,9518.5,2019-08-20 14:00:00,"Juniper Savanna","Addition","P9","Intercanopy","0-5",0.011144771396686,4668.70749416055,119.916666666667,3442.63530598457,28.7085640526857,406.666666666667,16.9444444444444,0.260725437013681,6.25741048832835
"536","9/4/19 14:25","BCAddP9IC0-5",98,50,4.486408758,3.602372367,25,20320.9,2019-09-04 14:25:00,"Juniper Savanna","Addition","P9","Intercanopy","0-5",0.011144771396686,9967.15218974494,262.566666666667,8351.73083847974,31.8080392477329,767.083333333333,31.9618055555556,0.288874250840061,6.93298202016146
"537","9/14/19 14:15","BCAddP9IC0-5",98,50,4.486408758,3.602372367,25,17185.5,2019-09-14 14:15:00,"Juniper Savanna","Addition","P9","Intercanopy","0-5",0.011144771396686,8429.27694919327,238.1,8021.3383009931,33.6889470852293,1006.91666666667,41.9548611111111,0.305956279638636,7.34295071132725
"538","6/14/19 11:19","BCCtrlP2Can0-5",49,50,3.61524941,2.720803132,25,7247.4,2019-06-14 11:19:00,"Juniper Savanna","Ambient","P2","Canopy","0-5",0.0138303044491749,3554.76080193089,22.85,3202.78680415712,140.165724470771,22.85,0.952083333333333,1.27295707649865,30.5509698359676
"539","6/20/19 10:02","BCCtrlP2Can0-5",49,50,3.61524941,2.720803132,25,3037.6,2019-06-20 10:02:00,"Juniper Savanna","Ambient","P2","Canopy","0-5",0.0138303044491749,1489.90554018617,47.9166666666667,146.410588538838,3.05552532602792,165.566666666667,6.89861111111111,0.0277496699059203,0.665992077742088
"540","6/27/19 10:18","BCCtrlP2Can0-5",49,50,3.61524941,2.72080313,25,4966.5,2019-06-27 10:18:00,"Juniper Savanna","Ambient","P2","Canopy","0-5",0.0138303044491749,2436.00732991,47.85,1071.0290155223,22.3830515260668,333.833333333333,13.9097222222222,0.203278397349434,4.8786815363864
"541","6/27/19 13:13","BCCtrlP2Can0-5",49,50,3.61524941,2.72080313,25,5136.4,2019-06-27 13:13:00,"Juniper Savanna","Ambient","P2","Canopy","0-5",0.0138303044491749,2519.34119588236,2.91666666666667,83.3338659723568,28.5716111905223,336.75,14.03125,0.259481658510086,6.22755980424205
"542","7/1/19 13:16","BCCtrlP2Can0-5",49,50,3.61524941,2.720803132,25,2008.8,2019-07-01 13:16:00,"Juniper Savanna","Ambient","P2","Canopy","0-5",0.0138303044491749,985.291759654328,1.51666666666667,263.391913049768,173.664997615232,432.8,18.0333333333333,1.57719077534201,37.8525786082082
"543","7/5/19 10:04","BCCtrlP2Can0-5",49,50,3.61524941,2.720803132,25,2561,2019-07-05 10:04:00,"Juniper Savanna","Ambient","P2","Canopy","0-5",0.0138303044491749,1256.13908625783,92.8,270.847326603505,2.91861343322742,525.6,21.9,0.0265062634778848,0.636150323469235
"544","7/9/19 16:36","BCCtrlP2Can0-5",49,50,3.61524941,2.720803132,25,2663.7,2019-07-09 16:36:00,"Juniper Savanna","Ambient","P2","Canopy","0-5",0.0138303044491749,1306.51217651893,102.533333333333,50.3730902611007,0.491285015550397,628.133333333333,26.1722222222222,0.0044617522542256,0.107082054101414
"545","7/17/19 13:40","BCCtrlP2Can0-5",49,50,3.61524941,2.720803132,25,3188.6,2019-07-17 13:40:00,"Juniper Savanna","Ambient","P2","Canopy","0-5",0.0138303044491749,1563.96918798974,168.383333333333,641.312711941474,3.80864720543289,817.2,34.05,0.0345893721903004,0.830144932567209
"546","7/24/19 13:48","BCCtrlP2Can0-5",49,50,3.61524941,2.720803132,25,3834.9,2019-07-24 13:48:00,"Juniper Savanna","Ambient","P2","Canopy","0-5",0.0138303044491749,1880.97141034368,168.133333333333,317.002222353939,1.88542162383389,985.333333333333,41.0555555555556,0.0171230221033347,0.410952530480032
"547","8/1/19 10:54","BCCtrlP2Can0-5",49,50,3.61524941,2.720803132,25,3970.3,2019-08-01 10:54:00,"Juniper Savanna","Ambient","P2","Canopy","0-5",0.0138303044491749,1947.38344949999,162.233333333333,855.116315104219,5.27090393530441,1174.43333333333,48.9347222222222,0.0478692953596476,1.14886308863154
"548","8/5/19 14:40","BCCtrlP2Can0-5",49,50,3.61524941,2.720803132,25,4715.6,2019-08-05 14:40:00,"Juniper Savanna","Ambient","P2","Canopy","0-5",0.0138303044491749,2312.94395749997,99.7666666666667,365.560507999985,3.66415477447362,1274.2,53.0916666666667,0.0332771208308145,0.798650899939549
"549","8/13/19 14:14","BCCtrlP2Can0-5",49,50,3.61524941,2.720803132,25,4559.6,2019-08-13 14:14:00,"Juniper Savanna","Ambient","P2","Canopy","0-5",0.0138303044491749,2236.42787102742,95.7166666666667,1111.34710724053,11.6108003542455,1465.76666666667,61.0736111111111,0.105446966657187,2.53072719977248
"550","8/15/19 10:58","BCCtrlP2Can0-5",49,50,3.61524941,2.720803132,25,5256.9,2019-08-15 10:58:00,"Juniper Savanna","Ambient","P2","Canopy","0-5",0.0138303044491749,2578.44496780507,44.7333333333333,342.017096777659,7.64568770739923,1510.5,62.9375,0.0694366066210583,1.6664785589054
"551","8/20/19 12:57","BCCtrlP2Can0-5",49,50,3.61524941,2.720803132,25,3152.6,2019-08-20 12:57:00,"Juniper Savanna","Ambient","P2","Canopy","0-5",0.0138303044491749,1546.311629573,119.066666666667,521.143217160854,4.37690271971602,1632.48333333333,68.0201388888889,0.0397501551199169,0.954003722878006
"552","8/24/19 13:35","BCCtrlP2Can0-5",49,50,3.61524941,2.720803132,25,3640.2,2019-08-24 13:35:00,"Juniper Savanna","Ambient","P2","Canopy","0-5",0.0138303044491749,1785.47344857312,96.6333333333333,239.161819000124,2.47494121076362,1729.11666666667,72.0465277777778,0.022476921087913,0.539446106109913
"553","9/14/19 11:46","BCCtrlP2Can0-5",49,50,3.61524941,2.720803132,25,4555.2,2019-09-14 11:46:00,"Juniper Savanna","Ambient","P2","Canopy","0-5",0.0138303044491749,2234.2697249987,236.35,1099.23206021571,4.65086549699897,2231.3,92.9708333333333,0.0422382302706453,1.01371752649549
"554","8/5/19 15:41","BCCtrlP2IC0-5",100,50,3.61524941,2.474617388,25,6033.1,2019-08-05 15:41:00,"Juniper Savanna","Ambient","P2","Intercanopy","0-5",0.0138303044491749,2959.16154677943,48.15,2607.53089041932,54.1543279422497,48.15,2.00625,0.491818775505923,11.8036506121422
"555","8/8/19 13:08","BCCtrlP2IC0-5",100,50,3.61524941,2.474617388,25,6380.4,2019-08-08 13:08:00,"Juniper Savanna","Ambient","P2","Intercanopy","0-5",0.0138303044491749,3129.50793672763,69.45,170.346389948201,2.45279179191074,117.6,4.9,0.022275764495775,0.5346183478986
"556","8/13/19 15:12","BCCtrlP2IC0-5",100,50,3.61524941,2.474617388,25,8356.7,2019-08-13 15:12:00,"Juniper Savanna","Ambient","P2","Intercanopy","0-5",0.0138303044491749,4098.85884503351,95.85,2120.32942443732,22.1213294150999,239.666666666667,9.98611111111111,0.200901489482054,4.8216357475693
"557","8/20/19 14:01","BCCtrlP2IC0-5",100,50,3.61524941,2.474617388,25,9210.6,2019-08-20 14:01:00,"Juniper Savanna","Ambient","P2","Intercanopy","0-5",0.0138303044491749,4517.68632092401,122.116666666667,2101.3965979127,17.2081064384826,406.483333333333,16.9368055555556,0.156280581053011,3.75073394527227
"558","9/4/19 14:26","BCCtrlP2IC0-5",100,50,3.61524941,2.474617388,25,14949.3,2019-09-04 14:26:00,"Juniper Savanna","Ambient","P2","Intercanopy","0-5",0.0138303044491749,7332.44827887318,262.566666666667,6033.5877110015,22.9792600393608,766.9,31.9541666666667,0.208693043825467,5.0086330518112
"559","9/14/19 14:17","BCCtrlP2IC0-5",100,50,3.61524941,2.474617388,25,15482.6,2019-09-14 14:17:00,"Juniper Savanna","Ambient","P2","Intercanopy","0-5",0.0138303044491749,7594.02538730789,238.166666666667,5152.6226923261,21.6345249502846,1006.75,41.9479166666667,0.196480428693494,4.71553028864386
"560","6/14/19 11:20","BCCtrlP3Can0-5",50,50,4.127302522,3.103976423,25,3710.5,2019-06-14 11:20:00,"Juniper Savanna","Ambient","P3","Canopy","0-5",0.0121144499908795,1819.95473625915,22.75,1359.23960790227,59.746795951748,22.75,0.947916666666667,0.542608451474585,13.02260283539
"561","6/17/19 14:43","BCCtrlP3Can0-5",50,50,4.127302522,3.103976423,25,4331.5,2019-06-17 14:43:00,"Juniper Savanna","Ambient","P3","Canopy","0-5",0.0121144499908795,2124.54761894799,72.5,440.507033724388,6.07595908585363,98.1333333333333,4.08888888888889,0.0551806452259055,1.32433548542173
"562","6/25/19 10:28","BCCtrlP3Can0-5",50,50,4.127302522,3.103976423,25,4695.1,2019-06-25 10:28:00,"Juniper Savanna","Ambient","P3","Canopy","0-5",0.0121144499908795,2302.88895895711,120.416666666667,342.703779604978,2.84598294481642,285.883333333333,11.9118055555556,0.0258466479082338,0.620319549797611
"563","6/27/19 10:19","BCCtrlP3Can0-5",50,50,4.127302522,3.10397642,25,6367.3,2019-06-27 10:19:00,"Juniper Savanna","Ambient","P3","Canopy","0-5",0.0121144499908795,3123.08254741487,47.85,820.193588457769,17.1409318381979,333.733333333333,13.9055555555556,0.155670514768146,3.73609235443549
"564","7/1/19 13:17","BCCtrlP3Can0-5",50,50,4.127302522,3.103976423,25,2435.5,2019-07-01 13:17:00,"Juniper Savanna","Ambient","P3","Canopy","0-5",0.0121144499908795,1194.58287566613,1.51666666666667,28.3992397869304,18.7247734858882,432.7,18.0291666666667,0.170054647844139,4.08131154825934
"565","7/5/19 10:05","BCCtrlP3Can0-5",50,50,4.127302522,3.103976423,25,2641.9,2019-07-05 10:05:00,"Juniper Savanna","Ambient","P3","Canopy","0-5",0.0121144499908795,1295.81954392213,92.8,101.236668256,1.09091237344828,525.5,21.8958333333333,0.00990744799318258,0.237778751836382
"566","7/9/19 16:37","BCCtrlP3Can0-5",50,50,4.127302522,3.103976423,25,2854.4,2019-07-09 16:37:00,"Juniper Savanna","Ambient","P3","Canopy","0-5",0.0121144499908795,1400.0481873543,102.533333333333,104.228643432171,1.01653423373379,628.033333333333,26.1680555555556,0.0092319606039235,0.221567054494164
"567","7/10/19 13:17","BCCtrlP3Can0-5",50,50,4.127302522,3.103976423,25,2932.8,2019-07-10 13:17:00,"Juniper Savanna","Ambient","P3","Canopy","0-5",0.0121144499908795,1438.5024256841,20.6666666666667,38.4542383297985,1.86068895144186,648.7,27.0291666666667,0.0168984049192047,0.405561718060913
"568","7/17/19 13:41","BCCtrlP3Can0-5",50,50,4.127302522,3.103976423,25,3359.3,2019-07-17 13:41:00,"Juniper Savanna","Ambient","P3","Canopy","0-5",0.0121144499908795,1647.69544414914,168.4,209.193018465039,1.24223882698954,817.1,34.0458333333333,0.0112817645789536,0.270762349894888
"569","7/24/19 13:49","BCCtrlP3Can0-5",50,50,4.127302522,3.103976423,25,3363,2019-07-24 13:49:00,"Juniper Savanna","Ambient","P3","Canopy","0-5",0.0121144499908795,1649.51024876419,168.133333333333,1.81480461505384,0.0107938418817635,985.233333333333,41.0513888888889,9.80275132018002e-05,0.0023526603168432
"570","8/1/19 10:54","BCCtrlP3Can0-5",50,50,4.127302522,3.103976423,25,3609.7,2019-08-01 10:54:00,"Juniper Savanna","Ambient","P3","Canopy","0-5",0.0121144499908795,1770.51357269227,162.233333333333,181.872851692465,1.12105723254037,1174.31666666667,48.9298611111111,0.0101812175744851,0.244349221787642
"571","8/5/19 14:41","BCCtrlP3Can0-5",50,50,4.127302522,3.103976423,25,3936.5,2019-08-05 14:41:00,"Juniper Savanna","Ambient","P3","Canopy","0-5",0.0121144499908795,1930.8049640976,99.7833333333333,160.291391405334,1.60639443532989,1274.1,53.0875,0.014588952982779,0.350134871586695
"572","8/9/19 14:32","BCCtrlP3Can0-5",50,50,4.127302522,3.103976423,25,4047.2,2019-08-09 14:32:00,"Juniper Savanna","Ambient","P3","Canopy","0-5",0.0121144499908795,1985.10195622909,95.85,54.2969921314884,0.566478791147506,1369.95,57.08125,0.00514464708544342,0.123471530050642
"573","8/13/19 14:14","BCCtrlP3Can0-5",50,50,4.127302522,3.103976423,25,4247.5,2019-08-13 14:14:00,"Juniper Savanna","Ambient","P3","Canopy","0-5",0.0121144499908795,2083.34664930892,95.7,98.2446930798299,1.02659031431379,1465.65,61.06875,0.00932328791653499,0.22375890999684
"574","8/15/19 10:58","BCCtrlP3Can0-5",50,50,4.127302522,3.103976423,25,4563.4,2019-08-15 10:58:00,"Juniper Savanna","Ambient","P3","Canopy","0-5",0.0121144499908795,2238.29172441585,44.7333333333333,154.94507510693,3.46374981610127,1510.38333333333,62.9326388888889,0.0314570830798685,0.754969993916845
"575","8/20/19 12:57","BCCtrlP3Can0-5",50,50,4.127302522,3.103976423,25,4688.7,2019-08-20 12:57:00,"Juniper Savanna","Ambient","P3","Canopy","0-5",0.0121144499908795,2299.7498374608,121.983333333333,61.458113044946,0.503823853353841,1632.36666666667,68.0152777777778,0.00457562747138891,0.109815059313334
"576","8/24/19 13:35","BCCtrlP3Can0-5",50,50,4.127302522,3.103976423,25,4831.1,2019-08-24 13:35:00,"Juniper Savanna","Ambient","P3","Canopy","0-5",0.0121144499908795,2369.59529075369,96.6333333333333,69.8454532928995,0.722788409378056,1729,72.0416666666667,0.00656421977628963,0.157541274630951
"577","9/4/19 13:25","BCCtrlP3Can0-5",50,50,4.127302522,3.103976423,25,6941.2,2019-09-04 13:25:00,"Juniper Savanna","Ambient","P3","Canopy","0-5",0.0121144499908795,3404.57345784181,263.833333333333,1034.97816708811,3.92284839073194,1992.83333333333,83.0347222222222,0.0356265245149493,0.855036588358784
"578","9/14/19 11:47","BCCtrlP3Can0-5",50,50,4.127302522,3.103976423,25,14087.6,2019-09-14 11:47:00,"Juniper Savanna","Ambient","P3","Canopy","0-5",0.0121144499908795,6909.79499865905,236.366666666667,5553.59641470634,23.495683604737,2231.2,92.9666666666667,0.2133830993615,5.12119438467601
"579","8/5/19 15:42","BCCtrlP3IC0-5",101,50,4.127302522,2.693787365,25,5316.4,2019-08-05 15:42:00,"Juniper Savanna","Ambient","P3","Intercanopy","0-5",0.0121144499908795,2607.62898796608,47.8833333333333,2222.44897061416,46.4138316174207,47.8833333333333,1.99513888888889,0.421521135983091,10.1165072635942
"580","8/8/19 13:08","BCCtrlP3IC0-5",101,50,4.127302522,2.693787365,25,5880.7,2019-08-08 13:08:00,"Juniper Savanna","Ambient","P3","Intercanopy","0-5",0.0121144499908795,2884.41121614855,69.4333333333333,276.782228182466,3.98630189413057,117.316666666667,4.88819444444444,0.036202796542115,0.868867117010759
"581","8/13/19 15:13","BCCtrlP3IC0-5",101,50,4.127302522,2.693787365,25,7911.3,2019-08-13 15:13:00,"Juniper Savanna","Ambient","P3","Intercanopy","0-5",0.0121144499908795,3880.39560839968,95.8666666666667,1934.63076842123,20.1804322157986,239.4,9.975,0.18327464929744,4.39859158313856
"582","8/20/19 14:02","BCCtrlP3IC0-5",101,50,4.127302522,2.693787365,25,7796.1,2019-08-20 14:02:00,"Juniper Savanna","Ambient","P3","Intercanopy","0-5",0.0121144499908795,3823.8914214661,122.116666666667,1664.3229783249,13.6289584686085,406.216666666667,16.9256944444444,0.123775475020208,2.970611400485
"583","9/4/19 14:27","BCCtrlP3IC0-5",101,50,4.127302522,2.693787365,25,18966.1,2019-09-04 14:27:00,"Juniper Savanna","Ambient","P3","Intercanopy","0-5",0.0121144499908795,9302.63940799479,262.583333333333,8000.10018211963,30.4669000905857,766.633333333333,31.9430555555556,0.276694293242681,6.64066303782435
"584","9/14/19 14:19","BCCtrlP3IC0-5",101,50,4.127302522,2.693787365,25,16969.5,2019-09-14 14:19:00,"Juniper Savanna","Ambient","P3","Intercanopy","0-5",0.0121144499908795,8323.33159869281,238.133333333333,7899.79544055785,33.173833037057,1006.5,41.9375,0.301278116875944,7.23067480502267
"585","7/5/19 10:09","BCCtrlP4Can0-5",52,50.01,3.912825784,3.051334163,25,9090.7,2019-07-05 10:09:00,"Juniper Savanna","Ambient","P4","Canopy","0-5",0.0127810443808914,4458.87684164158,92.7833333333333,2114.93405936554,22.7943315182203,94.2166666666667,3.92569444444444,0.206972165549063,4.96733197317752
"586","7/9/19 16:40","BCCtrlP4Can0-5",52,50.01,3.912825784,3.051334163,25,9234.9,2019-07-09 16:40:00,"Juniper Savanna","Ambient","P4","Canopy","0-5",0.0127810443808914,4529.60517285531,102.516666666667,70.7283312137361,0.689920317480761,196.733333333333,8.19722222222222,0.00626446544620754,0.150347170708981
"587","7/17/19 13:45","BCCtrlP4Can0-5",52,50.01,3.912825784,3.051334163,25,13269.5,2019-07-17 13:45:00,"Juniper Savanna","Ambient","P4","Canopy","0-5",0.0127810443808914,6508.52698363854,168.416666666667,4438.66874700908,26.3552820208357,385.816666666667,16.0756944444444,0.239305539148996,5.7433329395759
"588","8/1/19 10:59","BCCtrlP4Can0-5",52,50.01,3.912825784,3.051334163,25,14323.5,2019-08-01 10:59:00,"Juniper Savanna","Ambient","P4","Canopy","0-5",0.0127810443808914,7025.50105506211,162.25,4754.10140861486,29.3010872641902,743.05,30.9604166666667,0.266053403635196,6.3852816872447
"589","8/20/19 13:07","BCCtrlP4Can0-5",52,50.01,3.912825784,3.051334163,25,9009,2019-08-20 13:07:00,"Juniper Savanna","Ambient","P4","Canopy","0-5",0.0127810443808914,4418.80399379024,119.2,3205.77877933329,26.894117276286,1201.18333333333,50.0493055555556,0.244198154648845,5.86075571157227
"590","9/4/19 13:30","BCCtrlP4Can0-5",52,50.01,3.912825784,3.051334163,25,17388.1,2019-09-04 13:30:00,"Juniper Savanna","Ambient","P4","Canopy","0-5",0.0127810443808914,8528.64976406084,261.9,6917.39755853293,26.4123618118859,1561.56666666667,65.0652777777778,0.239823822738638,5.75577174572731
"591","9/14/19 11:52","BCCtrlP4Can0-5",52,50.01,3.912825784,3.051334163,25,14389.6,2019-09-14 11:52:00,"Juniper Savanna","Ambient","P4","Canopy","0-5",0.0127810443808914,7057.92229426619,236.3,6601.18011655307,27.9355908444903,1799.93333333333,74.9972222222222,0.253654717987895,6.08771323170948
"592","6/14/19 11:21","BCCtrlP5Can0-5",51,49.98,4.886900975,2.926136488,25,6341.8,2019-06-14 11:21:00,"Juniper Savanna","Ambient","P5","Canopy","0-5",0.01022734044657,3110.57511020301,22.65,2734.32196960622,120.720616759657,22.65,0.94375,1.09679921697464,26.3231812073914
"593","6/17/19 14:44","BCCtrlP5Can0-5",51,49.98,4.886900975,2.926136488,25,8539.1,2019-06-17 14:44:00,"Juniper Savanna","Ambient","P5","Canopy","0-5",0.01022734044657,4188.32380767835,72.5,2505.80373442952,34.5628101300624,98.0333333333333,4.08472222222222,0.314018136293718,7.53643527104924
"594","6/20/19 10:03","BCCtrlP5Can0-5",51,49.98,4.886900975,2.926136488,25,7023,2019-06-20 10:03:00,"Juniper Savanna","Ambient","P5","Canopy","0-5",0.01022734044657,3444.69535446652,47.9166666666667,1391.31750569268,29.0361914231517,165.35,6.88958333333333,0.263806405829111,6.33135373989866
"595","6/25/19 10:29","BCCtrlP5Can0-5",51,49.98,4.886900975,2.926136488,25,9896,2019-06-25 10:29:00,"Juniper Savanna","Ambient","P5","Canopy","0-5",0.01022734044657,4853.86661366947,120.433333333333,1409.17125920295,11.7008407905033,285.783333333333,11.9076388888889,0.106307218778704,2.55137325068891
"596","7/1/19 11:47","BCCtrlP5Can0-5",51,49.98,4.886900975,2.926136488,25,6468.2,2019-07-01 11:47:00,"Juniper Savanna","Ambient","P5","Canopy","0-5",0.01022734044657,3172.57275975514,94.5166666666667,1872.38787500221,19.8101344560276,431.083333333333,17.9618055555556,0.17998367257178,4.31960814172272
"597","7/5/19 10:06","BCCtrlP5Can0-5",51,49.98,4.886900975,2.926136488,25,3700.3,2019-07-05 10:06:00,"Juniper Savanna","Ambient","P5","Canopy","0-5",0.01022734044657,1814.95176137441,92.8166666666667,452.131593015412,4.87123282113929,525.4,21.8916666666667,0.0442572651410792,1.0621743633859
"598","7/9/19 16:37","BCCtrlP5Can0-5",51,49.98,4.886900975,2.926136488,25,4313.5,2019-07-09 16:37:00,"Juniper Savanna","Ambient","P5","Canopy","0-5",0.01022734044657,2115.71883973962,102.516666666667,300.76707836521,2.93383591317064,627.916666666667,26.1631944444444,0.0266551730654593,0.639724153571022
"599","7/10/19 13:18","BCCtrlP5Can0-5",51,49.98,4.886900975,2.926136488,25,4343.8,2019-07-10 13:18:00,"Juniper Savanna","Ambient","P5","Canopy","0-5",0.01022734044657,2130.58061807371,20.6833333333333,14.8617783340933,0.71853883968219,648.6,27.025,0.00652823732915737,0.156677695899777
"600","7/17/19 13:41","BCCtrlP5Can0-5",51,49.98,4.886900975,2.926136488,25,7766.6,2019-07-17 13:41:00,"Juniper Savanna","Ambient","P5","Canopy","0-5",0.01022734044657,3809.42203331905,168.383333333333,1678.84141524534,9.97035384684947,816.983333333333,34.0409722222222,0.090584993563743,2.17403984552983
"601","7/24/19 13:50","BCCtrlP5Can0-5",51,49.98,4.886900975,2.926136488,25,8533.8,2019-07-24 13:50:00,"Juniper Savanna","Ambient","P5","Canopy","0-5",0.01022734044657,4185.72422268922,168.15,376.302189370171,2.23789586303997,985.133333333333,41.0472222222222,0.0203322555511769,0.487974133228245
"602","8/1/19 10:55","BCCtrlP5Can0-5",51,49.98,4.886900975,2.926136488,25,10539.9,2019-08-01 10:55:00,"Juniper Savanna","Ambient","P5","Canopy","0-5",0.01022734044657,5169.69166546229,162.25,3682.28761271849,22.6951470737657,1174.21666666667,48.9256944444444,0.206195264800446,4.9486863552107
"603","8/9/19 14:32","BCCtrlP5Can0-5",51,49.98,4.886900975,2.926136488,25,9281.3,2019-08-09 14:32:00,"Juniper Savanna","Ambient","P5","Canopy","0-5",0.01022734044657,4552.36380370356,95.85,1983.58144425431,20.6946420892469,1369.83333333333,57.0763888888889,0.188019808449502,4.51247540278805
"604","8/13/19 14:15","BCCtrlP5Can0-5",51,49.98,4.886900975,2.926136488,25,9573,2019-08-13 14:15:00,"Juniper Savanna","Ambient","P5","Canopy","0-5",0.01022734044657,4695.43907565257,95.7166666666667,143.075271949009,1.49477909053466,1465.55,61.0645833333333,0.0135807170312302,0.325937208749524
"605","8/20/19 12:58","BCCtrlP5Can0-5",51,49.98,4.886900975,2.926136488,25,6797.4,2019-08-20 12:58:00,"Juniper Savanna","Ambient","P5","Canopy","0-5",0.01022734044657,3334.04132172159,119.066666666667,2058.03748224492,17.2847492909708,1632.26666666667,68.0111111111111,0.157039451891495,3.76894684539588
"606","9/4/19 13:26","BCCtrlP5Can0-5",51,49.98,4.886900975,2.926136488,25,16426.7,2019-09-04 13:26:00,"Juniper Savanna","Ambient","P5","Canopy","0-5",0.01022734044657,8057.09485678701,261.85,6728.70692734067,25.696799416997,1992.73333333333,83.0305555555556,0.233466579577114,5.60319790985074
"607","9/14/19 11:47","BCCtrlP5Can0-5",51,49.98,4.886900975,2.926136488,25,4261.3,2019-09-14 11:47:00,"Juniper Savanna","Ambient","P5","Canopy","0-5",0.01022734044657,2090.11538003534,236.3,1685.16870701134,7.13147992810553,2231.08333333333,92.9618055555556,0.0647925914476479,1.55502219474355
"608","8/5/19 15:43","BCCtrlP5IC0-5",102,50,4.886900975,3.131220183,25,5485.1,2019-08-05 15:43:00,"Juniper Savanna","Ambient","P5","Intercanopy","0-5",0.0102314330197779,2690.37426865788,47.8166666666667,1914.52077133549,40.0387752806307,47.8166666666667,1.99236111111111,0.363624149343632,8.72697958424717
"609","8/8/19 13:09","BCCtrlP5IC0-5",102,50,4.886900975,3.131220183,25,5823.3,2019-08-08 13:09:00,"Juniper Savanna","Ambient","P5","Intercanopy","0-5",0.0102314330197779,2856.25722022852,69.4333333333333,165.882951570636,2.38909675809845,117.25,4.88541666666667,0.0216972989376985,0.520735174504764
"610","8/13/19 15:14","BCCtrlP5IC0-5",102,50,4.886900975,3.131220183,25,6002,2019-08-13 15:14:00,"Juniper Savanna","Ambient","P5","Intercanopy","0-5",0.0102314330197779,2943.9073782583,95.8666666666667,1151.37090631848,12.0101276736977,239.333333333333,9.97222222222222,0.109073577506987,2.6177658601677
"611","8/20/19 14:03","BCCtrlP5IC0-5",102,50,4.886900975,3.131220183,25,6109,2019-08-20 14:03:00,"Juniper Savanna","Ambient","P5","Intercanopy","0-5",0.0102314330197779,2996.38956577473,122.133333333333,1063.57360196856,8.70829914275568,406.15,16.9229166666667,0.0790870311546785,1.89808874771228
"612","9/4/19 14:29","BCCtrlP5IC0-5",102,50,4.886900975,3.131220183,25,9450.4,2019-09-04 14:29:00,"Juniper Savanna","Ambient","P5","Intercanopy","0-5",0.0102314330197779,4635.30527948888,263.933333333333,2195.570242802,8.31865462036627,766.583333333333,31.9409722222222,0.0755483575312424,1.81316058074982
"613","9/14/19 14:20","BCCtrlP5IC0-5",102,50,4.886900975,3.131220183,25,14077.9,2019-09-14 14:20:00,"Juniper Savanna","Ambient","P5","Intercanopy","0-5",0.0102314330197779,6905.03726764121,238.2,5218.59329252199,21.9084521096641,1006.43333333333,41.9347222222222,0.198968180369548,4.77523632886914
"614","2/6/19 17:55","BCCtrlP7Can0-5",20,49.99,6.311645241,2.19521197,25,19521.7,2019-02-06 17:55:00,"Juniper Savanna","Ambient","P7","Canopy","0-5",0.00792028038509967,9575.15439289322,25.2833333333333,6881.15051500523,272.161523335737,26.2833333333333,1.09513888888889,2.47221096482346,59.3330631557631
"615","2/9/19 13:43","BCCtrlP7Can0-5",20,49.99,6.311645241,2.19521197,25,5623.9,2019-02-09 13:43:00,"Juniper Savanna","Ambient","P7","Canopy","0-5",0.00792028038509967,2758.45396610911,21.0666666666667,881.455506409195,41.8412423928415,94.0833333333333,3.92013888888889,0.380069809125133,9.12167541900319
"616","2/11/19 16:38","BCCtrlP7Can0-5",20,49.99,6.311645241,2.19521197,25,3344.5,2019-02-11 16:38:00,"Juniper Savanna","Ambient","P7","Canopy","0-5",0.00792028038509967,1640.43622568892,24.95,178.194193688977,7.14205185126162,145,6.04166666666667,0.0648756616351148,1.55701587924275
"617","2/12/19 16:48","BCCtrlP7Can0-5",20,49.99,6.311645241,2.19521197,25,3625.8,2019-02-12 16:48:00,"Juniper Savanna","Ambient","P7","Canopy","0-5",0.00792028038509967,1778.41042520642,24.1666666666667,137.974199517504,5.70927722141397,169.166666666667,7.04861111111111,0.0518608860466467,1.24466126511952
"618","2/13/19 16:05","BCCtrlP7Can0-5",20,49.99,6.311645241,2.19521197,25,5144.9,2019-02-13 16:05:00,"Juniper Savanna","Ambient","P7","Canopy","0-5",0.00792028038509967,2523.51034161965,23.2833333333333,745.099916413226,32.0014280492438,192.45,8.01875,0.290688706999022,6.97652896797653
"619","2/15/19 16:01","BCCtrlP7Can0-5",20,49.99,6.311645241,2.19521197,25,5954.6,2019-02-15 16:01:00,"Juniper Savanna","Ambient","P7","Canopy","0-5",0.00792028038509967,2920.65825967625,47.9333333333333,397.147918056606,8.28542249074978,240.383333333333,10.0159722222222,0.0752616022969507,1.80627845512682
"620","2/18/19 11:04","BCCtrlP7Can0-5",20,49.99,6.311645241,2.19521197,25,6461.3,2019-02-18 11:04:00,"Juniper Savanna","Ambient","P7","Canopy","0-5",0.00792028038509967,3169.18839439193,67.05,248.530134715675,3.70663884736278,307.433333333333,12.8097222222222,0.0336696866213036,0.808072478911286
"621","2/20/19 12:16","BCCtrlP7Can0-5",20,49.99,6.311645241,2.19521197,25,6584,2019-02-20 12:16:00,"Juniper Savanna","Ambient","P7","Canopy","0-5",0.00792028038509967,3229.371239329,49.2,60.1828449370696,1.2232285556315,356.633333333333,14.8597222222222,0.011111339364407,0.266672144745768
"622","2/22/19 13:43","BCCtrlP7Can0-5",20,49.99,6.311645241,2.19521197,25,6872.3,2019-02-22 13:43:00,"Juniper Savanna","Ambient","P7","Canopy","0-5",0.00792028038509967,3370.77885298309,49.45,141.407613654093,2.85960796064901,406.083333333333,16.9201388888889,0.0259755826935609,0.623413984645461
"623","2/25/19 10:08","BCCtrlP7Can0-5",20,49.99,6.311645241,2.19521197,25,7277.9,2019-02-25 10:08:00,"Juniper Savanna","Ambient","P7","Canopy","0-5",0.00792028038509967,3569.72067781174,68.4166666666667,198.941824828651,2.9077976832446,474.5,19.7708333333333,0.0264133196636235,0.633919671926964
"624","3/1/19 15:09","BCCtrlP7Can0-5",20,49.99,6.311645241,2.19521197,25,10521.4,2019-03-01 15:09:00,"Juniper Savanna","Ambient","P7","Canopy","0-5",0.00792028038509967,5160.61764238702,101.016666666667,1590.89696457527,15.7488562736374,575.516666666667,23.9798611111111,0.143056574220765,3.43335778129835
"625","3/4/19 16:38","BCCtrlP7Can0-5",20,49.99,6.311645241,2.19521197,25,11592.3,2019-03-04 16:38:00,"Juniper Savanna","Ambient","P7","Canopy","0-5",0.00792028038509967,5685.88095651178,73.4833333333333,525.263314124761,7.14806052335805,649,27.0416666666667,0.064930242109455,1.55832581062692
"626","3/12/19 9:22","BCCtrlP7Can0-5",20,49.99,6.311645241,2.19521197,25,18787.1,2019-03-12 09:22:00,"Juniper Savanna","Ambient","P7","Canopy","0-5",0.00792028038509967,9214.84210364487,141.633333333333,4829.48937329968,34.0985364083291,833.733333333333,34.7388888888889,0.309738035560276,7.43371285344662
"627","3/19/19 13:04","BCCtrlP7Can0-5",20,49.99,6.311645241,2.19521197,25,16485.5,2019-03-19 13:04:00,"Juniper Savanna","Ambient","P7","Canopy","0-5",0.00792028038509967,8085.93553553436,94.4666666666667,1521.39485269603,16.1050972409601,1005.43333333333,41.8930555555556,0.146292530629077,3.51102073509786
"628","4/1/19 13:50","BCCtrlP7Can0-5",20,49.99,6.311645241,2.19521197,25,20991.6,2019-04-01 13:50:00,"Juniper Savanna","Ambient","P7","Canopy","0-5",0.00792028038509967,10296.1223128036,167.55,6061.05502409421,36.1746047394462,1318.2,54.925,0.328596244571617,7.88630986971881
"629","4/8/19 15:18","BCCtrlP7Can0-5",20,49.99,6.311645241,2.19521197,25,16967.2,2019-04-08 15:18:00,"Juniper Savanna","Ambient","P7","Canopy","0-5",0.00792028038509967,8322.20347690507,119.066666666667,2036.70126582469,17.1055537443283,1487.66666666667,61.9861111111111,0.155380294054051,3.72912705729723
"630","4/14/19 16:32","BCCtrlP7Can0-5",20,49.99,6.311645241,2.19521197,25,12169,2019-04-14 16:32:00,"Juniper Savanna","Ambient","P7","Canopy","0-5",0.00792028038509967,5968.74523259335,123.55,2381.66128900514,19.276902379645,1632.9,68.0375,0.175103992830026,4.20249582792062
"631","8/5/19 15:44","BCCtrlP7IC0-5",103,50,6.311645241,2.972987529,25,9385.7,2019-08-05 15:44:00,"Juniper Savanna","Ambient","P7","Intercanopy","0-5",0.00792186475805128,4603.57072311212,47.75,3110.72225652315,65.1460158434168,47.75,1.98958333333333,0.591643086686743,14.1994340804818
"632","8/8/19 13:10","BCCtrlP7IC0-5",103,50,6.311645241,2.972987529,25,9756.9,2019-08-08 13:10:00,"Juniper Savanna","Ambient","P7","Intercanopy","0-5",0.00792186475805128,4785.6397698981,69.4333333333333,182.069046785984,2.62221382793064,117.183333333333,4.88263888888889,0.0238144215425005,0.571546117020011
"633","8/13/19 15:15","BCCtrlP7IC0-5",103,50,6.311645241,2.972987529,25,8674.7,2019-08-13 15:15:00,"Juniper Savanna","Ambient","P7","Intercanopy","0-5",0.00792186475805128,4254.83394438142,95.8833333333333,1357.96433979439,14.1626734551822,239.266666666667,9.96944444444444,0.128622567785274,3.08694162684658
"634","8/20/19 14:04","BCCtrlP7IC0-5",103,50,6.311645241,2.972987529,25,10481.6,2019-08-20 14:04:00,"Juniper Savanna","Ambient","P7","Intercanopy","0-5",0.00792186475805128,5141.09623058184,119.966666666667,3887.01719280596,32.4008101650955,406.083333333333,16.9201388888889,0.294257677757365,7.06218426617675
"635","8/24/19 14:34","BCCtrlP7IC0-5",103,50,6.311645241,2.972987529,25,10880.4,2019-08-24 14:34:00,"Juniper Savanna","Ambient","P7","Intercanopy","0-5",0.00792186475805128,5336.70273882066,96.5,195.606508238821,2.02701044807069,502.583333333333,20.9409722222222,0.0184089034872884,0.441813683694921
"636","9/4/19 14:30","BCCtrlP7IC0-5",103,50,6.311645241,2.972987529,25,24287,2019-09-04 14:30:00,"Juniper Savanna","Ambient","P7","Intercanopy","0-5",0.00792186475805128,11912.475590763,262.633333333333,10362.7795958268,39.4572138437369,766.516666666667,31.9381944444444,0.35834252468605,8.60022059246519
"637","9/14/19 14:22","BCCtrlP7IC0-5",103,50,6.311645241,2.972987529,25,20522.6,2019-09-14 14:22:00,"Juniper Savanna","Ambient","P7","Intercanopy","0-5",0.00792186475805128,10066.0835656521,238.1,9632.00192124045,40.45359899723,1006.38333333333,41.9326388888889,0.367391495373043,8.81739588895303
"638","6/14/19 11:29","BCExlP10Can0-5",54,50.03,5.421888651,3.478743104,25,8679.3,2019-06-14 11:29:00,"Juniper Savanna","Exclusion","P10","Canopy","0-5",0.00922741192605875,4257.09018795689,20.6166666666667,3647.80632503246,176.934825789772,20.6166666666667,0.859027777777778,1.60592314696937,38.5421555272648
"639","6/17/19 14:52","BCExlP10Can0-5",54,50.03,5.421888651,3.478743104,25,6882.4,2019-06-17 14:52:00,"Juniper Savanna","Exclusion","P10","Canopy","0-5",0.00922741192605875,3375.73277909446,72.5166666666667,1913.294552001,26.3842043484394,96,4,0.239472383621484,5.74733720691561
"640","6/20/19 10:11","BCExlP10Can0-5",54,50.03,5.421888651,3.478743104,25,6106.7,2019-06-20 10:11:00,"Juniper Savanna","Exclusion","P10","Canopy","0-5",0.00922741192605875,2995.261443987,47.95,719.496456708947,15.0051398687997,163.316666666667,6.80486111111111,0.136191964082016,3.26860713796839
"641","6/25/19 10:34","BCExlP10Can0-5",54,50.03,5.421888651,3.478743104,25,7035,2019-06-25 10:34:00,"Juniper Savanna","Exclusion","P10","Canopy","0-5",0.00922741192605875,3450.5812072721,120.383333333333,455.319763285102,3.78224917584191,283.7,11.8208333333333,0.0343290331452739,0.823896795486574
"642","7/1/19 12:00","BCExlP10Can0-5",54,50.03,5.421888651,3.478743104,25,7537.7,2019-07-01 12:00:00,"Juniper Savanna","Exclusion","P10","Canopy","0-5",0.00922741192605875,3697.14939105258,94.65,2211.70728924397,23.3672191150974,429.133333333333,17.8805555555556,0.212089157065253,5.09013976956607
"643","7/5/19 10:11","BCExlP10Can0-5",54,50.03,5.421888651,3.478743104,25,5127.8,2019-07-05 10:11:00,"Juniper Savanna","Exclusion","P10","Canopy","0-5",0.00922741192605875,2515.1230013717,92.8,547.77670110611,5.90276617571239,523.316666666667,21.8048611111111,0.0535755964966868,1.28581431592048
"644","7/9/19 16:41","BCExlP10Can0-5",54,50.03,5.421888651,3.478743104,25,7235,2019-07-09 16:41:00,"Juniper Savanna","Exclusion","P10","Canopy","0-5",0.00922741192605875,3548.67875403179,102.5,1033.55575266009,10.0834707576595,625.816666666667,26.0756944444444,0.0915211520356903,2.19650764885657
"645","7/17/19 13:46","BCExlP10Can0-5",54,50.03,5.421888651,3.478743104,25,8224.9,2019-07-17 13:46:00,"Juniper Savanna","Exclusion","P10","Canopy","0-5",0.00922741192605875,4034.21256171888,168.416666666667,2060.73516478081,12.2359336849924,814.9,33.9541666666667,0.111057667939601,2.66538403055041
"646","8/1/19 11:04","BCExlP10Can0-5",54,50.03,5.421888651,3.478743104,25,8475.6,2019-08-01 11:04:00,"Juniper Savanna","Exclusion","P10","Canopy","0-5",0.00922741192605875,4157.17783658215,162.316666666667,2287.0952539288,14.0903291134334,1172.2,48.8416666666667,0.127888817651788,3.06933162364292
"647","8/15/19 11:08","BCExlP10Can0-5",54,50.03,5.421888651,3.478743104,25,4308.2,2019-08-15 11:08:00,"Juniper Savanna","Exclusion","P10","Canopy","0-5",0.00922741192605875,2113.11925475048,44.75,174.270291818589,3.89430819706344,1508.26666666667,62.8444444444444,0.0353461205117837,0.848306892282809
"648","8/20/19 13:08","BCExlP10Can0-5",54,50.03,5.421888651,3.478743104,25,4850.5,2019-08-20 13:08:00,"Juniper Savanna","Exclusion","P10","Canopy","0-5",0.00922741192605875,2379.11075278938,122,265.9914980389,2.18025818064672,1630.26666666667,67.9277777777778,0.0197887954677167,0.474931091225202
"649","9/4/19 13:32","BCExlP10Can0-5",54,50.03,5.421888651,3.478743104,25,6498.9,2019-09-04 13:32:00,"Juniper Savanna","Exclusion","P10","Canopy","0-5",0.00922741192605875,3187.63073318275,263.8,1172.95236660561,4.44636985066571,1990.66666666667,82.9444444444444,0.0403568276132079,0.96856386271699
"650","9/14/19 11:54","BCExlP10Can0-5",54,50.03,5.421888651,3.478743104,25,7993,2019-09-14 11:54:00,"Juniper Savanna","Exclusion","P10","Canopy","0-5",0.00922741192605875,3920.46845625102,236.383333333333,2627.39564363816,11.1149783979616,2229.03333333333,92.8763888888889,0.100883480726172,2.42120353742813
"651","8/5/19 15:47","BCExlP10IC0-5",106,50,5.421888651,2.259327604,25,10194,2019-08-05 15:47:00,"Juniper Savanna","Exclusion","P10","Intercanopy","0-5",0.00922187879877949,5000.03195834141,47.4,4338.51115176743,91.5297711343341,47.4,1.975,0.831255075487795,19.9501218117071
"652","8/13/19 15:17","BCExlP10IC0-5",106,50,5.421888651,2.259327604,25,8802,2019-08-13 15:17:00,"Juniper Savanna","Exclusion","P10","Intercanopy","0-5",0.00922187879877949,4317.27303289396,95.8833333333333,1867.0415587038,19.4720134750962,238.9,9.95416666666667,0.176840931978128,4.24418236747508
"653","8/20/19 14:06","BCExlP10IC0-5",106,50,5.421888651,2.259327604,25,7208,2019-08-20 14:06:00,"Juniper Savanna","Exclusion","P10","Intercanopy","0-5",0.00922187879877949,3535.43558521923,120,2337.32119786976,19.4776766489146,405.716666666667,16.9048611111111,0.176892363790113,4.24541673096271
"654","8/24/19 14:36","BCExlP10IC0-5",106,50,5.421888651,2.259327604,25,7375.7,2019-08-24 14:36:00,"Juniper Savanna","Exclusion","P10","Intercanopy","0-5",0.00922187879877949,3617.69037817723,96.5,82.2547929580001,0.852381274176166,502.216666666667,20.9256944444444,0.00774115625581311,0.185787750139515
"655","9/4/19 14:32","BCExlP10IC0-5",106,50,5.421888651,2.259327604,25,8500,2019-09-04 14:32:00,"Juniper Savanna","Exclusion","P10","Intercanopy","0-5",0.00922187879877949,4169.14573728683,262.65,2626.61086326408,10.000422095047,766.15,31.9229166666667,0.0908218333827974,2.17972400118714
"656","9/14/19 14:25","BCExlP10IC0-5",106,50,5.421888651,2.259327604,25,8865.9,2019-09-14 14:25:00,"Juniper Savanna","Exclusion","P10","Intercanopy","0-5",0.00922187879877949,4348.61519908368,238.2,2591.98242925791,10.8815383260198,1006.03333333333,41.9180555555556,0.0988239547692464,2.37177491446191
"657","2/11/19 16:39","BCExlP12Can0-5",21,49.98,4.683814244,3.519802433,25,6404.1,2019-02-11 16:39:00,"Juniper Savanna","Exclusion","P12","Canopy","0-5",0.0106707903849997,3141.13249601866,24.9666666666667,838.684976021972,33.5921886257131,144.883333333333,6.03680555555556,0.305199618508405,7.32479084420172
"658","2/13/19 16:06","BCExlP12Can0-5",21,49.98,4.683814244,3.519802433,25,5234.2,2019-02-13 16:06:00,"Juniper Savanna","Exclusion","P12","Canopy","0-5",0.0106707903849997,2567.31089624785,23.2833333333333,789.047617361567,33.8889456275548,192.333333333333,8.01388888888889,0.307895784714213,7.3894988331411
"659","2/15/19 16:03","BCExlP12Can0-5",21,49.98,4.683814244,3.519802433,25,6325.7,2019-02-15 16:03:00,"Juniper Savanna","Exclusion","P12","Canopy","0-5",0.0106707903849997,3102.67825768886,47.95,535.367361441009,11.1651170269241,240.283333333333,10.0118055555556,0.101439935789435,2.43455845894643
"660","2/18/19 11:05","BCExlP12Can0-5",21,49.98,4.683814244,3.519802433,25,8484.6,2019-02-18 11:05:00,"Juniper Savanna","Exclusion","P12","Canopy","0-5",0.0106707903849997,4161.59222618633,67.0333333333333,1058.91396849748,15.7968269790772,307.316666666667,12.8048611111111,0.143521031671252,3.44450476011005
"661","2/22/19 13:44","BCExlP12Can0-5",21,49.98,4.683814244,3.519802433,25,8672.2,2019-02-22 13:44:00,"Juniper Savanna","Exclusion","P12","Canopy","0-5",0.0106707903849997,4253.60772504692,49.45,875.520604830235,17.7051689551109,405.966666666667,16.9152777777778,0.160859147075356,3.86061952980855
"662","3/1/19 15:10","BCExlP12Can0-5",21,49.98,4.683814244,3.519802433,25,7749.9,2019-03-01 15:10:00,"Juniper Savanna","Exclusion","P12","Canopy","0-5",0.0106707903849997,3801.23088816461,101.016666666667,1277.8676928651,12.6500679049507,575.4,23.975,0.114931359242878,2.75835262182908
"663","3/4/19 16:39","BCExlP12Can0-5",21,49.98,4.683814244,3.519802433,25,17338.7,2019-03-04 16:39:00,"Juniper Savanna","Exclusion","P12","Canopy","0-5",0.0106707903849997,8504.4196700112,73.4833333333333,4703.18878184659,64.0034762782479,648.883333333333,27.0368055555556,0.581499370612037,13.9559848946889
"664","3/15/19 14:37","BCExlP12Can0-5",21,49.98,4.683814244,3.519802433,25,14775.3,2019-03-15 14:37:00,"Juniper Savanna","Exclusion","P12","Canopy","0-5",0.0106707903849997,7247.10341319225,77.2333333333333,3484.81725109123,45.1206376921609,910.85,37.9520833333333,0.409940583626118,9.83857400702682
"665","3/25/19 14:18","BCExlP12Can0-5",21,49.98,4.683814244,3.519802433,25,13787.4,2019-03-25 14:18:00,"Juniper Savanna","Exclusion","P12","Canopy","0-5",0.0106707903849997,6762.55058097276,96.85,4365.58607467311,45.0757467699856,1150.53333333333,47.9388888888889,0.409532730107699,9.82878552258477
"666","4/1/19 13:51","BCExlP12Can0-5",21,49.98,4.683814244,3.519802433,25,21894.5,2019-04-01 13:51:00,"Juniper Savanna","Exclusion","P12","Canopy","0-5",0.0106707903849997,10738.9836876502,167.55,3976.43310667742,23.7328147220377,1318.08333333333,54.9201388888889,0.215622925912967,5.17495022191122
"667","4/8/19 15:18","BCExlP12Can0-5",21,49.98,4.683814244,3.519802433,25,16457.1,2019-04-08 15:18:00,"Juniper Savanna","Exclusion","P12","Canopy","0-5",0.0106707903849997,8072.00568389448,119.05,5036.57329450939,42.3063695464879,1487.53333333333,61.9805555555556,0.384371735641551,9.22492165539722
"668","4/14/19 16:33","BCExlP12Can0-5",21,49.98,4.683814244,3.519802433,25,5247.6,2019-04-14 16:33:00,"Juniper Savanna","Exclusion","P12","Canopy","0-5",0.0106707903849997,2573.88343188075,123.566666666667,842.216487705319,6.81588741061764,1632.78333333333,68.0326388888889,0.061925296404309,1.48620711370342
"669","8/5/19 15:47","BCExlP12IC0-5",107,50,4.683814244,2.178674507,25,11450.3,2019-08-05 15:47:00,"Juniper Savanna","Exclusion","P12","Intercanopy","0-5",0.0106750604091634,5616.2316983124,47.3333333333333,5151.44552176499,108.833356093626,47.3333333333333,1.97222222222222,0.988402773371097,23.7216665609063
"670","8/13/19 15:18","BCExlP12IC0-5",107,50,4.683814244,2.178674507,25,8907.6,2019-08-13 15:18:00,"Juniper Savanna","Exclusion","P12","Intercanopy","0-5",0.0106750604091634,4369.06853758308,95.9,1239.41345453531,12.9240193382201,238.85,9.95208333333333,0.117373358825847,2.81696061182033
"671","8/20/19 14:07","BCExlP12IC0-5",107,50,4.683814244,2.178674507,25,11547.6,2019-08-20 14:07:00,"Juniper Savanna","Exclusion","P12","Intercanopy","0-5",0.0106750604091634,5663.95615481099,120.016666666667,4398.89019179802,36.6523276639191,405.666666666667,16.9027777777778,0.332869109378181,7.98885862507633
"672","9/4/19 14:33","BCExlP12IC0-5",107,50,4.683814244,2.178674507,25,12693,2019-09-04 14:33:00,"Juniper Savanna","Exclusion","P12","Intercanopy","0-5",0.0106750604091634,6225.76080510373,262.65,4452.45145232881,16.9520329424284,766.1,31.9208333333333,0.153954972776546,3.69491934663711
"673","9/14/19 14:27","BCExlP12IC0-5",107,50,4.683814244,2.178674507,25,25211.5,2019-09-14 14:27:00,"Juniper Savanna","Exclusion","P12","Intercanopy","0-5",0.0106750604091634,12365.9315006596,238.216666666667,10191.9917669181,42.7845453029517,1006,41.9166666666667,0.388560683532347,9.32545640477632
"674","6/14/19 11:27","BCExlP4Can0-5",52,50.01,3.912825784,3.051334163,25,7061.9,2019-06-14 11:27:00,"Juniper Savanna","Exclusion","P4","Canopy","0-5",0.0127810443808914,3463.77532731128,20.8333333333333,2915.75338233827,139.956162352237,20.8333333333333,0.868055555555555,1.27079971530748,30.4991931673796
"675","6/17/19 14:51","BCExlP4Can0-5",52,50.01,3.912825784,3.051334163,25,10033.4,2019-06-17 14:51:00,"Juniper Savanna","Exclusion","P4","Canopy","0-5",0.0127810443808914,4921.25962829337,72.5166666666667,3220.59150889401,44.4117422508941,96.2333333333333,4.00972222222222,0.403257909192332,9.67818982061596
"676","6/20/19 10:10","BCExlP4Can0-5",52,50.01,3.912825784,3.051334163,25,7862,2019-06-20 10:10:00,"Juniper Savanna","Exclusion","P4","Canopy","0-5",0.0127810443808914,3856.21456312342,47.9666666666667,1473.08181091689,30.7105311518462,163.55,6.81458333333333,0.278851131588519,6.69242715812445
"677","6/25/19 10:33","BCExlP4Can0-5",52,50.01,3.912825784,3.051334163,25,12327,2019-06-25 10:33:00,"Juniper Savanna","Exclusion","P4","Canopy","0-5",0.0127810443808914,6046.2422945335,120.383333333333,2190.02773141008,18.1921173867652,283.933333333333,11.8305555555556,0.165184134856153,3.96441923654767
"678","8/5/19 15:45","BCExlP4IC0-5",104,50,3.912825784,2.242433818,25,5894.2,2019-08-05 15:45:00,"Juniper Savanna","Exclusion","P4","Intercanopy","0-5",0.0127784886831547,2891.03280055483,47.6666666666667,2265.85713505532,47.53546437179,47.6666666666667,1.98611111111111,0.431707580331722,10.3609819279613
"679","8/8/19 13:11","BCExlP4IC0-5",104,50,3.912825784,2.242433818,25,5967.4,2019-08-08 13:11:00,"Juniper Savanna","Exclusion","P4","Intercanopy","0-5",0.0127784886831547,2926.93650266887,69.4333333333333,35.9037021140466,0.517096045809601,117.1,4.87916666666667,0.00469616286883363,0.112707908852007
"680","8/13/19 15:16","BCExlP4IC0-5",104,50,3.912825784,2.242433818,25,6034.4,2019-08-13 15:16:00,"Juniper Savanna","Exclusion","P4","Intercanopy","0-5",0.0127784886831547,2959.79918083337,95.8833333333333,1090.89376874113,11.3773033416423,239.183333333333,9.96597222222222,0.103326393488127,2.47983344371504
"681","8/20/19 14:05","BCExlP4IC0-5",104,50,3.912825784,2.242433818,25,6926.2,2019-08-20 14:05:00,"Juniper Savanna","Exclusion","P4","Intercanopy","0-5",0.0127784886831547,3397.21614183483,122.15,1460.18198351799,11.9540072330576,406,16.9166666666667,0.108563902889183,2.60553366934038
"682","9/4/19 14:31","BCExlP4IC0-5",104,50,3.912825784,2.242433818,25,17041.3,2019-09-04 14:31:00,"Juniper Savanna","Exclusion","P4","Intercanopy","0-5",0.0127784886831547,8358.54861797954,262.633333333333,7061.30665962939,26.8865591812263,766.433333333333,31.9347222222222,0.244178353172061,5.86028047612946
"683","9/14/19 14:23","BCExlP4IC0-5",104,50,3.912825784,2.242433818,25,17363.9,2019-09-14 14:23:00,"Juniper Savanna","Exclusion","P4","Intercanopy","0-5",0.0127784886831547,8516.77996090292,238.166666666667,6097.79255535572,25.6030478181486,1006.3,41.9291666666667,0.232521759674862,5.58052223219668
"684","6/14/19 11:28","BCExlP8Can0-5",53,50.01,3.080074032,2.468175494,25,7075,2019-06-14 11:28:00,"Juniper Savanna","Exclusion","P8","Canopy","0-5",0.0162366227176451,3470.20071662404,20.7166666666667,2911.73138292112,140.550187429821,20.7166666666667,0.863194444444444,1.27619345350945,30.6286428842267
"685","6/17/19 14:51","BCExlP8Can0-5",53,50.01,3.080074032,2.468175494,25,3283.8,2019-06-17 14:51:00,"Juniper Savanna","Exclusion","P8","Canopy","0-5",0.0162366227176451,1610.66362024735,72.5,125.761054945923,1.73463524063342,96.1,4.00416666666667,0.0157504602363373,0.378011045672095
"686","6/20/19 10:10","BCExlP8Can0-5",53,50.01,3.080074032,2.468175494,25,2883,2019-06-20 10:10:00,"Juniper Savanna","Exclusion","P8","Canopy","0-5",0.0162366227176451,1414.07613654093,47.95,28.3501910135506,0.591244859510961,163.416666666667,6.80902777777778,0.00536849386633337,0.128843852792001
"687","6/27/19 10:27","BCExlP8Can0-5",53,50.01,3.080074032,2.46817549,25,3973.7,2019-06-27 10:27:00,"Juniper Savanna","Exclusion","P8","Canopy","0-5",0.0162366227176451,1949.0511077949,47.9,554.692578152667,11.5802208382603,331.7,13.8208333333333,0.105148219964919,2.52355727915806
"688","7/1/19 13:22","BCExlP8Can0-5",53,50.01,3.080074032,2.468175494,25,3687.1,2019-07-01 13:22:00,"Juniper Savanna","Exclusion","P8","Canopy","0-5",0.0162366227176451,1808.47732328827,1.38333333333333,58.0246989083564,41.9455654759203,430.616666666667,17.9423611111111,0.380865063526508,9.14076152463618
"689","7/5/19 10:10","BCExlP8Can0-5",53,50.01,3.080074032,2.468175494,25,4276.5,2019-07-05 10:10:00,"Juniper Savanna","Exclusion","P8","Canopy","0-5",0.0162366227176451,2097.57079358907,92.8,289.093470300807,3.11523136100008,523.416666666667,21.8090277777778,0.0282862509241457,0.678870022179496
"690","7/9/19 16:40","BCExlP8Can0-5",53,50.01,3.080074032,2.468175494,25,5262.5,2019-07-09 16:40:00,"Juniper Savanna","Exclusion","P8","Canopy","0-5",0.0162366227176451,2581.19169911435,102.5,483.620905525272,4.71825273683192,625.916666666667,26.0798611111111,0.0428416593734855,1.02819982496365
"691","7/17/19 13:46","BCExlP8Can0-5",53,50.01,3.080074032,2.468175494,25,12047,2019-07-17 13:46:00,"Juniper Savanna","Exclusion","P8","Canopy","0-5",0.0162366227176451,5908.90572906993,168.416666666667,4300.1550109844,25.5328352953057,815.016666666667,33.9590277777778,0.231837736037699,5.56410566490479
"692","8/1/19 11:02","BCExlP8Can0-5",53,50.01,3.080074032,2.468175494,25,6564.8,2019-08-01 11:02:00,"Juniper Savanna","Exclusion","P8","Canopy","0-5",0.0162366227176451,3219.95387484007,162.3,1691.49599877734,10.4220332641857,1172.28333333333,48.8451388888889,0.0946318953196176,2.27116548767082
"693","8/5/19 14:47","BCExlP8Can0-5",53,50.01,3.080074032,2.468175494,25,8858.7,2019-08-05 14:47:00,"Juniper Savanna","Exclusion","P8","Canopy","0-5",0.0162366227176451,4345.08368740033,99.75,1125.12981256027,11.2794968677721,1272.03333333333,53.0013888888889,0.102417651123508,2.45802362696419
"694","8/13/19 14:23","BCExlP8Can0-5",53,50.01,3.080074032,2.468175494,25,8513.1,2019-08-13 14:23:00,"Juniper Savanna","Exclusion","P8","Canopy","0-5",0.0162366227176451,4175.57112659959,95.75,71.1697701741559,0.743287416962464,1463.63333333333,60.9847222222222,0.00674903785579855,0.161976908539165
"695","8/20/19 13:07","BCExlP8Can0-5",53,50.01,3.080074032,2.468175494,25,7886.1,2019-08-20 13:07:00,"Juniper Savanna","Exclusion","P8","Canopy","0-5",0.0162366227176451,3868.03531750796,119.2,2756.24677130701,23.1228755982132,1630.36666666667,67.9319444444444,0.209955340539745,5.03892817295387
"696","9/4/19 13:31","BCExlP8Can0-5",53,50.01,3.080074032,2.468175494,25,18506.3,2019-09-04 13:31:00,"Juniper Savanna","Exclusion","P8","Canopy","0-5",0.0162366227176451,9077.11314799427,261.916666666667,7791.00526120135,29.7461225371989,1990.76666666667,82.9486111111111,0.270094316794974,6.48226360307938
"697","8/5/19 15:46","BCExlP8IC0-5",105,50,3.080074032,3.06715799,25,6692.8,2019-08-05 15:46:00,"Juniper Savanna","Exclusion","P8","Intercanopy","0-5",0.0162333760424366,3282.73630476627,47.5,2841.88592962822,59.8291774658573,47.5,1.97916666666667,0.543356623909423,13.0405589738262
"698","8/8/19 13:12","BCExlP8IC0-5",105,50,3.080074032,3.06715799,25,6705.4,2019-08-08 13:12:00,"Juniper Savanna","Exclusion","P8","Intercanopy","0-5",0.0162333760424366,3288.91645021213,69.4333333333333,6.18014544585958,0.0890083357540986,116.933333333333,4.87222222222222,0.000808355903651573,0.0194005416876377
"699","8/13/19 15:17","BCExlP8IC0-5",105,50,3.080074032,3.06715799,25,7876.9,2019-08-13 15:17:00,"Juniper Savanna","Exclusion","P8","Intercanopy","0-5",0.0162333760424366,3863.52283035702,95.9,1949.7868393956,20.3314581793076,239.016666666667,9.95902777777778,0.184646236892836,4.43150968542806
"700","8/20/19 14:06","BCExlP8IC0-5",105,50,3.080074032,3.06715799,25,9486.1,2019-08-20 14:06:00,"Juniper Savanna","Exclusion","P8","Intercanopy","0-5",0.0162333760424366,4652.81569158548,122.15,2413.83728434231,19.7612548861426,405.833333333333,16.9097222222222,0.17946776462497,4.30722635099927
"701","9/4/19 14:32","BCExlP8IC0-5",105,50,3.080074032,3.06715799,25,2551.3,2019-09-04 14:32:00,"Juniper Savanna","Exclusion","P8","Intercanopy","0-5",0.0162333760424366,1251.38135523999,263.95,521.143217160854,1.97440127736637,766.266666666667,31.9277777777778,0.0179311175207859,0.430346820498862
"702","6/12/19 16:23","BPAddP10Can0-5",28,50,8.016174296,0.748699901,25,1269.3,2019-06-12 16:23:00,"Desert Scrub","Addition","P10","Canopy","0-5",0.00623738932734404,622.576080510373,0.983333333333333,242.349989269814,246.457616206591,0.983333333333333,0.0409722222222222,2.23827877886502,53.7186906927604
"703","6/13/19 9:52","BPAddP10Can0-5",28,50,8.016174296,0.748699901,25,5051.3,2019-06-13 09:52:00,"Desert Scrub","Addition","P10","Canopy","0-5",0.00623738932734404,2477.60068973611,17.4833333333333,1855.02460922574,106.102456199756,18.4666666666667,0.769444444444444,0.963601286714947,23.1264308811587
"704","6/14/19 13:55","BPAddP10Can0-5",28,50,8.016174296,0.748699901,25,4650.8,2019-06-14 13:55:00,"Desert Scrub","Addition","P10","Canopy","0-5",0.00623738932734404,2281.16035234983,2.95,272.711179991938,92.4444677938775,46.5166666666667,1.93819444444444,0.839562167610436,20.1494920226505
"705","6/17/19 14:20","BPAddP10Can0-5",28,50,8.016174296,0.748699901,25,8472.6,2019-06-17 14:20:00,"Desert Scrub","Addition","P10","Canopy","0-5",0.00623738932734404,4155.70637338075,72.4166666666667,1874.54602103092,25.8855607046847,118.933333333333,4.95555555555556,0.235087485207806,5.64209964498734
"706","6/20/19 9:42","BPAddP10Can0-5",28,50,8.016174296,0.748699901,25,4755.8,2019-06-20 09:42:00,"Desert Scrub","Addition","P10","Canopy","0-5",0.00623738932734404,2332.66156439867,47.8333333333333,1167.11556257341,24.3996284858553,186.3,7.7625,0.221592545982841,5.31822110358818
"707","6/25/19 10:05","BPAddP10Can0-5",28,50,8.016174296,0.748699901,25,7917.8,2019-06-25 10:05:00,"Desert Scrub","Addition","P10","Canopy","0-5",0.00623738932734404,3883.58377866937,120.383333333333,1550.9222142707,12.8831971280966,306.683333333333,12.7784722222222,0.117002619677948,2.80806287227075
"708","7/1/19 11:14","BPAddP10Can0-5",28,50,8.016174296,0.748699901,25,4781.1,2019-07-01 11:14:00,"Desert Scrub","Addition","P10","Canopy","0-5",0.00623738932734404,2345.07090406377,94.2166666666667,1385.1864090202,14.7021377217782,451.833333333333,18.8263888888889,0.133521874361645,3.20452498467949
"709","7/1/19 12:56","BPAddP10Can0-5",28,50,8.016174296,0.748699901,25,5510.1,2019-07-01 12:56:00,"Desert Scrub","Addition","P10","Canopy","0-5",0.00623738932734404,2702.63646200284,1.7,357.56555793907,210.33268114063,453.533333333333,18.8972222222222,1.91019934358297,45.8447842459913
"710","7/9/19 16:10","BPAddP10Can0-5",28,50,8.016174296,0.748699901,25,7675.9,2019-07-09 16:10:00,"Desert Scrub","Addition","P10","Canopy","0-5",0.00623738932734404,3764.93479586353,102.45,1716.21658056078,16.7517479800954,648.766666666667,27.0319444444444,0.152136024805631,3.65126459533514
"711","7/17/19 13:15","BPAddP10Can0-5",28,50,8.016174296,0.748699901,25,9198.7,2019-07-17 13:15:00,"Desert Scrub","Addition","P10","Canopy","0-5",0.00623738932734404,4511.84951689181,168.216666666667,2944.49596353886,17.5041868435878,837.85,34.9104166666667,0.158969524076096,3.81526857782629
"712","8/1/19 10:28","BPAddP10Can0-5",28,50,8.016174296,0.748699901,25,6524.1,2019-08-01 10:28:00,"Desert Scrub","Addition","P10","Canopy","0-5",0.00623738932734404,3199.99102407447,161.983333333333,2004.57431926089,12.3751887185568,1195.06666666667,49.7944444444444,0.112388988904189,2.69733573370053
"713","8/5/19 14:21","BPAddP10Can0-5",28,50,8.016174296,0.748699901,25,6777.6,2019-08-05 14:21:00,"Desert Scrub","Addition","P10","Canopy","0-5",0.00623738932734404,3324.32966459238,99.8833333333333,124.338640517907,1.24483871701559,1294.95,53.95625,0.0113053762601922,0.271329030244612
"714","8/15/19 10:41","BPAddP10Can0-5",28,50,8.016174296,0.748699901,25,4132.3,2019-08-15 10:41:00,"Desert Scrub","Addition","P10","Canopy","0-5",0.00623738932734404,2026.84246237534,44.8,314.598832458326,7.02229536737336,1531.28333333333,63.8034722222222,0.0637750820674113,1.53060196961787
"715","8/20/19 12:36","BPAddP10Can0-5",28,50,8.016174296,0.748699901,25,6056.9,2019-08-20 12:36:00,"Desert Scrub","Addition","P10","Canopy","0-5",0.00623738932734404,2970.83515484383,121.916666666667,943.992692468497,7.74293390951604,1653.2,68.8833333333333,0.0703197771794428,1.68767465230663
"716","9/4/19 12:59","BPAddP10Can0-5",28,50,8.016174296,0.748699901,25,9338.5,2019-09-04 12:59:00,"Desert Scrub","Addition","P10","Canopy","0-5",0.00623738932734404,4580.41970207683,263.7,2783.41979175945,10.5552513908208,2013.58333333333,83.8993055555556,0.0958606820811564,2.30065636994775
"717","9/14/19 11:17","BPAddP10Can0-5",28,50,8.016174296,0.748699901,25,6735.4,2019-09-14 11:17:00,"Desert Scrub","Addition","P10","Canopy","0-5",0.00623738932734404,3303.63108222608,236.05,2004.91766067455,8.49361432185786,2251.88333333333,93.8284722222222,0.0771373065482487,1.85129535715797
"718","8/5/19 15:14","BPAddP10IC0-5",73,50,8.016174296,0.296690057,25,3593.1,2019-08-05 15:14:00,"Desert Scrub","Addition","P10","Intercanopy","0-5",0.00623738932734404,1762.37147631121,51.8666666666667,1342.56302495312,25.8848912266025,51.8666666666667,2.16111111111111,0.235081405141759,5.64195372340222
"719","8/8/19 12:36","BPAddP10IC0-5",73,50,8.016174296,0.296690057,25,5333,2019-08-08 12:36:00,"Desert Scrub","Addition","P10","Intercanopy","0-5",0.00623738932734404,2615.77108434714,69.3666666666667,853.399608035925,12.3027334171445,121.233333333333,5.05138888888889,0.111730964347823,2.68154314434775
"720","8/13/19 14:47","BPAddP10IC0-5",73,50,8.016174296,0.296690057,25,4533.7,2019-08-13 14:47:00,"Desert Scrub","Addition","P10","Intercanopy","0-5",0.00623738932734404,2223.72423872204,95.6666666666667,814.454881972327,8.51346566521596,243.416666666667,10.1423611111111,0.0773175924783583,1.8556222194806
"721","8/15/19 11:33","BPAddP10IC0-5",73,50,8.016174296,0.296690057,25,5464.2,2019-08-15 11:33:00,"Desert Scrub","Addition","P10","Intercanopy","0-5",0.00623738932734404,2680.12307502149,44.7666666666667,456.398836299458,10.1950596343885,288.183333333333,12.0076388888889,0.0925894925875894,2.22214782210215
"722","8/20/19 13:32","BPAddP10IC0-5",73,50,8.016174296,0.296690057,25,3822.2,2019-08-20 13:32:00,"Desert Scrub","Addition","P10","Intercanopy","0-5",0.00623738932734404,1874.74221612444,119.5,993.92434376918,8.3173585252651,410.166666666667,17.0902777777778,0.0755365866547526,1.81287807971406
"723","8/24/19 14:06","BPAddP10IC0-5",73,50,8.016174296,0.296690057,25,5050.6,2019-08-24 14:06:00,"Desert Scrub","Addition","P10","Intercanopy","0-5",0.00623738932734404,2477.25734832245,96.5666666666667,602.515132198017,6.23936968102883,506.733333333333,21.1138888888889,0.0566647075691676,1.35995298166002
"724","9/4/19 13:58","BPAddP10IC0-5",73,50,8.016174296,0.296690057,25,6298.3,2019-09-04 13:58:00,"Desert Scrub","Addition","P10","Intercanopy","0-5",0.00623738932734404,3089.23889378278,262.25,2258.20552640807,8.61088856590302,770.6,32.1083333333333,0.0782023677778181,1.87685682666763
"725","9/14/19 12:24","BPAddP10IC0-5",73,50,8.016174296,0.296690057,25,5411.1,2019-09-14 12:24:00,"Desert Scrub","Addition","P10","Intercanopy","0-5",0.00623738932734404,2654.0781763568,236.533333333333,1601.58959717208,6.77109468928444,1009.03333333333,42.0430555555556,0.0614937277491435,1.47584946597944
"726","6/12/19 16:53","BPAddP11Can0-5",29,50.06,7.456488414,0.480290587,25,1471,2019-06-12 16:53:00,"Desert Scrub","Addition","P11","Canopy","0-5",0.00671361601072287,721.507456417521,1.3,387.730553567675,298.254271975135,1.3,0.0541666666666667,2.70543912027944,64.9305388867067
"727","6/13/19 9:48","BPAddP11Can0-5",29,50.06,7.456488414,0.480290587,25,5383.7,2019-06-13 09:48:00,"Desert Scrub","Addition","P11","Canopy","0-5",0.00671361601072287,2640.63881245072,16.9166666666667,1919.1313560332,113.446188533982,18.2166666666667,0.759027777777778,1.02906072216133,24.6974573318718
"728","6/14/19 10:59","BPAddP11Can0-5",29,50.06,7.456488414,0.480290587,25,5631.4,2019-06-14 10:59:00,"Desert Scrub","Addition","P11","Canopy","0-5",0.00671361601072287,2762.13262411259,25.1833333333333,121.493811661876,4.82437372581903,43.4,1.80833333333333,0.0437614835229158,1.05027560454998
"729","6/17/19 14:20","BPAddP11Can0-5",29,50.06,7.456488414,0.480290587,25,8984.7,2019-06-17 14:20:00,"Desert Scrub","Addition","P11","Canopy","0-5",0.00671361601072287,4406.88514185894,72.3833333333333,3097.4790877106,42.7927113199714,118.75,4.94791666666667,0.388169042814339,9.31605702754414
"730","6/20/19 9:43","BPAddP11Can0-5",29,50.06,7.456488414,0.480290587,25,4747.9,2019-06-20 09:43:00,"Desert Scrub","Addition","P11","Canopy","0-5",0.00671361601072287,2328.78671130166,47.8333333333333,742.402233877335,15.5206041925575,186.133333333333,7.75555555555556,0.140786079860137,3.37886591664328
"731","6/25/19 10:06","BPAddP11Can0-5",29,50.06,7.456488414,0.480290587,25,9483.2,2019-06-25 10:06:00,"Desert Scrub","Addition","P11","Canopy","0-5",0.00671361601072287,4651.39327715747,120.383333333333,2322.6065658558,19.2934229477154,306.516666666667,12.7715277777778,0.175008997729286,4.20021594550287
"732","7/1/19 11:14","BPAddP11Can0-5",29,50.06,7.456488414,0.480290587,25,6903.1,2019-07-01 11:14:00,"Desert Scrub","Addition","P11","Canopy","0-5",0.00671361601072287,3385.88587518408,94.2166666666667,2359.29504834393,25.0411644968398,451.65,18.81875,0.227146272200759,5.45151053281822
"733","7/5/19 9:43","BPAddP11Can0-5",29,50.06,7.456488414,0.480290587,25,7667.6,2019-07-05 09:43:00,"Desert Scrub","Addition","P11","Canopy","0-5",0.00671361601072287,3760.863747673,92.7666666666667,1927.61679382791,20.7791964839516,546.133333333333,22.7555555555556,0.188486323040303,4.52367175296728
"734","7/9/19 16:11","BPAddP11Can0-5",29,50.06,7.456488414,0.480290587,25,7855.3,2019-07-09 16:11:00,"Desert Scrub","Addition","P11","Canopy","0-5",0.00671361601072287,3852.92829530697,102.466666666667,92.0645476339687,0.89848289818447,648.6,27.025,0.00815006191043919,0.195601485850541
"735","7/17/19 13:17","BPAddP11Can0-5",29,50.06,7.456488414,0.480290587,25,12274.3,2019-07-17 13:17:00,"Desert Scrub","Addition","P11","Canopy","0-5",0.00671361601072287,6020.39359096232,168.25,4504.14885947117,26.7705727160248,837.7,34.9041666666667,0.242833586988008,5.8280060877122
"736","8/1/19 10:29","BPAddP11Can0-5",29,50.06,7.456488414,0.480290587,25,11127.6,2019-08-01 10:29:00,"Desert Scrub","Addition","P11","Canopy","0-5",0.00671361601072287,5457.95130661564,162,3690.47875787292,22.7807330732896,1194.9,49.7875,0.206642091115663,4.95941018677591
"737","8/20/19 12:37","BPAddP11Can0-5",29,50.06,7.456488414,0.480290587,25,7563.1,2019-08-20 12:37:00,"Desert Scrub","Addition","P11","Canopy","0-5",0.00671361601072287,3709.60777949106,121.916666666667,1987.89773631174,16.3053812957901,1653.03333333333,68.8763888888889,0.14790472618069,3.54971342833655
"738","9/4/19 13:00","BPAddP11Can0-5",29,50.06,7.456488414,0.480290587,25,9921.9,2019-09-04 13:00:00,"Desert Scrub","Addition","P11","Canopy","0-5",0.00671361601072287,4866.57024597485,263.716666666667,2591.63908784425,9.82736176898535,2013.41666666667,83.8923611111111,0.0891431623187886,2.13943589565093
"739","9/14/19 11:18","BPAddP11Can0-5",29,50.06,7.456488414,0.480290587,25,8265.5,2019-09-14 11:18:00,"Desert Scrub","Addition","P11","Canopy","0-5",0.00671361601072287,4054.12636371109,236.066666666667,2654.17627390356,11.2433335522602,2251.71666666667,93.8215277777778,0.101987321868674,2.44769572484818
"740","8/5/19 15:14","BPAddP11IC0-5",74,50,7.456488414,0.329214343,25,4052.8,2019-08-05 15:14:00,"Desert Scrub","Addition","P11","Intercanopy","0-5",0.00670556932752984,1987.84868753836,51.75,1620.96386265712,31.3229731914419,51.75,2.15625,0.284468977930037,6.82725547032089
"741","8/8/19 12:36","BPAddP11IC0-5",74,50,7.456488414,0.329214343,25,6841.1,2019-08-08 12:36:00,"Desert Scrub","Addition","P11","Intercanopy","0-5",0.00670556932752984,3355.47563568858,69.3666666666667,1367.62694815022,19.7159098724203,121.116666666667,5.04652777777778,0.179055950279347,4.29734280670432
"742","8/13/19 14:48","BPAddP11IC0-5",74,50,7.456488414,0.329214343,25,7259.3,2019-08-13 14:48:00,"Desert Scrub","Addition","P11","Intercanopy","0-5",0.00670556932752984,3560.59760596309,95.6833333333333,1519.23670666732,15.8777569064691,243.316666666667,10.1381944444444,0.144198612673171,3.46076670415611
"743","8/20/19 13:33","BPAddP11IC0-5",74,50,7.456488414,0.329214343,25,8181,2019-08-20 13:33:00,"Desert Scrub","Addition","P11","Intercanopy","0-5",0.00670556932752984,4012.68015020512,122,2021.29995098341,16.56803238511,410.066666666667,17.0861111111111,0.150467556515092,3.6112213563622
"744","9/4/19 13:59","BPAddP11IC0-5",74,50,7.456488414,0.329214343,25,10815.5,2019-09-04 13:59:00,"Desert Scrub","Addition","P11","Intercanopy","0-5",0.00670556932752984,5304.87008489714,262.25,4361.51502648258,16.6311345147096,770.5,32.1041666666667,0.151040637435689,3.62497529845654
"745","9/14/19 12:25","BPAddP11IC0-5",74,50,7.456488414,0.329214343,25,9925,2019-09-14 12:25:00,"Desert Scrub","Addition","P11","Intercanopy","0-5",0.00670556932752984,4868.09075794962,236.533333333333,3504.87819940359,14.817692500297,1008.93333333333,42.0388888888889,0.134571319749197,3.22971167398074
"746","6/12/19 16:54","BPAddP12Can0-5",30,50,7.838763701,0.235865485,25,1403.8,2019-06-12 16:54:00,"Desert Scrub","Addition","P12","Canopy","0-5",0.0063785568626876,688.546680706265,1.15,209.830652518977,182.461436973024,1.15,0.0479166666666667,1.6570782783016,39.7698786792385
"747","6/13/19 9:52","BPAddP12Can0-5",30,50,7.838763701,0.235865485,25,2655.7,2019-06-13 09:52:00,"Desert Scrub","Addition","P12","Canopy","0-5",0.0063785568626876,1302.58827464855,16.9666666666667,614.04159394228,36.1910566174232,18.1166666666667,0.754861111111111,0.328679937988114,7.88831851171474
"748","6/14/19 11:00","BPAddP12Can0-5",30,50,7.838763701,0.235865485,25,6178.6,2019-06-14 11:00:00,"Desert Scrub","Addition","P12","Canopy","0-5",0.0063785568626876,3030.52751204711,25.1333333333333,1727.93923739856,68.7508980397306,43.25,1.80208333333333,0.624381905817225,14.9851657396134
"749","6/17/19 14:21","BPAddP12Can0-5",30,50,7.838763701,0.235865485,25,10600.6,2019-06-17 14:21:00,"Desert Scrub","Addition","P12","Canopy","0-5",0.0063785568626876,5199.46427090386,72.3833333333333,4008.41290692108,55.3775672151197,118.6,4.94166666666667,0.502927989934274,12.0702717584226
"750","6/20/19 9:43","BPAddP12Can0-5",30,50,7.838763701,0.235865485,25,7593.5,2019-06-20 09:43:00,"Desert Scrub","Addition","P12","Canopy","0-5",0.0063785568626876,3724.51860659853,47.8166666666667,1644.65442019959,34.3950035594197,185.966666666667,7.74861111111111,0.312368543325938,7.49684503982251
"751","6/25/19 10:06","BPAddP12Can0-5",30,50,7.838763701,0.235865485,25,11036.9,2019-06-25 10:06:00,"Desert Scrub","Addition","P12","Canopy","0-5",0.0063785568626876,5413.46406916012,120.383333333333,1688.94546256158,14.0297283336142,306.35,12.7645833333333,0.127415186780217,3.05796448272521
"752","7/1/19 11:15","BPAddP12Can0-5",30,50,7.838763701,0.235865485,25,2488.5,2019-07-01 11:15:00,"Desert Scrub","Addition","P12","Canopy","0-5",0.0063785568626876,1220.57872555744,94.2166666666667,90.6911819793336,0.962581093005486,451.5,18.8125,0.00874196897045723,0.209807255290973
"753","7/1/19 12:58","BPAddP12Can0-5",30,50,7.838763701,0.235865485,25,3377.1,2019-07-01 12:58:00,"Desert Scrub","Addition","P12","Canopy","0-5",0.0063785568626876,1656.42612581075,1.71666666666667,435.847400253303,253.891689467944,453.216666666667,18.8840277777778,2.30579354540997,55.3390450898393
"754","7/5/19 9:44","BPAddP12Can0-5",30,50,7.838763701,0.235865485,25,5688.6,2019-07-05 09:44:00,"Desert Scrub","Addition","P12","Canopy","0-5",0.0063785568626876,2790.18852248587,92.7666666666667,1133.76239667512,12.2216571686143,545.983333333333,22.7493055555556,0.110994646073921,2.66387150577411
"755","7/10/19 13:03","BPAddP12Can0-5",30,50,7.838763701,0.235865485,25,1750.1,2019-07-10 13:03:00,"Desert Scrub","Addition","P12","Canopy","0-5",0.0063785568626876,858.402582920668,20.85,276.831276955845,13.2772794703043,669.3,27.8875,0.12058159669341,2.89395832064184
"756","7/17/19 13:19","BPAddP12Can0-5",30,50,7.838763701,0.235865485,25,7445.4,2019-07-17 13:19:00,"Desert Scrub","Addition","P12","Canopy","0-5",0.0063785568626876,3651.87737322298,168.266666666667,2793.47479030232,16.6014745857903,837.566666666667,34.8986111111111,0.15077127189323,3.61851052543753
"757","8/1/19 10:30","BPAddP12Can0-5",30,50,7.838763701,0.235865485,25,6891.5,2019-08-01 10:30:00,"Desert Scrub","Addition","P12","Canopy","0-5",0.0063785568626876,3380.19621747202,162,2112.23637682965,13.0384961532694,1194.75,49.78125,0.118413014364762,2.8419123447543
"758","8/9/19 14:14","BPAddP12Can0-5",30,50,7.838763701,0.235865485,25,6915.6,2019-08-09 14:14:00,"Desert Scrub","Addition","P12","Canopy","0-5",0.0063785568626876,3392.01697185657,95.85,1086.96986687075,11.3403220330803,1390.48333333333,57.9368055555556,0.102990536640029,2.47177287936069
"759","8/15/19 10:42","BPAddP12Can0-5",30,50,7.838763701,0.235865485,25,5133.1,2019-08-15 10:42:00,"Desert Scrub","Addition","P12","Canopy","0-5",0.0063785568626876,2517.72258636083,44.7833333333333,445.117618422094,9.93935880361952,1530.95,63.7895833333333,0.0902672687827117,2.16641445078508
"760","8/20/19 12:38","BPAddP12Can0-5",30,50,7.838763701,0.235865485,25,4519.8,2019-08-20 12:38:00,"Desert Scrub","Addition","P12","Canopy","0-5",0.0063785568626876,2216.90645922224,118.816666666667,1398.67482169966,11.7717056111628,1652.88333333333,68.8701388888889,0.106908276019458,2.565798624467
"761","8/24/19 13:18","BPAddP12Can0-5",30,50,7.838763701,0.235865485,25,6630.7,2019-08-24 13:18:00,"Desert Scrub","Addition","P12","Canopy","0-5",0.0063785568626876,3252.27701649739,96.6666666666667,1035.37055727515,10.7107299028464,1749.55,72.8979166666667,0.0972727068316702,2.33454496396008
"762","9/4/19 13:02","BPAddP12Can0-5",30,50,7.838763701,0.235865485,25,9676.4,2019-09-04 13:02:00,"Desert Scrub","Addition","P12","Canopy","0-5",0.0063785568626876,4746.15550732733,261.516666666667,3590.90974791184,13.731093293908,2013.28333333333,83.8868055555556,0.124703043076614,2.99287303383872
"763","9/14/19 11:19","BPAddP12Can0-5",30,50,7.838763701,0.235865485,25,9083.9,2019-09-14 11:19:00,"Desert Scrub","Addition","P12","Canopy","0-5",0.0063785568626876,4455.54152505175,236.066666666667,2926.05362474804,12.3950308870998,2251.56666666667,93.8152777777778,0.112569191510463,2.70166059625112
"764","8/5/19 15:15","BPAddP12IC0-5",75,50,7.838763701,0.201195068,25,2495.4,2019-08-05 15:15:00,"Desert Scrub","Addition","P12","Intercanopy","0-5",0.0063785568626876,1223.96309092065,51.6166666666667,916.427281829025,17.7544839876466,51.6166666666667,2.15069444444444,0.161242672679009,3.86982414429621
"765","8/8/19 12:38","BPAddP12IC0-5",75,50,7.838763701,0.201195068,25,4590.8,2019-08-08 12:38:00,"Desert Scrub","Addition","P12","Intercanopy","0-5",0.0063785568626876,2251.73108832193,69.3833333333333,1027.76799740127,14.8128945097469,121,5.04166666666667,0.13452774535862,3.22866588860687
"766","8/13/19 14:48","BPAddP12IC0-5",75,50,7.838763701,0.201195068,25,4429,2019-08-13 14:48:00,"Desert Scrub","Addition","P12","Intercanopy","0-5",0.0063785568626876,2172.37017299334,95.6666666666667,775.068716948311,8.1017635917942,243.166666666667,10.1319444444444,0.0735785965879565,1.76588631811096
"767","8/15/19 11:33","BPAddP12IC0-5",75,50,7.838763701,0.201195068,25,5153.8,2019-08-15 11:33:00,"Desert Scrub","Addition","P12","Intercanopy","0-5",0.0063785568626876,2527.87568245045,44.75,355.505509457117,7.94425719457245,287.916666666667,11.9965277777778,0.0721481549896681,1.73155571975203
"768","8/20/19 13:33","BPAddP12IC0-5",75,50,7.838763701,0.201195068,25,4587.3,2019-08-20 13:33:00,"Desert Scrub","Addition","P12","Intercanopy","0-5",0.0063785568626876,2250.01438125363,119.516666666667,1272.86471798036,10.6501022282557,409.916666666667,17.0798611111111,0.0967220984165725,2.32133036199774
"769","8/24/19 14:07","BPAddP12IC0-5",75,50,7.838763701,0.201195068,25,6502.6,2019-08-24 14:07:00,"Desert Scrub","Addition","P12","Intercanopy","0-5",0.0063785568626876,3189.44553779781,96.5666666666667,939.431156544173,9.72831711989133,506.483333333333,21.1034722222222,0.0883506304194291,2.1204151300663
"770","9/4/19 14:00","BPAddP12IC0-5",75,50,7.838763701,0.201195068,25,8220.2,2019-09-04 14:00:00,"Desert Scrub","Addition","P12","Intercanopy","0-5",0.0063785568626876,4031.90726937002,262.25,3091.10274717122,11.7868550893087,770.366666666667,32.0986111111111,0.107045860550084,2.56910065320202
"771","9/14/19 12:25","BPAddP12IC0-5",75,50,7.838763701,0.201195068,25,5922.4,2019-09-14 12:25:00,"Desert Scrub","Addition","P12","Intercanopy","0-5",0.0063785568626876,2904.86455464794,236.533333333333,1616.79471691983,6.83537789002184,1008.78333333333,42.0326388888889,0.0620775349216003,1.48986083811841
"772","2/7/19 17:27","BPAddP9Can0-5",13,50,8.192851423,0.708275213,25,5928.5,2019-02-07 17:27:00,"Desert Scrub","Addition","P9","Canopy","0-5",0.00610288133135598,2907.85652982411,23.9,2907.85652982411,121.667637231135,50.9,2.12083333333333,1.10496114780572,26.5190675473372
"773","2/10/19 15:35","BPAddP9Can0-5",13,50,8.192851423,0.708275213,25,1802.6,2019-02-10 15:35:00,"Desert Scrub","Addition","P9","Canopy","0-5",0.00610288133135598,884.153188945087,25.9833333333333,107.71110634214,4.145392161981,121.033333333333,5.04305555555556,0.0376476225366791,0.903542940880298
"774","2/11/19 16:23","BPAddP9Can0-5",13,50,8.192851423,0.708275213,25,1811.5,2019-02-11 16:23:00,"Desert Scrub","Addition","P9","Canopy","0-5",0.00610288133135598,888.518529775893,24.8,4.3653408308063,0.176021807693803,145.833333333333,6.07638888888889,0.00159859485311358,0.0383662764747258
"775","2/12/19 16:42","BPAddP9Can0-5",13,50,8.192851423,0.708275213,25,1879.1,2019-02-12 16:42:00,"Desert Scrub","Addition","P9","Canopy","0-5",0.00610288133135598,921.675500580668,24.3166666666667,33.1569708047751,1.36354917634442,170.15,7.08958333333333,0.0123834809097248,0.297203541833394
"776","2/13/19 15:56","BPAddP9Can0-5",13,50,8.192851423,0.708275213,25,1924.4,2019-02-13 15:56:00,"Desert Scrub","Addition","P9","Canopy","0-5",0.00610288133135598,943.894594921739,23.2333333333333,22.2190943410701,0.956345524005887,193.383333333333,8.05763888888889,0.00868533877991666,0.208448130718
"777","2/15/19 15:53","BPAddP9Can0-5",13,50,8.192851423,0.708275213,25,1940.6,2019-02-15 15:53:00,"Desert Scrub","Addition","P9","Canopy","0-5",0.00610288133135598,951.840496209273,47.95,7.94590128753464,0.165712227060159,241.333333333333,10.0555555555556,0.00150496530371495,0.0361191672891589
"778","2/18/19 10:48","BPAddP9Can0-5",13,50,8.192851423,0.708275213,25,1976.3,2019-02-18 10:48:00,"Desert Scrub","Addition","P9","Canopy","0-5",0.00610288133135598,969.350908305878,66.9166666666667,17.5104120966047,0.261674900571925,308.25,12.84375,0.00237647911201411,0.0570354986883387
"779","2/20/19 10:29","BPAddP9Can0-5",13,50,8.192851423,0.708275213,25,2066.1,2019-02-20 10:29:00,"Desert Scrub","Addition","P9","Canopy","0-5",0.00610288133135598,1013.39670680098,47.6833333333333,44.0457984951008,0.923714753479919,355.933333333333,14.8305555555556,0.00838899264815393,0.201335823555694
"780","2/22/19 13:32","BPAddP9Can0-5",13,50,8.192851423,0.708275213,25,2079.7,2019-02-22 13:32:00,"Desert Scrub","Addition","P9","Canopy","0-5",0.00610288133135598,1020.06733998064,51.05,6.67063317965892,0.130668622520253,406.983333333333,16.9576388888889,0.00118670629600443,0.0284809511041064
"781","3/1/19 14:59","BPAddP9Can0-5",13,50,8.192851423,0.708275213,25,2491.4,2019-03-01 14:59:00,"Desert Scrub","Addition","P9","Canopy","0-5",0.00610288133135598,1222.00113998546,100.966666666667,294.685030466109,2.91863681544512,576.433333333333,24.0180555555556,0.0265064758305095,0.636155419932229
"782","3/4/19 16:28","BPAddP9Can0-5",13,50,8.192851423,0.708275213,25,2726.5,2019-03-04 16:28:00,"Desert Scrub","Addition","P9","Canopy","0-5",0.00610288133135598,1337.31480620148,73.4833333333333,115.313666216016,1.5692492567387,649.916666666667,27.0798611111111,0.0142516078998496,0.342038589596389
"783","3/6/19 11:38","BPAddP9Can0-5",13,50,8.192851423,0.708275213,25,2772.9,2019-03-06 11:38:00,"Desert Scrub","Addition","P9","Canopy","0-5",0.00610288133135598,1360.07343704972,43.1666666666667,22.7586308482482,0.527226969457488,693.083333333333,28.8784722222222,0.00478816989121901,0.114916077389256
"784","3/12/19 9:13","BPAddP9Can0-5",13,50,8.192851423,0.708275213,25,2807.4,2019-03-12 09:13:00,"Desert Scrub","Addition","P9","Canopy","0-5",0.00610288133135598,1376.99526386577,141.583333333333,16.9218268160464,0.119518494286378,834.666666666667,34.7777777777778,0.00108544306141003,0.0260506334738407
"785","3/15/19 14:27","BPAddP9Can0-5",13,50,8.192851423,0.708275213,25,2847.2,2019-03-15 14:27:00,"Desert Scrub","Addition","P9","Canopy","0-5",0.00610288133135598,1396.51667567095,77.2333333333333,19.5214118051781,0.252758892600493,911.9,37.9958333333333,0.00229550571081916,0.0550921370596599
"786","3/19/19 12:52","BPAddP9Can0-5",13,50,8.192851423,0.708275213,25,3238.8,2019-03-19 12:52:00,"Desert Scrub","Addition","P9","Canopy","0-5",0.00610288133135598,1588.59167222642,94.4166666666667,192.074996555474,2.03433359105533,1006.31666666667,41.9298611111111,0.0184754108072463,0.44340985937391
"787","3/21/19 13:20","BPAddP9Can0-5",13,50,8.192851423,0.708275213,25,3319.6,2019-03-21 13:20:00,"Desert Scrub","Addition","P9","Canopy","0-5",0.00610288133135598,1628.22308111734,48.4666666666667,39.6314088909144,0.817704447542937,1054.78333333333,43.9493055555556,0.00742622825169545,0.178229478040691
"788","4/3/19 16:07","BPAddP9Can0-5",13,50,8.192851423,0.708275213,25,2876.1,2019-04-03 16:07:00,"Desert Scrub","Addition","P9","Canopy","0-5",0.00610288133135598,1410.69177117772,50.4166666666667,46.4491883907131,0.921306216014143,1369.56666666667,57.0652777777778,0.00836711879259725,0.200810851022334
"789","4/9/19 12:54","BPAddP9Can0-5",13,50,8.192851423,0.708275213,25,2857.1,2019-04-09 12:54:00,"Desert Scrub","Addition","P9","Canopy","0-5",0.00610288133135598,1401.37250423555,21.7666666666667,50.6183341279998,2.32549773941806,1510.35,62.93125,0.0211197053698469,0.506872928876327
"790","4/14/19 16:26","BPAddP9Can0-5",13,50,8.192851423,0.708275213,25,2877.5,2019-04-14 16:26:00,"Desert Scrub","Addition","P9","Canopy","0-5",0.00610288133135598,1411.37845400504,123.533333333333,10.0059497694886,0.0809979743887363,1633.88333333333,68.0784722222222,0.000735607403803625,0.017654577691287
"791","8/5/19 15:13","BPAddP9IC0-5",72,50,8.192851423,0.83861768,25,4654.7,2019-08-05 15:13:00,"Desert Scrub","Addition","P9","Intercanopy","0-5",0.00610288133135598,2283.07325451165,51.9666666666667,1894.75411566341,36.4609515522145,51.9666666666667,2.16527777777778,0.331131069806902,7.94714567536564
"792","8/8/19 12:35","BPAddP9IC0-5",72,50,8.192851423,0.83861768,25,7236.1,2019-08-08 12:35:00,"Desert Scrub","Addition","P9","Intercanopy","0-5",0.00610288133135598,3549.21829053897,69.3666666666667,1266.14503602732,18.2529318024121,121.333333333333,5.05555555555556,0.165769476043146,3.97846742503551
"793","8/13/19 14:47","BPAddP9IC0-5",72,50,8.192851423,0.83861768,25,5964.3,2019-08-13 14:47:00,"Desert Scrub","Addition","P9","Intercanopy","0-5",0.00610288133135598,2925.4159906941,95.6666666666667,1310.43607838932,13.6979381016305,243.533333333333,10.1472222222222,0.124401934251388,2.98564642203332
"794","8/20/19 13:31","BPAddP9IC0-5",72,50,8.192851423,0.83861768,25,6553.3,2019-08-20 13:31:00,"Desert Scrub","Addition","P9","Intercanopy","0-5",0.00610288133135598,3214.31326590139,121.983333333333,1648.33307820307,13.5127728777407,410.266666666667,17.0944444444444,0.122720300721066,2.94528721730558
"795","9/4/19 13:56","BPAddP9IC0-5",72,50,8.192851423,0.83861768,25,9412.9,2019-09-04 13:56:00,"Desert Scrub","Addition","P9","Intercanopy","0-5",0.00610288133135598,4616.91198947143,263.85,2655.15724937115,10.0631315117345,770.683333333333,32.1118055555556,0.0913913477632705,2.19339234631849
"796","9/14/19 12:23","BPAddP9IC0-5",72,50,8.192851423,0.83861768,25,5759.7,2019-09-14 12:23:00,"Desert Scrub","Addition","P9","Intercanopy","0-5",0.00610288133135598,2825.06220035894,236.516666666667,1679.52809807265,7.10109829359166,1009.13333333333,42.0472222222222,0.0644907544827407,1.54777810758578
"797","6/13/19 9:53","BPCtrlP3Can0-5",31,50,8.97876347,0.384187018,25,3719,2019-06-13 09:53:00,"Desert Scrub","Ambient","P3","Canopy","0-5",0.00556869552996477,1824.12388199644,16.9833333333333,1125.57125152068,66.2750491572532,17.9666666666667,0.748611111111111,0.601896741436343,14.4455217944722
"798","6/14/19 11:01","BPCtrlP3Can0-5",31,50,8.97876347,0.384187018,25,4202.5,2019-06-14 11:01:00,"Desert Scrub","Ambient","P3","Canopy","0-5",0.00556869552996477,2061.27470128799,25.1333333333333,237.150819291551,9.43570899038,43.1,1.79583333333333,0.0856932219088331,2.05663732581199
"799","6/14/19 13:58","BPCtrlP3Can0-5",31,50,8.97876347,0.384187018,25,4237.8,2019-06-14 13:58:00,"Desert Scrub","Ambient","P3","Canopy","0-5",0.00556869552996477,2078.58891829107,2.95,17.3142170030856,5.86922610274087,46.05,1.91875,0.053303137619872,1.27927530287693
"800","6/20/19 9:44","BPCtrlP3Can0-5",31,50,8.97876347,0.384187018,25,3567.3,2019-06-20 09:44:00,"Desert Scrub","Ambient","P3","Canopy","0-5",0.00556869552996477,1749.71689277921,47.8333333333333,23.2981673554264,0.487069700810307,185.816666666667,7.74236111111111,0.00442346960881905,0.106163270611657
"801","6/25/19 10:07","BPCtrlP3Can0-5",31,50,8.97876347,0.384187018,25,5376,2019-06-25 10:07:00,"Desert Scrub","Ambient","P3","Canopy","0-5",0.00556869552996477,2636.86205690047,120.383333333333,887.145164121257,7.36933543503744,306.2,12.7583333333333,0.066926830553923,1.60624393329415
"802","6/27/19 10:00","BPCtrlP3Can0-5",31,50,8.97876347,0.38418702,25,7078.5,2019-06-27 10:00:00,"Desert Scrub","Ambient","P3","Canopy","0-5",0.00556869552996477,3471.91742369233,47.8833333333333,835.055366791862,17.4393741759526,354.083333333333,14.7534722222222,0.158380908391166,3.80114180138798
"803","7/1/19 11:15","BPCtrlP3Can0-5",31,50,8.97876347,0.384187018,25,8927.5,2019-07-01 11:15:00,"Desert Scrub","Ambient","P3","Canopy","0-5",0.00556869552996477,4378.82924348567,94.2166666666667,3148.0974218386,33.4133814453062,451.333333333333,18.8055555555556,0.303453647609981,7.28288754263956
"804","7/5/19 9:45","BPCtrlP3Can0-5",31,50,8.97876347,0.384187018,25,7921.5,2019-07-05 09:45:00,"Desert Scrub","Ambient","P3","Canopy","0-5",0.00556869552996477,3885.39858328443,92.7833333333333,1950.57161976968,21.0228663887517,545.833333333333,22.7430555555556,0.190925467969365,4.58221123126476
"805","7/17/19 13:20","BPCtrlP3Can0-5",31,50,8.97876347,0.384187018,25,10026.6,2019-07-17 13:20:00,"Desert Scrub","Ambient","P3","Canopy","0-5",0.00556869552996477,4917.92431170355,168.283333333333,3550.34641232671,21.0974333702686,837.416666666667,34.8923611111111,0.191602670382106,4.59846408917053
"806","8/1/19 10:31","BPCtrlP3Can0-5",31,50,8.97876347,0.384187018,25,8311.1,2019-08-01 10:31:00,"Desert Scrub","Ambient","P3","Canopy","0-5",0.00556869552996477,4076.4926043723,162.016666666667,2675.12010013675,16.5113883353775,1194.6,49.775,0.149953126584232,3.59887503802156
"807","8/13/19 13:55","BPCtrlP3Can0-5",31,50,8.97876347,0.384187018,25,6990.3,2019-08-13 13:55:00,"Desert Scrub","Ambient","P3","Canopy","0-5",0.00556869552996477,3428.65640557131,95.6833333333333,1049.10421382151,10.9643359744453,1486,61.9166666666667,0.0995759064527172,2.38982175486521
"808","8/20/19 12:38","BPCtrlP3Can0-5",31,50,8.97876347,0.384187018,25,6885.4,2019-08-20 12:38:00,"Desert Scrub","Ambient","P3","Canopy","0-5",0.00556869552996477,3377.20424229585,121.916666666667,1695.9594371549,13.9108087804913,1652.71666666667,68.8631944444444,0.126335183182666,3.03204439638399
"809","9/4/19 13:02","BPCtrlP3Can0-5",31,50,8.97876347,0.384187018,25,10642.2,2019-09-04 13:02:00,"Desert Scrub","Ambient","P3","Canopy","0-5",0.00556869552996477,5219.86856062987,261.516666666667,4264.98704047105,16.3086624452401,2013.11666666667,83.8798611111111,0.148112010595182,3.55468825428436
"810","9/14/19 11:20","BPCtrlP3Can0-5",31,50,8.97876347,0.384187018,25,9614.4,2019-09-14 11:20:00,"Desert Scrub","Ambient","P3","Canopy","0-5",0.00556869552996477,4715.74526783182,236.083333333333,3217.4523873977,13.6284605184512,2251.41666666667,93.8090277777778,0.12377095273647,2.97050286567529
"811","8/5/19 15:15","BPCtrlP3IC0-5",76,50,8.97876347,0.70714144,25,2780.5,2019-08-05 15:15:00,"Desert Scrub","Ambient","P3","Intercanopy","0-5",0.00556869552996477,1363.80114382659,51.5333333333333,1035.17436218163,20.0874714524249,51.5333333333333,2.14722222222222,0.182430398236632,4.37832955767918
"812","8/8/19 12:40","BPCtrlP3IC0-5",76,50,8.97876347,0.70714144,25,3436.1,2019-08-08 12:40:00,"Desert Scrub","Ambient","P3","Intercanopy","0-5",0.00556869552996477,1685.36490210486,69.4166666666667,321.563758278264,4.63237106763406,120.95,5.03958333333333,0.042070267562039,1.00968642148894
"813","8/13/19 14:49","BPCtrlP3IC0-5",76,50,8.97876347,0.70714144,25,4780.1,2019-08-13 14:49:00,"Desert Scrub","Ambient","P3","Intercanopy","0-5",0.00556869552996477,2344.58041632997,95.6833333333333,1083.14406254712,11.3200912302434,243.1,10.1291666666667,0.102806804534824,2.46736330883578
"814","8/15/19 11:34","BPCtrlP3IC0-5",76,50,8.97876347,0.70714144,25,6139.9,2019-08-15 11:34:00,"Desert Scrub","Ambient","P3","Intercanopy","0-5",0.00556869552996477,3011.54563674911,44.75,666.965220419132,14.9042507356231,287.85,11.99375,0.135357424330782,3.24857818393876
"815","8/20/19 13:34","BPCtrlP3IC0-5",76,50,8.97876347,0.70714144,25,5213.4,2019-08-20 13:34:00,"Desert Scrub","Ambient","P3","Intercanopy","0-5",0.00556869552996477,2557.10875138484,119.516666666667,1643.57534718523,13.7518506248938,409.85,17.0770833333333,0.124891557005161,2.99739736812386
"816","8/24/19 14:07","BPCtrlP3IC0-5",76,50,8.97876347,0.70714144,25,7549.7,2019-08-24 14:07:00,"Desert Scrub","Ambient","P3","Intercanopy","0-5",0.00556869552996477,3703.03524385816,96.55,1145.92649247332,11.868736328051,506.4,21.1,0.107789489584093,2.58694775001824
"817","9/4/19 14:00","BPCtrlP3IC0-5",76,50,8.97876347,0.70714144,25,10569.2,2019-09-04 14:00:00,"Desert Scrub","Ambient","P3","Intercanopy","0-5",0.00556869552996477,5184.06295606258,262.25,4235.60682521652,16.1510269789,770.283333333333,32.0951388888889,0.146680396816974,3.52032952360737
"818","9/14/19 12:26","BPCtrlP3IC0-5",76,50,8.97876347,0.70714144,25,9665.7,2019-09-14 12:26:00,"Desert Scrub","Ambient","P3","Intercanopy","0-5",0.00556869552996477,4740.90728857568,236.55,3450.92454868576,14.5885628775555,1008.71666666667,42.0298611111111,0.132490410341384,3.17976984819321
"819","6/12/19 16:55","BPCtrlP5Can0-5",32,50,7.690169048,0.341550557,25,1206,2019-06-12 16:55:00,"Desert Scrub","Ambient","P5","Canopy","0-5",0.0065018076570116,591.528206960931,0.666666666666667,220.425187569024,330.637781353536,0.666666666666667,0.0277777777777778,3.00278620269654,72.0668688647169
"820","6/13/19 9:54","BPCtrlP5Can0-5",32,50,7.690169048,0.341550557,25,5243.6,2019-06-13 09:54:00,"Desert Scrub","Ambient","P5","Canopy","0-5",0.0065018076570116,2571.92148094556,16.9833333333333,1980.39327398462,116.608043610478,17.65,0.735416666666667,1.05901093046164,25.4162623310794
"821","6/14/19 13:59","BPCtrlP5Can0-5",32,50,7.690169048,0.341550557,25,4109.9,2019-06-14 13:59:00,"Desert Scrub","Ambient","P5","Canopy","0-5",0.0065018076570116,2015.85553713825,2.96666666666667,85.0015242672714,28.6521991912151,45.7333333333333,1.90555555555556,0.260213542614777,6.24512502275465
"822","6/18/19 9:55","BPCtrlP5Can0-5",32,50,7.690169048,0.341550557,25,3896.6,2019-06-18 09:55:00,"Desert Scrub","Ambient","P5","Canopy","0-5",0.0065018076570116,1911.23450351904,19.5166666666667,4.07104819052688,0.208593417106416,137.666666666667,5.73611111111111,0.00189440369547705,0.0454656886914491
"823","6/20/19 9:45","BPCtrlP5Can0-5",32,50,7.690169048,0.341550557,25,6992.1,2019-06-20 09:45:00,"Desert Scrub","Ambient","P5","Canopy","0-5",0.0065018076570116,3429.53928349215,47.8333333333333,1518.3047799731,31.7415633443855,185.5,7.72916666666667,0.28827052998104,6.91849271954496
"824","6/27/19 10:01","BPCtrlP5Can0-5",32,50,7.690169048,0.34155056,25,1982.3,2019-06-27 10:01:00,"Desert Scrub","Ambient","P5","Canopy","0-5",0.0065018076570116,972.293834708669,47.8833333333333,156.514635855085,3.26866625524021,353.766666666667,14.7402777777778,0.0296853731968405,0.712448956724173
"825","7/1/19 11:19","BPCtrlP5Can0-5",32,50,7.690169048,0.341550557,25,5317,2019-07-01 11:19:00,"Desert Scrub","Ambient","P5","Canopy","0-5",0.0065018076570116,2607.92328060636,94.2666666666667,1919.71994131376,20.364780141235,451.066666666667,18.7944444444444,0.184948860286668,4.43877264688004
"826","7/5/19 9:46","BPCtrlP5Can0-5",32,50,7.690169048,0.341550557,25,4671.7,2019-07-05 09:46:00,"Desert Scrub","Ambient","P5","Canopy","0-5",0.0065018076570116,2291.41154598622,92.7833333333333,911.031916757242,9.81891773045347,545.516666666667,22.7298611111111,0.0891734470444324,2.14016272906638
"827","7/9/19 16:14","BPCtrlP5Can0-5",32,50,7.690169048,0.341550557,25,8207.2,2019-07-09 16:14:00,"Desert Scrub","Ambient","P5","Canopy","0-5",0.0065018076570116,4025.53092883064,102.466666666667,1734.11938284442,16.9237415371935,647.983333333333,26.9993055555556,0.153698035892484,3.68875286141961
"828","7/17/19 13:21","BPCtrlP5Can0-5",32,50,7.690169048,0.341550557,25,8082.2,2019-07-17 13:21:00,"Desert Scrub","Ambient","P5","Canopy","0-5",0.0065018076570116,3964.21996210584,168.283333333333,2821.77593254249,16.7680059376596,837.1,34.8791666666667,0.152283676324637,3.65480823179129
"829","8/1/19 10:31","BPCtrlP5Can0-5",32,50,7.690169048,0.341550557,25,2514.8,2019-08-01 10:31:00,"Desert Scrub","Ambient","P5","Canopy","0-5",0.0065018076570116,1233.47855295634,162,627.628104168497,3.87424755659566,1194.26666666667,49.7611111111111,0.0351851414594905,0.844443395027772
"830","8/5/19 14:25","BPCtrlP5Can0-5",32,50,7.690169048,0.341550557,25,5374.1,2019-08-05 14:25:00,"Desert Scrub","Ambient","P5","Canopy","0-5",0.0065018076570116,2635.93013020625,99.9,1402.45157724991,14.0385543268259,1294.16666666667,53.9236111111111,0.127495342685368,3.05988822444882
"831","8/13/19 13:56","BPCtrlP5Can0-5",32,50,7.690169048,0.341550557,25,6469.3,2019-08-13 13:56:00,"Desert Scrub","Ambient","P5","Canopy","0-5",0.0065018076570116,3173.11229626232,95.6833333333333,1013.74004821464,10.5947400963035,1485.68333333333,61.9034722222222,0.0962193106066089,2.30926345455861
"832","8/20/19 12:39","BPCtrlP5Can0-5",32,50,7.690169048,0.341550557,25,5862.5,2019-08-20 12:39:00,"Desert Scrub","Ambient","P5","Canopy","0-5",0.0065018076570116,2875.48433939342,121.916666666667,1337.46195252162,10.9702962612846,1652.4,68.85,0.0996300365857346,2.39112087805763
"833","9/4/19 13:03","BPCtrlP5Can0-5",32,50,7.690169048,0.341550557,25,11958.6,2019-09-04 13:03:00,"Desert Scrub","Ambient","P5","Canopy","0-5",0.0065018076570116,5865.54661340215,263.733333333333,4012.04251615119,15.2124969014833,2012.8,83.8666666666667,0.138156854359891,3.31576450463738
"834","9/14/19 11:21","BPCtrlP5Can0-5",32,50,7.690169048,0.341550557,25,8428.4,2019-09-14 11:21:00,"Desert Scrub","Ambient","P5","Canopy","0-5",0.0065018076570116,4134.02681554686,236.1,2710.14092432996,11.4787840928842,2251.1,93.7958333333333,0.104248021374756,2.50195251299414
"835","8/5/19 15:16","BPCtrlP5IC0-5",77,50,7.690169048,0.751109014,25,2236.7,2019-08-05 15:16:00,"Desert Scrub","Ambient","P5","Intercanopy","0-5",0.0065018076570116,1097.07391418699,51.45,729.011918744637,14.1693278667568,51.45,2.14375,0.128683001820312,3.08839204368748
"836","8/8/19 12:41","BPCtrlP5IC0-5",77,50,7.690169048,0.751109014,25,4657,2019-08-08 12:41:00,"Desert Scrub","Ambient","P5","Intercanopy","0-5",0.0065018076570116,2284.20137629938,69.4166666666667,1187.12746211239,17.1014760448364,120.866666666667,5.03611111111111,0.155312185143995,3.72749244345587
"837","8/13/19 14:49","BPCtrlP5IC0-5",77,50,7.690169048,0.751109014,25,5196.5,2019-08-13 14:49:00,"Desert Scrub","Ambient","P5","Intercanopy","0-5",0.0065018076570116,2548.81950868365,95.6666666666667,957.677300241475,10.0105641140224,243,10.125,0.0909139411707285,2.18193458809748
"838","8/20/19 13:35","BPCtrlP5IC0-5",77,50,7.690169048,0.751109014,25,5174.1,2019-08-20 13:35:00,"Desert Scrub","Ambient","P5","Intercanopy","0-5",0.0065018076570116,2537.83258344656,122,1110.56232686645,9.10296989234797,409.766666666667,17.0736111111111,0.0826713519683258,1.98411244723982
"839","9/4/19 14:01","BPCtrlP5IC0-5",77,50,7.690169048,0.751109014,25,9227.9,2019-09-04 14:01:00,"Desert Scrub","Ambient","P5","Intercanopy","0-5",0.0065018076570116,4526.17175871872,263.883333333333,2676.24822192449,10.1417857206764,770.2,32.0916666666667,0.0921056695580388,2.21053606939293
"840","9/14/19 12:28","BPCtrlP5IC0-5",77,50,7.690169048,0.751109014,25,6962.4,2019-09-14 12:28:00,"Desert Scrub","Ambient","P5","Intercanopy","0-5",0.0065018076570116,3414.97179779833,236.566666666667,2237.99743177557,9.46032449672638,1008.65,42.0270833333333,0.0859167750143696,2.06200260034487
"841","6/14/19 11:02","BPCtrlP6Can0-5",33,50.02,7.047090405,0.74836677,25,3769.2,2019-06-14 11:02:00,"Desert Scrub","Ambient","P6","Canopy","0-5",0.00709796485149533,1848.74636623312,24.9,1251.96994052054,50.2799172899817,24.9,1.0375,0.45644957301495,10.9547897523588
"842","6/14/19 14:00","BPCtrlP6Can0-5",33,50.02,7.047090405,0.74836677,25,4096.4,2019-06-14 14:00:00,"Desert Scrub","Ambient","P6","Canopy","0-5",0.00709796485149533,2009.23395273197,2.96666666666667,160.487586498853,54.0969392692764,27.8666666666667,1.16111111111111,0.491101142598675,11.7864274223682
"843","6/17/19 14:26","BPCtrlP6Can0-5",33,50.02,7.047090405,0.74836677,25,6703.9,2019-06-17 14:26:00,"Desert Scrub","Ambient","P6","Canopy","0-5",0.00709796485149533,3288.18071861143,72.4333333333333,1278.94676587946,17.6568812592654,100.3,4.17916666666667,0.160292147361452,3.84701153667485
"844","6/20/19 9:45","BPCtrlP6Can0-5",33,50.02,7.047090405,0.74836677,25,5655.8,2019-06-20 09:45:00,"Desert Scrub","Ambient","P6","Canopy","0-5",0.00709796485149533,2774.10052481728,47.8333333333333,1155.14766186873,24.1494284711233,167.616666666667,6.98402777777778,0.219232586454466,5.26158207490718
"845","6/25/19 10:09","BPCtrlP6Can0-5",33,50.02,7.047090405,0.74836677,25,7736.1,2019-06-25 10:09:00,"Desert Scrub","Ambient","P6","Canopy","0-5",0.00709796485149533,3794.46215743819,120.4,1020.36163262092,8.47476439053918,288.016666666667,12.0006944444444,0.0769353411055565,1.84644818653336
"846","6/27/19 13:03","BPCtrlP6Can0-5",33,50.02,7.04709041,0.74836677,25,4581.7,2019-06-27 13:03:00,"Desert Scrub","Ambient","P6","Canopy","0-5",0.00709796484645924,2247.26764994436,3.01666666666667,64.1557955808375,21.2671145571837,338.916666666667,14.1215277777778,0.19306645440367,4.63359490568807
"847","7/1/19 11:20","BPCtrlP6Can0-5",33,50.02,7.047090405,0.74836677,25,6631,2019-07-01 11:20:00,"Desert Scrub","Ambient","P6","Canopy","0-5",0.00709796485149533,3252.42416281753,94.2833333333333,1005.15651287316,10.6610201117889,433.2,18.05,0.0967825394354704,2.32278094645129
"848","7/5/19 9:47","BPCtrlP6Can0-5",33,50.02,7.047090405,0.74836677,25,4560.2,2019-07-05 09:47:00,"Desert Scrub","Ambient","P6","Canopy","0-5",0.00709796485149533,2236.72216366769,92.8,904.557478671102,9.74738662361102,527.65,21.9854166666667,0.0884884204701225,2.12372209128294
"849","7/9/19 16:15","BPCtrlP6Can0-5",33,50.02,7.047090405,0.74836677,25,6798.4,2019-07-09 16:15:00,"Desert Scrub","Ambient","P6","Canopy","0-5",0.00709796485149533,3334.53180945539,102.466666666667,1097.80964578769,10.7138221774986,630.116666666667,26.2548611111111,0.097261885497408,2.33428525193779
"850","7/17/19 13:22","BPCtrlP6Can0-5",33,50.02,7.047090405,0.74836677,25,7465.1,2019-07-17 13:22:00,"Desert Scrub","Ambient","P6","Canopy","0-5",0.00709796485149533,3661.53998157881,168.233333333333,2337.37024664314,13.8936214383384,819.233333333333,34.1347222222222,0.126128639722813,3.02708735334751
"851","8/1/19 10:32","BPCtrlP6Can0-5",33,50.02,7.047090405,0.74836677,25,6975,2019-08-01 10:32:00,"Desert Scrub","Ambient","P6","Canopy","0-5",0.00709796485149533,3421.15194324419,162.016666666667,2077.26460140982,12.8213019323721,1176.4,49.0166666666667,0.116393942312492,2.7934546154998
"852","8/13/19 13:57","BPCtrlP6Can0-5",33,50.02,7.047090405,0.74836677,25,5384.1,2019-08-13 13:57:00,"Desert Scrub","Ambient","P6","Canopy","0-5",0.00709796485149533,2640.83500754424,95.7,737.79164917963,7.70942162152173,1467.81666666667,61.1590277777778,0.069987430310212,1.67969832744509
"853","8/20/19 12:40","BPCtrlP6Can0-5",33,50.02,7.047090405,0.74836677,25,4612.2,2019-08-20 12:40:00,"Desert Scrub","Ambient","P6","Canopy","0-5",0.00709796485149533,2262.22752582521,121.916666666667,1008.73707332989,8.27398829798956,1634.53333333333,68.1055555555556,0.0751126618599376,1.8027038846385
"854","8/24/19 13:19","BPCtrlP6Can0-5",33,50.02,7.047090405,0.74836677,25,5991.8,2019-08-24 13:19:00,"Desert Scrub","Ambient","P6","Canopy","0-5",0.00709796485149533,2938.90440337356,96.65,676.676877548343,7.00131275269884,1731.18333333333,72.1326388888889,0.0635590985180531,1.52541836443327
"855","9/4/19 13:04","BPCtrlP6Can0-5",33,50.02,7.047090405,0.74836677,25,7254.8,2019-09-04 13:04:00,"Desert Scrub","Ambient","P6","Canopy","0-5",0.00709796485149533,3558.390411161,261.533333333333,2651.72383523456,10.13914288262,1994.93333333333,83.1222222222222,0.0920448498914222,2.20907639739413
"856","9/14/19 11:23","BPCtrlP6Can0-5",33,50.02,7.047090405,0.74836677,25,5979.3,2019-09-14 11:23:00,"Desert Scrub","Ambient","P6","Canopy","0-5",0.00709796485149533,2932.77330670108,236.116666666667,1833.73744157889,7.76623466469494,2233.25,93.0520833333333,0.0705031887023456,1.69207652885629
"857","8/5/19 15:16","BPCtrlP6IC0-5",78,50,7.047090405,0.785467732,25,5944.3,2019-08-05 15:16:00,"Desert Scrub","Ambient","P6","Intercanopy","0-5",0.00709512680077502,2915.60623601813,51.25,2551.17384980588,49.7790019474318,51.25,2.13541666666667,0.452082939886186,10.8499905572685
"858","8/9/19 15:09","BPCtrlP6IC0-5",78,50,7.047090405,0.785467732,25,3343.3,2019-08-09 15:09:00,"Desert Scrub","Ambient","P6","Intercanopy","0-5",0.00709512680077502,1639.84764040836,26.45,115.166519895876,4.35412173519382,147.133333333333,6.13055555555556,0.0395432627746832,0.949038306592397
"859","8/13/19 14:50","BPCtrlP6IC0-5",78,50,7.047090405,0.785467732,25,3716.5,2019-08-13 14:50:00,"Desert Scrub","Ambient","P6","Intercanopy","0-5",0.00709512680077502,1822.89766266194,95.6833333333333,183.050022253582,1.91308157728878,242.816666666667,10.1173611111111,0.0173742242686213,0.41698138244691
"860","8/15/19 11:35","BPCtrlP6IC0-5",78,50,7.047090405,0.785467732,25,3897.1,2019-08-15 11:35:00,"Desert Scrub","Ambient","P6","Intercanopy","0-5",0.00709512680077502,1911.47974738594,44.75,88.582084724,1.9794879267933,287.566666666667,11.9819444444444,0.0179773134535513,0.431455522885232
"861","8/20/19 13:36","BPCtrlP6IC0-5",78,50,7.047090405,0.785467732,25,5072.8,2019-08-20 13:36:00,"Desert Scrub","Ambient","P6","Intercanopy","0-5",0.00709512680077502,2488.14617601278,122.016666666667,576.666428626839,4.72612835918731,409.583333333333,17.0659722222222,0.0429217525324673,1.03012206077922
"862","9/4/19 14:01","BPCtrlP6IC0-5",78,50,7.047090405,0.785467732,25,5359.6,2019-09-04 14:01:00,"Desert Scrub","Ambient","P6","Intercanopy","0-5",0.00709512680077502,2628.81805806618,263.883333333333,1278.55437569242,4.84515016367999,770,32.0833333333333,0.0440026847565089,1.05606443415621
"863","9/14/19 12:30","BPCtrlP6IC0-5",78,50,7.047090405,0.785467732,25,4776,2019-09-14 12:30:00,"Desert Scrub","Ambient","P6","Intercanopy","0-5",0.00709512680077502,2342.5694166214,236.6,1334.17568470517,5.63895048480628,1008.48333333333,42.0201388888889,0.0512118205129137,1.22908369230993
"864","2/7/19 17:27","BPCtrlP8Can0-5",14,50.03,8.662618587,0.990866889,25,7662.2,2019-02-07 17:27:00,"Desert Scrub","Ambient","P8","Canopy","0-5",0.0057753899121312,3758.21511391049,23.8666666666667,3758.21511391049,157.467113711333,50.7666666666667,2.11527777777778,1.42922729692543,34.3014551262104
"865","2/10/19 15:36","BPCtrlP8Can0-5",14,50.03,8.662618587,0.990866889,25,2969.2,2019-02-10 15:36:00,"Desert Scrub","Ambient","P8","Canopy","0-5",0.0057753899121312,1456.35617919436,25.9833333333333,379.637505960001,14.6108084397691,120.916666666667,5.03819444444444,0.132612872364876,3.18270893675703
"866","2/11/19 16:24","BPCtrlP8Can0-5",14,50.03,8.662618587,0.990866889,25,4277.7,2019-02-11 16:24:00,"Desert Scrub","Ambient","P8","Canopy","0-5",0.0057753899121312,2098.15937886963,24.8,641.803199675272,25.8791612772287,145.716666666667,6.07152777777778,0.23488843382724,5.63732241185375
"867","2/13/19 15:57","BPCtrlP8Can0-5",14,50.03,8.662618587,0.990866889,25,3934.7,2019-02-13 15:57:00,"Desert Scrub","Ambient","P8","Canopy","0-5",0.0057753899121312,1929.92208617676,23.25,486.760027021582,20.9359151407132,193.266666666667,8.05277777777778,0.190021781056295,4.56052274535109
"868","2/15/19 15:54","BPCtrlP8Can0-5",14,50.03,8.662618587,0.990866889,25,5741.6,2019-02-15 15:54:00,"Desert Scrub","Ambient","P8","Canopy","0-5",0.0057753899121312,2816.18437237718,47.95,886.262286200421,18.4830508070995,241.216666666667,10.0506944444444,0.167758715590562,4.02620917417349
"869","2/20/19 10:30","BPCtrlP8Can0-5",14,50.03,8.662618587,0.990866889,25,6009.6,2019-02-20 10:30:00,"Desert Scrub","Ambient","P8","Canopy","0-5",0.0057753899121312,2947.63508503517,47.6833333333333,680.306486778451,14.2671755353747,355.816666666667,14.8256944444444,0.129493938414118,3.10785452193882
"870","2/25/19 10:02","BPCtrlP8Can0-5",14,50.03,8.662618587,0.990866889,25,6691.3,2019-02-25 10:02:00,"Desert Scrub","Ambient","P8","Canopy","0-5",0.0057753899121312,3282.00057316557,68.4666666666667,1351.19560906797,19.7350867926189,475.35,19.80625,0.179122637650616,4.29894330361478
"871","3/1/19 15:00","BPCtrlP8Can0-5",14,50.03,8.662618587,0.990866889,25,6976.5,2019-03-01 15:00:00,"Desert Scrub","Ambient","P8","Canopy","0-5",0.0057753899121312,3421.88767484489,100.966666666667,139.887101679318,1.38547806219199,576.316666666667,24.0131944444444,0.0125750896114483,0.30180215067476
"872","3/12/19 9:15","BPCtrlP8Can0-5",14,50.03,8.662618587,0.990866889,25,5519.6,2019-03-12 09:15:00,"Desert Scrub","Ambient","P8","Canopy","0-5",0.0057753899121312,2707.29609547393,141.6,1566.51972420549,11.0629924025812,834.566666666667,34.7736111111111,0.10041163741931,2.40987929806344
"873","3/19/19 12:53","BPCtrlP8Can0-5",14,50.03,8.662618587,0.990866889,25,7296,2019-03-19 12:53:00,"Desert Scrub","Ambient","P8","Canopy","0-5",0.0057753899121312,3578.5985057935,94.4,1305.04071331754,13.8245838275163,1006.2,41.925,0.12547681931315,3.01144366351559
"874","3/25/19 14:11","BPCtrlP8Can0-5",14,50.03,8.662618587,0.990866889,25,7300.3,2019-03-25 14:11:00,"Desert Scrub","Ambient","P8","Canopy","0-5",0.0057753899121312,3580.70760304883,96.85,1664.71536851194,17.188594409003,1151.5,47.9791666666667,0.156009770841179,3.74423450018829
"875","4/1/19 13:44","BPCtrlP8Can0-5",14,50.03,8.662618587,0.990866889,25,7612.6,2019-04-01 13:44:00,"Desert Scrub","Ambient","P8","Canopy","0-5",0.0057753899121312,3733.88692231409,167.55,153.179319265256,0.914230493973478,1319.05,54.9604166666667,0.00829787977230495,0.199149114535319
"876","4/8/19 15:09","BPCtrlP8Can0-5",14,50.03,8.662618587,0.990866889,25,7189.7,2019-04-08 15:09:00,"Desert Scrub","Ambient","P8","Canopy","0-5",0.0057753899121312,3526.45965969072,119.033333333333,1404.51162573186,11.7993135737765,1488.46666666667,62.0194444444444,0.107094749164825,2.57027397995579
"877","4/14/19 16:27","BPCtrlP8Can0-5",14,50.03,8.662618587,0.990866889,25,6040.3,2019-04-14 16:27:00,"Desert Scrub","Ambient","P8","Canopy","0-5",0.0057753899121312,2962.69305846278,123.533333333333,1629.20405658493,13.1883760651776,1633.76666666667,68.0736111111111,0.119702372325334,2.87285693580802
"878","8/5/19 15:17","BPCtrlP8IC0-5",79,50,8.662618587,0.877773837,25,4740.7,2019-08-05 15:17:00,"Desert Scrub","Ambient","P8","Intercanopy","0-5",0.00577192675607755,2325.25519961831,51.1166666666667,1967.98393431952,38.4998487313894,51.1166666666667,2.12986111111111,0.349647926208733,8.39155022900958
"879","8/8/19 12:43","BPCtrlP8IC0-5",79,50,8.662618587,0.877773837,25,5956.8,2019-08-08 12:43:00,"Desert Scrub","Ambient","P8","Intercanopy","0-5",0.00577192675607755,2921.73733269061,69.4333333333333,596.482133072296,8.59071723099802,120.55,5.02291666666667,0.0780191757484778,1.87246021796347
"880","8/13/19 14:50","BPCtrlP8IC0-5",79,50,8.662618587,0.877773837,25,7280.1,2019-08-13 14:50:00,"Desert Scrub","Ambient","P8","Intercanopy","0-5",0.00577192675607755,3570.7997508261,95.6833333333333,1828.93066178766,19.1144120723323,242.666666666667,10.1111111111111,0.173593267558508,4.16623842140418
"881","8/20/19 13:37","BPCtrlP8IC0-5",79,50,8.662618587,0.877773837,25,8523.6,2019-08-20 13:37:00,"Desert Scrub","Ambient","P8","Intercanopy","0-5",0.00577192675607755,4180.72124780447,122.033333333333,2035.42599771681,16.6792624778761,409.45,17.0604166666667,0.151477725971575,3.6354654233178
"882","9/4/19 14:02","BPCtrlP8IC0-5",79,50,8.662618587,0.877773837,25,12878.9,2019-09-04 14:02:00,"Desert Scrub","Ambient","P8","Intercanopy","0-5",0.00577192675607755,6316.94247481686,262.266666666667,5151.64171685851,19.6427620114076,769.866666666667,32.0777777777778,0.178391636035202,4.28139926484484
"883","9/14/19 12:31","BPCtrlP8IC0-5",79,50,8.662618587,0.877773837,25,13770.7,2019-09-14 12:31:00,"Desert Scrub","Ambient","P8","Intercanopy","0-5",0.00577192675607755,6754.35943581832,236.6,4937.10238209506,20.8668739733519,1008.35,42.0145833333333,0.189508776051187,4.5482106252285
"884","6/14/19 11:02","BPExlP1Can0-5",34,50.01,9.53965925,0.32887608,25,4804.6,2019-06-14 11:02:00,"Desert Scrub","Exclusion","P1","Canopy","0-5",0.00524232561031989,2356.59736580804,24.75,1768.79686562397,71.466540025211,24.75,1.03125,0.648915040192923,15.5739609646301
"885","6/14/19 14:01","BPExlP1Can0-5",34,50.01,9.53965925,0.32887608,25,5209.9,2019-06-14 14:01:00,"Desert Scrub","Exclusion","P1","Canopy","0-5",0.00524232561031989,2555.39204431655,2.98333333333333,198.794678508511,66.6350877682161,27.7333333333333,1.15555555555556,0.605045530987188,14.5210927436925
"886","6/17/19 14:26","BPExlP1Can0-5",34,50.01,9.53965925,0.32887608,25,5738.9,2019-06-17 14:26:00,"Desert Scrub","Exclusion","P1","Canopy","0-5",0.00524232561031989,2814.86005549593,72.4166666666667,259.46801117938,3.58298749614794,100.15,4.17291666666667,0.0325334691486866,0.780803259568479
"887","6/20/19 9:46","BPExlP1Can0-5",34,50.01,9.53965925,0.32887608,25,4474.9,2019-06-20 09:46:00,"Desert Scrub","Exclusion","P1","Canopy","0-5",0.00524232561031989,2194.88355997469,47.8333333333333,668.240488527009,13.9701844291361,167.483333333333,6.97847222222222,0.1268490511383,3.04437722731921
"888","6/25/19 10:10","BPExlP1Can0-5",34,50.01,9.53965925,0.32887608,25,7578.4,2019-06-25 10:10:00,"Desert Scrub","Exclusion","P1","Canopy","0-5",0.00524232561031989,3717.11224181818,120.4,1522.22868184349,12.6430953641486,287.883333333333,11.9951388888889,0.114799103657393,2.75517848777744
"889","7/1/19 11:21","BPExlP1Can0-5",34,50.01,9.53965925,0.32887608,25,5887.2,2019-07-01 11:21:00,"Desert Scrub","Exclusion","P1","Canopy","0-5",0.00524232561031989,2887.59938641824,94.2833333333333,734.750625230079,7.79300645462343,433.066666666667,18.0444444444444,0.0707603739448101,1.69824897467544
"890","7/5/19 9:47","BPExlP1Can0-5",34,50.01,9.53965925,0.32887608,25,4507.2,2019-07-05 09:47:00,"Desert Scrub","Exclusion","P1","Canopy","0-5",0.00524232561031989,2210.72631377638,92.7833333333333,882.534579423552,9.51177919263752,527.5,21.9791666666667,0.0863668029111132,2.07280326986672
"891","7/9/19 16:16","BPExlP1Can0-5",34,50.01,9.53965925,0.32887608,25,7320.5,2019-07-09 16:16:00,"Desert Scrub","Exclusion","P1","Canopy","0-5",0.00524232561031989,3590.61545527156,102.483333333333,1379.88914149518,13.4645224410003,629.983333333333,26.2493055555556,0.122257648375002,2.93418356100004
"892","7/17/19 13:22","BPExlP1Can0-5",34,50.01,9.53965925,0.32887608,25,6496,2019-07-17 13:22:00,"Desert Scrub","Exclusion","P1","Canopy","0-5",0.00524232561031989,3186.20831875474,168.216666666667,2015.26695185769,11.980185981518,819.083333333333,34.1284722222222,0.108779897067537,2.61071752962089
"893","8/1/19 10:33","BPExlP1Can0-5",34,50.01,9.53965925,0.32887608,25,6330.7,2019-08-01 10:33:00,"Desert Scrub","Exclusion","P1","Canopy","0-5",0.00524232561031989,3105.13069635785,162.016666666667,1945.42149856479,12.0075393389453,1176.26666666667,49.0111111111111,0.109028265115411,2.61667836276986
"894","8/9/19 14:16","BPExlP1Can0-5",34,50.01,9.53965925,0.32887608,25,6358,2019-08-09 14:16:00,"Desert Scrub","Exclusion","P1","Canopy","0-5",0.00524232561031989,3118.52101149055,95.8333333333333,1033.50670388672,10.7844177796875,1371.98333333333,57.1659722222222,0.097922340923381,2.35013618216114
"895","8/15/19 10:45","BPExlP1Can0-5",34,50.01,9.53965925,0.32887608,25,4391.8,2019-08-15 10:45:00,"Desert Scrub","Exclusion","P1","Canopy","0-5",0.00524232561031989,2154.12402929604,44.7833333333333,473.664004529164,10.5767920624302,1512.46666666667,63.0194444444444,0.0960371027320318,2.30489046556876
"896","8/20/19 12:40","BPExlP1Can0-5",34,50.01,9.53965925,0.32887608,25,6513.1,2019-08-20 12:40:00,"Desert Scrub","Exclusion","P1","Canopy","0-5",0.00524232561031989,3194.59565900269,121.916666666667,1040.47162970665,8.53428541112771,1634.38333333333,68.0993055555556,0.0774911750117773,1.85978820028265
"897","9/4/19 13:05","BPExlP1Can0-5",34,50.01,9.53965925,0.32887608,25,9105,2019-09-04 13:05:00,"Desert Scrub","Exclusion","P1","Canopy","0-5",0.00524232561031989,4465.89081623489,263.75,2762.13262411259,10.4725407549293,1994.8,83.1166666666667,0.0950905025276111,2.28217206066267
"898","9/14/19 11:25","BPExlP1Can0-5",34,50.01,9.53965925,0.32887608,25,6871.2,2019-09-14 11:25:00,"Desert Scrub","Exclusion","P1","Canopy","0-5",0.00524232561031989,3370.23931647591,236.15,2156.91980937869,9.13368540918351,2233.13333333333,93.0472222222222,0.0829337174056417,1.9904092177354
"899","8/5/19 15:18","BPExlP1IC0-5",80,50,9.53965925,0.743341055,25,3415.3,2019-08-05 15:18:00,"Desert Scrub","Exclusion","P1","Intercanopy","0-5",0.00524127735484892,1675.16275724185,51.0333333333333,1310.68132225622,25.6828475948312,51.0333333333333,2.12638888888889,0.233246485286738,5.59791564688172
"900","8/8/19 12:43","BPExlP1IC0-5",80,50,9.53965925,0.743341055,25,6840,2019-08-08 12:43:00,"Desert Scrub","Exclusion","P1","Intercanopy","0-5",0.00524127735484892,3354.9360991814,69.4166666666667,1679.77334193955,24.1984154901256,120.45,5.01875,0.219765169798223,5.27436407515735
"901","8/13/19 14:51","BPExlP1IC0-5",80,50,9.53965925,0.743341055,25,7597.5,2019-08-13 14:51:00,"Desert Scrub","Exclusion","P1","Intercanopy","0-5",0.00524127735484892,3726.48055753373,95.6833333333333,1952.53357070487,20.4062034910804,242.583333333333,10.1076388888889,0.185325058865294,4.44780141276705
"902","8/20/19 13:38","BPExlP1IC0-5",80,50,9.53965925,0.743341055,25,9043.3,2019-08-20 13:38:00,"Desert Scrub","Exclusion","P1","Intercanopy","0-5",0.00524127735484892,4435.62772305953,122.033333333333,2332.85775949219,19.1165618095509,409.366666666667,17.0569444444444,0.173612791041979,4.1667069850075
"903","9/4/19 14:03","BPExlP1IC0-5",80,50,9.53965925,0.743341055,25,12416,2019-09-04 14:03:00,"Desert Scrub","Exclusion","P1","Intercanopy","0-5",0.00524127735484892,6089.89570284156,262.283333333333,5140.11525511424,19.5975672178214,769.783333333333,32.0743055555556,0.17798118595881,4.27154846301144
"904","9/14/19 12:32","BPExlP1IC0-5",80,50,9.53965925,0.743341055,25,11307.4,2019-09-14 12:32:00,"Desert Scrub","Exclusion","P1","Intercanopy","0-5",0.00524127735484892,5546.1410011526,236.616666666667,4207.40378052311,17.7815191118818,1008.26666666667,42.0111111111111,0.161488200270288,3.87571680648692
"905","6/14/19 11:03","BPExlP2Can0-5",35,49.97,10.32748793,0.85753604,25,7258.8,2019-06-14 11:03:00,"Desert Scrub","Exclusion","P2","Canopy","0-5",0.00483854353921283,3560.35236209619,24.6666666666667,3150.54986050759,127.724994344902,24.6666666666667,1.02777777777778,1.16066925519465,27.8560621246716
"906","6/17/19 14:27","BPExlP2Can0-5",35,49.97,10.32748793,0.85753604,25,12013,2019-06-17 14:27:00,"Desert Scrub","Exclusion","P2","Canopy","0-5",0.00483854353921283,5892.22914612079,72.4166666666667,4503.90361560427,62.1942961878611,100.066666666667,4.16944444444444,0.565175264277483,13.5642063426596
"907","6/20/19 9:47","BPExlP2Can0-5",35,49.97,10.32748793,0.85753604,25,6169.3,2019-06-20 09:47:00,"Desert Scrub","Exclusion","P2","Canopy","0-5",0.00483854353921283,3025.96597612278,47.85,531.100118156963,11.0992710168644,167.4,6.975,0.100861876646947,2.42068503952674
"908","6/25/19 10:11","BPExlP2Can0-5",35,49.97,10.32748793,0.85753604,25,11465,2019-06-25 10:11:00,"Desert Scrub","Exclusion","P2","Canopy","0-5",0.00483854353921283,5623.44186799924,120.4,2597.47589187645,21.5737200321965,287.8,11.9916666666667,0.196045838091257,4.70510011419016
"909","7/1/19 11:22","BPExlP2Can0-5",35,49.97,10.32748793,0.85753604,25,6301,2019-07-01 11:22:00,"Desert Scrub","Exclusion","P2","Canopy","0-5",0.00483854353921283,3090.56321066404,94.3,2062.50092062248,21.8716958708641,432.983333333333,18.0409722222222,0.198753619731853,4.77008687356447
"910","7/5/19 9:48","BPExlP2Can0-5",35,49.97,10.32748793,0.85753604,25,6164.9,2019-07-05 09:48:00,"Desert Scrub","Exclusion","P2","Canopy","0-5",0.00483854353921283,3023.80783009407,92.8,1455.91474023394,15.6887364249347,527.416666666667,21.9756944444444,0.142567506968153,3.42162016723567
"911","7/17/19 13:24","BPExlP2Can0-5",35,49.97,10.32748793,0.85753604,25,9377.3,2019-07-17 13:24:00,"Desert Scrub","Exclusion","P2","Canopy","0-5",0.00483854353921283,4599.45062614821,168.233333333333,3340.31956471421,19.8552777771798,819.016666666667,34.1256944444444,0.180429919668592,4.33031807204621
"912","8/1/19 10:34","BPExlP2Can0-5",35,49.97,10.32748793,0.85753604,25,8261.6,2019-08-01 10:34:00,"Desert Scrub","Exclusion","P2","Canopy","0-5",0.00483854353921283,4052.21346154928,162.033333333333,2692.58146345997,16.6174540020159,1176.18333333333,49.0076388888889,0.15100699795428,3.62416795090273
"913","8/13/19 13:59","BPExlP2Can0-5",35,49.97,10.32748793,0.85753604,25,6804.5,2019-08-13 13:59:00,"Desert Scrub","Exclusion","P2","Canopy","0-5",0.00483854353921283,3337.52378463156,95.7166666666667,987.155613042762,10.313309556428,1467.6,61.15,0.0937196465174779,2.24927151641947
"914","8/20/19 12:41","BPExlP2Can0-5",35,49.97,10.32748793,0.85753604,25,6228.8,2019-08-20 12:41:00,"Desert Scrub","Exclusion","P2","Canopy","0-5",0.00483854353921283,3055.14999628379,121.916666666667,1398.28243151262,11.4691655353052,1634.3,68.0958333333333,0.104223201479422,2.50135683550613
"915","9/4/19 13:07","BPExlP2Can0-5",35,49.97,10.32748793,0.85753604,25,11308.4,2019-09-04 13:07:00,"Desert Scrub","Exclusion","P2","Canopy","0-5",0.00483854353921283,5546.6314888864,263.783333333333,3502.72005337487,13.2787769762111,1994.73333333333,83.1138888888889,0.120667597300934,2.89602233522242
"916","9/14/19 11:26","BPExlP2Can0-5",35,49.97,10.32748793,0.85753604,25,9407,2019-09-14 11:26:00,"Desert Scrub","Exclusion","P2","Canopy","0-5",0.00483854353921283,4614.01811184203,236.15,3341.74197914222,14.1509294056414,2233.05,93.04375,0.128593066516064,3.08623359638554
"917","8/5/19 15:19","BPExlP2IC0-5",81,50,10.32748793,0.25836579,25,1293.4,2019-08-05 15:19:00,"Desert Scrub","Exclusion","P2","Intercanopy","0-5",0.00484144840825779,634.396834894916,50.85,328.087245137784,6.45205988471551,50.85,2.11875,0.0585963174610093,1.40631161906422
"918","8/8/19 12:45","BPExlP2IC0-5",81,50,10.32748793,0.25836579,25,5558.3,2019-08-08 12:45:00,"Desert Scrub","Exclusion","P2","Intercanopy","0-5",0.00484144840825779,2726.27797077193,69.4333333333333,2091.88113587701,30.1279088220405,120.283333333333,5.01180555555556,0.273615642340007,6.56677541616018
"919","8/13/19 14:52","BPExlP2IC0-5",81,50,10.32748793,0.25836579,25,5476.1,2019-08-13 14:52:00,"Desert Scrub","Exclusion","P2","Intercanopy","0-5",0.00484144840825779,2685.9598790537,95.7,1255.15811079024,13.1155497470244,242.4,10.1,0.119112799692526,2.85870719262063
"920","8/20/19 13:38","BPExlP2IC0-5",81,50,10.32748793,0.25836579,25,5421.3,2019-08-20 13:38:00,"Desert Scrub","Exclusion","P2","Intercanopy","0-5",0.00484144840825779,2659.08115124154,122.033333333333,1224.50262742783,10.0341652070022,409.166666666667,17.0486111111111,0.0911282815769524,2.18707875784686
"921","9/4/19 14:04","BPExlP2IC0-5",81,50,10.32748793,0.25836579,25,9152.9,2019-09-04 14:04:00,"Desert Scrub","Exclusion","P2","Intercanopy","0-5",0.00484144840825779,4489.38517868384,263.9,2652.75385947554,10.0521176941097,769.6,32.0666666666667,0.0912913224743651,2.19099173938476
"922","9/14/19 12:33","BPExlP2IC0-5",81,50,10.32748793,0.25836579,25,6444.8,2019-09-14 12:33:00,"Desert Scrub","Exclusion","P2","Intercanopy","0-5",0.00484144840825779,3161.09534678425,236.633333333333,1962.63761802112,8.29400317518434,1008.08333333333,42.0034722222222,0.0753244780363891,1.80778747287334
"923","2/6/19 17:39","BPExlP4Can0-5",15,50.02,7.848225793,0.847646431,25,8515.7,2019-02-06 17:39:00,"Desert Scrub","Exclusion","P4","Canopy","0-5",0.00637341500095651,4176.84639470747,25.85,3325.06539619308,128.629222289868,26.85,1.11875,1.16771778387857,28.0252268130856
"924","2/10/19 15:36","BPExlP4Can0-5",15,50.02,7.848225793,0.847646431,25,3424,2019-02-10 15:36:00,"Desert Scrub","Exclusion","P4","Canopy","0-5",0.00637341500095651,1679.43000052589,25.9666666666667,524.380436203923,20.1943685316017,120.8,5.03333333333333,0.18332788497631,4.39986923943143
"925","2/11/19 16:26","BPExlP4Can0-5",15,50.02,7.848225793,0.847646431,25,4661.2,2019-02-11 16:26:00,"Desert Scrub","Exclusion","P4","Canopy","0-5",0.00637341500095651,2286.26142478134,24.8333333333333,606.831424255443,24.4361647351185,145.633333333333,6.06805555555556,0.221835626640743,5.32405503937783
"926","2/12/19 16:43","BPExlP4Can0-5",15,50.02,7.848225793,0.847646431,25,4927.3,2019-02-12 16:43:00,"Desert Scrub","Exclusion","P4","Canopy","0-5",0.00637341500095651,2416.78021074511,24.2833333333333,130.518785963768,5.37482989555668,169.916666666667,7.07986111111111,0.0487936127003865,1.17104670480928
"927","2/13/19 15:58","BPExlP4Can0-5",15,50.02,7.848225793,0.847646431,25,6428.8,2019-02-13 15:58:00,"Desert Scrub","Exclusion","P4","Canopy","0-5",0.00637341500095651,3153.24754304348,23.25,736.467332298374,31.6760142924032,193.166666666667,8.04861111111111,0.287560202519739,6.90144486047374
"928","2/18/19 10:51","BPExlP4Can0-5",15,50.02,7.848225793,0.847646431,25,6428.3,2019-02-18 10:51:00,"Desert Scrub","Exclusion","P4","Canopy","0-5",0.00637341500095651,3153.00229917658,66.9333333333333,1046.55367760575,15.6357621156238,308.05,12.8354166666667,0.141944086746974,3.40665808192737
"929","2/22/19 13:35","BPExlP4Can0-5",15,50.02,7.848225793,0.847646431,25,5076.8,2019-02-22 13:35:00,"Desert Scrub","Exclusion","P4","Canopy","0-5",0.00637341500095651,2490.10812694797,51.0666666666667,858.451631694049,16.8104105423117,406.783333333333,16.9493055555556,0.15260774336582,3.66258584077967
"930","3/1/19 15:01","BPExlP4Can0-5",15,50.02,7.848225793,0.847646431,25,8018.2,2019-03-01 15:01:00,"Desert Scrub","Exclusion","P4","Canopy","0-5",0.00637341500095651,3932.82874714274,100.966666666667,2277.97218208014,22.5616261018172,576.216666666667,24.0090277777778,0.204818248632031,4.91563796716874
"931","3/12/19 9:16","BPExlP4Can0-5",15,50.02,7.848225793,0.847646431,25,10105.3,2019-03-12 09:16:00,"Desert Scrub","Exclusion","P4","Canopy","0-5",0.00637341500095651,4956.52569635348,141.6,3126.51596155146,22.0799149827081,834.466666666667,34.7694444444444,0.200445193812433,4.8106846514984
"932","3/19/19 12:55","BPExlP4Can0-5",15,50.02,7.848225793,0.847646431,25,6391.5,2019-03-19 12:55:00,"Desert Scrub","Exclusion","P4","Canopy","0-5",0.00637341500095651,3134.9523505728,94.4166666666667,29.9197517617054,0.316890574704735,1006.11666666667,41.9215277777778,0.00287678610691069,0.0690428665658567
"933","3/25/19 14:12","BPExlP4Can0-5",15,50.02,7.848225793,0.847646431,25,7467.6,2019-03-25 14:12:00,"Desert Scrub","Exclusion","P4","Canopy","0-5",0.00637341500095651,3662.76620091331,96.85,1630.18503205253,16.8320602173725,1151.4,47.975,0.152804282769026,3.66730278645663
"934","4/1/19 13:45","BPExlP4Can0-5",15,50.02,7.848225793,0.847646431,25,7747.5,2019-04-01 13:45:00,"Desert Scrub","Exclusion","P4","Canopy","0-5",0.00637341500095651,3800.0537176035,167.55,137.287516690186,0.81938237356124,1318.95,54.95625,0.00743849144363102,0.178523794647145
"935","4/8/19 15:10","BPExlP4Can0-5",15,50.02,7.848225793,0.847646431,25,7439.1,2019-04-08 15:10:00,"Desert Scrub","Exclusion","P4","Canopy","0-5",0.00637341500095651,3648.78730050005,119.033333333333,1576.67282029512,13.2456411674191,1488.36666666667,62.0152777777778,0.120246165488072,2.88590797171372
"936","4/14/19 16:28","BPExlP4Can0-5",15,50.02,7.848225793,0.847646431,25,6376.2,2019-04-14 16:28:00,"Desert Scrub","Exclusion","P4","Canopy","0-5",0.00637341500095651,3127.44788824568,123.55,1596.78281738086,12.9241830625727,1633.66666666667,68.0694444444444,0.117327914571844,2.81586994972425
"937","8/5/19 15:20","BPExlP4IC0-5",82,50,7.848225793,0.14957965,25,1270.7,2019-08-05 15:20:00,"Desert Scrub","Exclusion","P4","Intercanopy","0-5",0.00637086665429479,623.262763337691,50.7666666666667,307.388662771489,6.05493098039703,50.7666666666667,2.11527777777778,0.0549896721777697,1.31975213226647
"938","8/8/19 12:46","BPExlP4IC0-5",82,50,7.848225793,0.14957965,25,2595.2,2019-08-08 12:46:00,"Desert Scrub","Exclusion","P4","Intercanopy","0-5",0.00637086665429479,1272.91376675374,69.4333333333333,649.651003416048,9.35647148462863,120.2,5.00833333333333,0.0849736027291002,2.03936646549841
"939","8/9/19 15:11","BPExlP4IC0-5",82,50,7.848225793,0.14957965,25,2763.4,2019-08-09 15:11:00,"Desert Scrub","Exclusion","P4","Intercanopy","0-5",0.00637086665429479,1355.41380357864,26.4166666666667,82.5000368248998,3.12302978516971,146.616666666667,6.10902777777778,0.0283627319029542,0.680705565670902
"940","8/13/19 14:52","BPExlP4IC0-5",82,50,7.848225793,0.14957965,25,3844.3,2019-08-13 14:52:00,"Desert Scrub","Exclusion","P4","Intercanopy","0-5",0.00637086665429479,1885.58199504138,95.6833333333333,530.168191462745,5.5408624782729,242.3,10.0958333333333,0.0503210048551788,1.20770411652429
"941","8/15/19 11:37","BPExlP4IC0-5",82,50,7.848225793,0.14957965,25,3894.8,2019-08-15 11:37:00,"Desert Scrub","Exclusion","P4","Intercanopy","0-5",0.00637086665429479,1910.35162559821,44.75,24.7696305568218,0.553511297359146,287.05,11.9604166666667,0.00502687890035629,0.120645093608551
"942","8/20/19 13:39","BPExlP4IC0-5",82,50,7.848225793,0.14957965,25,5049.9,2019-08-20 13:39:00,"Desert Scrub","Exclusion","P4","Intercanopy","0-5",0.00637086665429479,2476.9140069088,122.033333333333,566.56238131059,4.64268545187591,409.083333333333,17.0451388888889,0.0421639407368466,1.01193457768432
"943","9/4/19 14:05","BPExlP4IC0-5",82,50,7.848225793,0.14957965,25,7445,2019-09-04 14:05:00,"Desert Scrub","Exclusion","P4","Intercanopy","0-5",0.00637086665429479,3651.68117812947,263.9,2056.76221413704,7.79371812859812,769.516666666667,32.0631944444444,0.0707809893003024,1.69874374320726
"944","9/14/19 12:34","BPExlP4IC0-5",82,50,7.848225793,0.14957965,25,6309.5,2019-09-14 12:34:00,"Desert Scrub","Exclusion","P4","Intercanopy","0-5",0.00637086665429479,3094.73235640132,236.633333333333,2000.4051735236,8.4536068750117,1008,42,0.0767739669174812,1.84257520601955
"945","6/14/19 11:04","BPExlP7Can0-5",36,49.98,7.687769317,0.734357098,25,5379.9,2019-06-14 11:04:00,"Desert Scrub","Exclusion","P7","Canopy","0-5",0.00650123565615828,2638.77495906228,24.55,2240.05748025752,91.2447038801435,24.55,1.02291666666667,0.828997750799007,19.8959460191762
"946","6/17/19 14:28","BPExlP7Can0-5",36,49.98,7.687769317,0.734357098,25,4333.1,2019-06-17 14:28:00,"Desert Scrub","Exclusion","P7","Canopy","0-5",0.00650123565615828,2125.33239932207,72.4166666666667,1109.82659526575,15.3255686342797,99.95,4.16458333333333,0.139239445000802,3.34174668001924
"947","6/18/19 9:57","BPExlP7Can0-5",36,49.98,7.687769317,0.734357098,25,4385.5,2019-06-18 09:57:00,"Desert Scrub","Exclusion","P7","Canopy","0-5",0.00650123565615828,2151.03395657311,19.4833333333333,25.7015572510386,1.31915606078898,119.433333333333,4.97638888888889,0.0119851055550954,0.287642533322289
"948","6/20/19 9:47","BPExlP7Can0-5",36,49.98,7.687769317,0.734357098,25,4994.1,2019-06-20 09:47:00,"Desert Scrub","Exclusion","P7","Canopy","0-5",0.00650123565615828,2449.54479136284,47.8333333333333,298.510834789737,6.2406446297506,167.266666666667,6.96944444444444,0.056698965984863,1.36077518363671
"949","6/25/19 10:12","BPExlP7Can0-5",36,49.98,7.687769317,0.734357098,25,9613.4,2019-06-25 10:12:00,"Desert Scrub","Exclusion","P7","Canopy","0-5",0.00650123565615828,4715.25478009802,120.416666666667,2265.70998873518,18.8155846815378,287.683333333333,11.9868055555556,0.170947756063216,4.10274614551718
"950","7/1/19 13:01","BPExlP7Can0-5",36,49.98,7.687769317,0.734357098,25,1742.5,2019-07-01 13:01:00,"Desert Scrub","Exclusion","P7","Canopy","0-5",0.00650123565615828,854.6748761438,1.63333333333333,59.1528206960929,36.2160126710773,434.5,18.1041666666667,0.329038199155852,7.89691677974045
"951","7/5/19 9:49","BPExlP7Can0-5",36,49.98,7.687769317,0.734357098,25,2983.1,2019-07-05 09:49:00,"Desert Scrub","Exclusion","P7","Canopy","0-5",0.00650123565615828,1463.17395869416,92.8,608.499082550358,6.55710218265472,527.3,21.9708333333333,0.0595741202505338,1.42977888601281
"952","7/9/19 16:18","BPExlP7Can0-5",36,49.98,7.687769317,0.734357098,25,5713.5,2019-07-09 16:18:00,"Desert Scrub","Exclusion","P7","Canopy","0-5",0.00650123565615828,2802.40166705745,102.483333333333,1339.22770836329,13.067761018344,629.783333333333,26.2409722222222,0.118726282529408,2.8494307807058
"953","7/17/19 13:25","BPExlP7Can0-5",36,49.98,7.687769317,0.734357098,25,7434,2019-07-17 13:25:00,"Desert Scrub","Exclusion","P7","Canopy","0-5",0.00650123565615828,3646.28581305768,168.25,2356.64641458142,14.0068137567989,818.9,34.1208333333333,0.127257984370244,3.05419162488587
"954","8/1/19 10:35","BPExlP7Can0-5",36,49.98,7.687769317,0.734357098,25,7085.3,2019-08-01 10:35:00,"Desert Scrub","Exclusion","P7","Canopy","0-5",0.00650123565615828,3475.25274028216,162.033333333333,2064.56096910444,12.7415817883426,1176.06666666667,49.0027777777778,0.115762802606412,2.77830726255389
"955","8/9/19 14:17","BPExlP7Can0-5",36,49.98,7.687769317,0.734357098,25,6840.2,2019-08-09 14:17:00,"Desert Scrub","Exclusion","P7","Canopy","0-5",0.00650123565615828,3355.03419672816,95.8166666666667,1242.50352725823,12.9675094165062,1371.76666666667,57.1569444444444,0.117815453200106,2.82757087680254
"956","8/15/19 10:46","BPExlP7Can0-5",36,49.98,7.687769317,0.734357098,25,4782.2,2019-08-15 10:46:00,"Desert Scrub","Exclusion","P7","Canopy","0-5",0.00650123565615828,2345.61044057095,44.7666666666667,461.156567317303,10.3013380636777,1512.25,63.0104166666667,0.093592128878259,2.24621109307822
"957","8/20/19 12:42","BPExlP7Can0-5",36,49.98,7.687769317,0.734357098,25,6774.4,2019-08-20 12:42:00,"Desert Scrub","Exclusion","P7","Canopy","0-5",0.00650123565615828,3322.76010384422,121.933333333333,977.149663273273,8.013802596555,1634.18333333333,68.0909722222222,0.0728088759717819,1.74741302332277
"958","9/4/19 13:08","BPExlP7Can0-5",36,49.98,7.687769317,0.734357098,25,9344.2,2019-09-04 13:08:00,"Desert Scrub","Exclusion","P7","Canopy","0-5",0.00650123565615828,4583.21548215948,263.783333333333,2806.86510543501,10.6407977712833,1994.61666666667,83.1090277777778,0.0966762677063232,2.32023042495176
"959","9/14/19 11:27","BPExlP7Can0-5",36,49.98,7.687769317,0.734357098,25,7079.4,2019-09-14 11:27:00,"Desert Scrub","Exclusion","P7","Canopy","0-5",0.00650123565615828,3472.35886265275,236.166666666667,2413.3958453819,10.2190367482649,2232.93333333333,93.0388888888889,0.0928443856946701,2.22826525667208
"960","8/5/19 15:20","BPExlP7IC0-5",83,50,7.687769317,0.235277439,25,5649.4,2019-08-05 15:20:00,"Desert Scrub","Exclusion","P7","Intercanopy","0-5",0.0065038371910347,2770.96140332097,50.6666666666667,2443.41369469036,48.2252702899413,50.6666666666667,2.11111111111111,0.437972259719189,10.5113342332605
"961","8/8/19 12:47","BPExlP7IC0-5",83,50,7.687769317,0.235277439,25,6288.6,2019-08-08 12:47:00,"Desert Scrub","Exclusion","P7","Intercanopy","0-5",0.0065038371910347,3084.48116276494,69.45,313.519759443971,4.51432339012197,120.116666666667,5.00486111111111,0.0409981821644097,0.983956371945832
"962","8/13/19 14:53","BPExlP7IC0-5",83,50,7.687769317,0.235277439,25,6652.1,2019-08-13 14:53:00,"Desert Scrub","Exclusion","P7","Intercanopy","0-5",0.0065038371910347,3262.77345400067,95.65,1624.88776452751,16.9878490802667,242.216666666667,10.0923611111111,0.154280247777166,3.70272594665198
"963","8/20/19 13:40","BPExlP7IC0-5",83,50,7.687769317,0.235277439,25,7561.5,2019-08-20 13:40:00,"Desert Scrub","Exclusion","P7","Intercanopy","0-5",0.0065038371910347,3708.82299911698,122.05,1924.77196497188,15.7703561243087,409,17.0416666666667,0.143223220249747,3.43735728599393
"964","9/4/19 14:05","BPExlP7IC0-5",83,50,7.687769317,0.235277439,25,9493.9,2019-09-04 14:05:00,"Desert Scrub","Exclusion","P7","Intercanopy","0-5",0.0065038371910347,4656.64149590911,262.3,3821.88042175753,14.5706459083398,769.416666666667,32.0590277777778,0.13232769201036,3.17586460824865
"965","9/14/19 12:35","BPExlP7IC0-5",83,50,7.687769317,0.235277439,25,8462.7,2019-09-14 12:35:00,"Desert Scrub","Exclusion","P7","Intercanopy","0-5",0.0065038371910347,4150.85054481615,236.65,2697.92777975838,11.4004976959999,1007.91666666667,41.9965277777778,0.103537039975532,2.48488895941277
"966","6/17/19 15:07","CCAddP11Can0-5",66,50.04,3.707268172,4.960470097,25,21209.4,2019-06-17 15:07:00,"Mixed Conifer Meadow","Addition","P11","Canopy","0-5",0.0134978096210948,10402.9505412249,72.6166666666667,7317.88079317937,100.774121549406,94.9,3.95416666666667,0.914478834020179,21.9474920164843
"967","6/20/19 10:30","CCAddP11Can0-5",66,50.04,3.707268172,4.960470097,25,13757.9,2019-06-20 10:30:00,"Mixed Conifer Meadow","Addition","P11","Canopy","0-5",0.0134978096210948,6748.0811928257,45.8666666666667,5215.30702470555,113.705821759569,162.283333333333,6.76180555555556,1.03182806960037,24.7638736704089
"968","6/25/19 10:49","CCAddP11Can0-5",66,50.04,3.707268172,4.960470097,25,19447.1,2019-06-25 10:49:00,"Mixed Conifer Meadow","Addition","P11","Canopy","0-5",0.0134978096210948,9538.56400795185,120.316666666667,2790.48281512615,23.1928201838993,282.6,11.775,0.210464182999736,5.05114039199368
"969","7/1/19 12:13","CCAddP11Can0-5",66,50.04,3.707268172,4.960470097,25,17068.6,2019-07-01 12:13:00,"Mixed Conifer Meadow","Addition","P11","Canopy","0-5",0.0134978096210948,8371.93893311223,94.65,6584.94497256434,69.5715263873675,428,17.8333333333333,0.631329624645078,15.1519109914819
"970","7/5/19 10:31","CCAddP11Can0-5",66,50.04,3.707268172,4.960470097,25,12121.1,2019-07-05 10:31:00,"Mixed Conifer Meadow","Addition","P11","Canopy","0-5",0.0134978096210948,5945.2508701444,92.9,2099.43464697751,22.5988659523951,522.3,21.7625,0.205074321349383,4.92178371238518
"971","7/17/19 14:00","CCAddP11Can0-5",66,50.04,3.707268172,4.960470097,25,16887.3,2019-07-17 14:00:00,"Mixed Conifer Meadow","Addition","P11","Canopy","0-5",0.0134978096210948,8283.01350697457,168.45,7272.85401921666,43.1751500101909,813.783333333333,33.9076388888889,0.391794641649233,9.40307139958159
"972","8/1/19 11:23","CCAddP11Can0-5",66,50.04,3.707268172,4.960470097,25,17019.3,2019-08-01 11:23:00,"Mixed Conifer Meadow","Addition","P11","Canopy","0-5",0.0134978096210948,8347.75788783597,162.416666666667,5185.4853704906,31.9270520502243,1171.16666666667,48.7986111111111,0.289723322651606,6.95335974363854
"973","8/5/19 15:04","CCAddP11Can0-5",66,50.04,3.707268172,4.960470097,25,17415.4,2019-08-05 15:04:00,"Mixed Conifer Meadow","Addition","P11","Canopy","0-5",0.0134978096210948,8542.04007919354,99.6833333333333,194.282191357568,1.94899372704466,1270.85,52.9520833333333,0.0176862222524722,0.424469334059332
"974","8/20/19 13:20","CCAddP11Can0-5",66,50.04,3.707268172,4.960470097,25,2830.9,2019-08-20 13:20:00,"Mixed Conifer Meadow","Addition","P11","Canopy","0-5",0.0134978096210948,1388.52172561003,119.333333333333,615.316862050156,5.15628655349293,1629.11666666667,67.8798611111111,0.0467909304771304,1.12298233145113
"975","8/24/19 13:56","CCAddP11Can0-5",66,50.04,3.707268172,4.960470097,25,16321,2019-08-24 13:56:00,"Mixed Conifer Meadow","Addition","P11","Canopy","0-5",0.0134978096210948,8005.25030332451,96.6,6616.72857771448,68.4961550488041,1725.71666666667,71.9048611111111,0.621571124023011,14.9177069765523
"976","9/4/19 13:46","CCAddP11Can0-5",66,50.04,3.707268172,4.960470097,25,36627.2,2019-09-04 13:46:00,"Mixed Conifer Meadow","Addition","P11","Canopy","0-5",0.0134978096210948,17965.1923233826,262.1,17023.9954109968,64.9522907706858,1989.55,82.8979166666667,0.589412184573556,14.1458924297653
"977","9/14/19 12:12","CCAddP11Can0-5",66,50.04,3.707268172,4.960470097,25,30326.1,2019-09-14 12:12:00,"Mixed Conifer Meadow","Addition","P11","Canopy","0-5",0.0134978096210948,14874.5800639452,236.466666666667,13183.3293090348,55.7513221413931,2227.98333333333,92.8326388888889,0.505917623325044,12.1420229598011
"978","8/13/19 15:47","CCAddP11IC0-5",123,50,3.707268172,5.359284744,25,24397.2,2019-08-13 15:47:00,"Mixed Conifer Meadow","Addition","P11","Intercanopy","0-5",0.0134870200050907,11966.5273390276,96.05,5929.70240898299,61.7355794792607,218.6,9.10833333333333,0.56067018571475,13.456084457154
"979","8/20/19 14:29","CCAddP11IC0-5",123,50,3.707268172,5.359284744,25,15738.7,2019-08-20 14:29:00,"Mixed Conifer Meadow","Addition","P11","Intercanopy","0-5",0.0134870200050907,7719.63929593368,120.233333333333,6514.4618852175,54.1818288207721,385.3,16.0541666666667,0.492068532984488,11.8096447916277
"980","8/24/19 14:56","CCAddP11IC0-5",123,50,3.707268172,5.359284744,25,20144.5,2019-08-24 14:56:00,"Mixed Conifer Meadow","Addition","P11","Intercanopy","0-5",0.0134870200050907,9880.63015350289,96.45,2160.99085756921,22.4052966051759,481.75,20.0729166666667,0.203480422708886,4.88353014501327
"981","9/4/19 14:56","CCAddP11IC0-5",123,50,3.707268172,5.359284744,25,44048.2,2019-09-04 14:56:00,"Mixed Conifer Meadow","Addition","P11","Intercanopy","0-5",0.0134870200050907,21605.1017959009,262.95,20148.1079826526,76.6233427748721,745.75,31.0729166666667,0.695877874412833,16.701068985908
"982","9/14/19 14:51","CCAddP11IC0-5",123,50,3.707268172,5.359284744,25,38116.6,2019-09-14 14:51:00,"Mixed Conifer Meadow","Addition","P11","Intercanopy","0-5",0.0134870200050907,18695.724754102,238.216666666667,18292.83812956,76.7907568581542,985.666666666667,41.0694444444444,0.697398295634385,16.7375590952252
"983","6/17/19 15:06","CCAddP4Can0-5",64,41.36,3.63030266,5.496050551,25,39366.2,2019-06-17 15:06:00,"Mixed Conifer Meadow","Addition","P4","Canopy","0-5",0.0113929894759794,19308.6382262566,72.6166666666667,16414.417255432,226.042009484949,95.1166666666667,3.96319444444444,2.48170735220069,59.5609764528165
"984","6/20/19 10:27","CCAddP4Can0-5",64,41.36,3.63030266,5.496050551,25,20471.6,2019-06-20 10:27:00,"Mixed Conifer Meadow","Addition","P4","Canopy","0-5",0.0113929894759794,10041.0686912284,45.8333333333333,8760.15997441371,191.130763078117,162.466666666667,6.76944444444444,2.09841799337868,50.3620318410883
"985","6/25/19 10:47","CCAddP4Can0-5",64,41.36,3.63030266,5.496050551,25,38075,2019-06-25 10:47:00,"Mixed Conifer Meadow","Addition","P4","Canopy","0-5",0.0113929894759794,18675.320464376,120.333333333333,8634.25177314765,71.7527848184015,282.8,11.7833333333333,0.787771326358509,18.9065118326042
"986","7/1/19 12:12","CCAddP4Can0-5",64,41.36,3.63030266,5.496050551,25,26275.3,2019-07-01 12:12:00,"Mixed Conifer Meadow","Addition","P4","Canopy","0-5",0.0113929894759794,12887.7123518744,94.65,11311.0885803527,119.504369575834,428.216666666667,17.8423611111111,1.31203431287936,31.4888235091047
"987","7/5/19 10:30","CCAddP4Can0-5",64,41.36,3.63030266,5.496050551,25,16613,2019-07-05 10:30:00,"Mixed Conifer Meadow","Addition","P4","Canopy","0-5",0.0113929894759794,8148.47272159366,92.9166666666667,3740.80279936064,40.2597610693522,522.516666666667,21.7715277777778,0.442010515086609,10.6082523620786
"988","7/9/19 16:58","CCAddP4Can0-5",64,41.36,3.63030266,5.496050551,25,21931.2,2019-07-09 16:58:00,"Mixed Conifer Meadow","Addition","P4","Canopy","0-5",0.0113929894759794,10756.9845874806,102.466666666667,2608.51186588692,25.4571750086557,624.983333333333,26.0409722222222,0.279493438096723,6.70784251432136
"989","7/17/19 13:59","CCAddP4Can0-5",64,41.36,3.63030266,5.496050551,25,34440.4,2019-07-17 13:59:00,"Mixed Conifer Meadow","Addition","P4","Canopy","0-5",0.0113929894759794,16892.5937471122,168.45,15997.2083890631,94.9671023393475,814,33.9166666666667,1.04264051018555,25.0233722444532
"990","8/1/19 11:22","CCAddP4Can0-5",64,41.36,3.63030266,5.496050551,25,29596.7,2019-08-01 11:22:00,"Mixed Conifer Meadow","Addition","P4","Canopy","0-5",0.0113929894759794,14516.8183109126,162.433333333333,10260.2676594629,63.1660229394391,1171.38333333333,48.8076388888889,0.693497566648208,16.643941599557
"991","8/20/19 13:19","CCAddP4Can0-5",64,41.36,3.63030266,5.496050551,25,21416.6,2019-08-20 13:19:00,"Mixed Conifer Meadow","Addition","P4","Canopy","0-5",0.0113929894759794,10504.5795996679,119.333333333333,9385.58088378011,78.6501191378222,1629.33333333333,67.8888888888889,0.863496919712129,20.7239260730911
"992","9/4/19 13:45","CCAddP4Can0-5",64,41.36,3.63030266,5.496050551,25,39700.2,2019-09-04 13:45:00,"Mixed Conifer Meadow","Addition","P4","Canopy","0-5",0.0113929894759794,19472.4611293452,262.083333333333,18002.7636837916,68.6909902084257,1989.76666666667,82.9069444444444,0.754155989935784,18.0997437584588
"993","9/14/19 12:10","CCAddP4Can0-5",64,41.36,3.63030266,5.496050551,25,36080.8,2019-09-14 12:10:00,"Mixed Conifer Meadow","Addition","P4","Canopy","0-5",0.0113929894759794,17697.1898256351,236.366666666667,17236.2294534114,72.9215743339925,2228.18333333333,92.8409722222222,0.800603425757317,19.2144822181756
"994","8/5/19 16:08","CCAddP4IC0-5",120,50,3.63030266,5.191089022,25,17331.9,2019-08-05 16:08:00,"Mixed Conifer Meadow","Addition","P4","Intercanopy","0-5",0.0137729563297623,8501.08435342137,27.2333333333333,8057.24200310715,295.859559477619,27.2333333333333,1.13472222222222,2.68693734726384,64.4864963343321
"995","8/8/19 13:34","CCAddP4IC0-5",120,50,3.63030266,5.191089022,25,21021.5,2019-08-08 13:34:00,"Mixed Conifer Meadow","Addition","P4","Intercanopy","0-5",0.0137729563297623,10310.7878960441,69.4333333333333,1809.70354262276,26.0639012379659,96.6666666666667,4.02777777777778,0.236707138262958,5.680971318311
"996","8/13/19 15:43","CCAddP4IC0-5",120,50,3.63030266,5.191089022,25,12814.2,2019-08-13 15:43:00,"Mixed Conifer Meadow","Addition","P4","Intercanopy","0-5",0.0137729563297623,6285.20791844011,96.0333333333333,861.983143377399,8.97587445377368,218.816666666667,9.11736111111111,0.0815170966142818,1.95641031874276
"997","8/20/19 14:27","CCAddP4IC0-5",120,50,3.63030266,5.191089022,25,13378.2,2019-08-20 14:27:00,"Mixed Conifer Meadow","Addition","P4","Intercanopy","0-5",0.0137729563297623,6561.84300030243,120.216666666667,5527.45341849488,45.9790940121576,385.55,16.0645833333333,0.417572935999613,10.0217504639907
"998","9/4/19 14:53","CCAddP4IC0-5",120,50,3.63030266,5.191089022,25,17427.5,2019-09-04 14:53:00,"Mixed Conifer Meadow","Addition","P4","Intercanopy","0-5",0.0137729563297623,8547.9749807725,262.9,7305.27525842074,27.7872775139625,745.983333333333,31.0826388888889,0.252358496926305,6.05660392623131
"999","9/14/19 14:49","CCAddP4IC0-5",120,50,3.63030266,5.191089022,25,25587.5,2019-09-14 14:49:00,"Mixed Conifer Meadow","Addition","P4","Intercanopy","0-5",0.0137729563297623,12550.3548885679,238.266666666667,11037.6907175334,46.3249470517632,985.916666666667,41.0798611111111,0.420713904134703,10.0971336992329
"1000","6/14/19 11:46","CCAddP6Can0-5",65,49.99,2.902263254,5.5384163,25,13831.7,2019-06-14 11:46:00,"Mixed Conifer Meadow","Addition","P6","Canopy","0-5",0.0172244884853578,6784.27918758003,19.6666666666667,6353.04237202443,323.036052814802,19.6666666666667,0.819444444444445,2.93433569159178,70.4240565982028
"1001","6/17/19 15:06","CCAddP6Can0-5",65,49.99,2.902263254,5.5384163,25,7147.2,2019-06-17 15:06:00,"Mixed Conifer Meadow","Addition","P6","Canopy","0-5",0.0172244884853578,3505.61393100429,72.6166666666667,1544.3496786378,21.2671518747459,95,3.95833333333333,0.193182656427353,4.63638375425648
"1002","6/18/19 10:26","CCAddP6Can0-5",65,49.99,2.902263254,5.5384163,25,8471.1,2019-06-18 10:26:00,"Mixed Conifer Meadow","Addition","P6","Canopy","0-5",0.0172244884853578,4154.97064178006,19.3333333333333,649.356710775769,33.5874160746088,114.333333333333,4.76388888888889,0.305095214349252,7.32228514438204
"1003","6/20/19 10:28","CCAddP6Can0-5",65,49.99,2.902263254,5.5384163,25,9699.1,2019-06-20 10:28:00,"Mixed Conifer Meadow","Addition","P6","Canopy","0-5",0.0172244884853578,4757.28957888455,45.85,3610.92164745081,78.7551068146306,162.366666666667,6.76527777777778,0.715381205310174,17.1691489274442
"1004","6/25/19 10:48","CCAddP6Can0-5",65,49.99,2.902263254,5.5384163,25,34568,2019-06-25 10:48:00,"Mixed Conifer Meadow","Addition","P6","Canopy","0-5",0.0172244884853578,16955.1799819448,120.333333333333,12197.8904030603,101.367510274739,282.7,11.7791666666667,0.920783611535434,22.0988066768504
"1005","7/1/19 12:12","CCAddP6Can0-5",65,49.99,2.902263254,5.5384163,25,21337,2019-07-01 12:12:00,"Mixed Conifer Meadow","Addition","P6","Canopy","0-5",0.0172244884853578,10465.5367760575,94.6333333333333,9125.67143364031,96.4318925710494,428.1,17.8375,0.875950352022161,21.0228084485319
"1006","7/5/19 10:31","CCAddP6Can0-5",65,49.99,2.902263254,5.5384163,25,15065.8,2019-07-05 10:31:00,"Mixed Conifer Meadow","Addition","P6","Canopy","0-5",0.0172244884853578,7389.5900998607,92.9166666666667,3101.55013590112,33.3799117765143,522.416666666667,21.7673611111111,0.303210324836915,7.27704779608596
"1007","7/9/19 16:58","CCAddP6Can0-5",65,49.99,2.902263254,5.5384163,25,27452,2019-07-09 16:58:00,"Mixed Conifer Meadow","Addition","P6","Canopy","0-5",0.0172244884853578,13464.8692682351,102.45,6075.27916837437,59.2999430783247,624.866666666667,26.0361111111111,0.538657954639657,12.9277909113518
"1008","7/10/19 13:32","CCAddP6Can0-5",65,49.99,2.902263254,5.5384163,25,3091.3,2019-07-10 13:32:00,"Mixed Conifer Meadow","Addition","P6","Canopy","0-5",0.0172244884853578,1516.24473149115,1.86666666666667,11.0850227838455,5.93840506277437,645.433333333333,26.8930555555556,0.0539421955382119,1.29461269291709
"1009","7/17/19 14:00","CCAddP6Can0-5",65,49.99,2.902263254,5.5384163,25,4862.8,2019-07-17 14:00:00,"Mixed Conifer Meadow","Addition","P6","Canopy","0-5",0.0172244884853578,2385.14375191511,168.466666666667,868.899020423955,5.15769105910539,813.9,33.9125,0.046850488758335,1.12441173020004
"1010","7/24/19 14:10","CCAddP6Can0-5",65,49.99,2.902263254,5.5384163,25,6237.1,2019-07-24 14:10:00,"Mixed Conifer Meadow","Addition","P6","Canopy","0-5",0.0172244884853578,3059.22104447432,168.166666666667,674.077292559211,4.00838826100621,982.066666666667,40.9194444444444,0.0364106626413345,0.873855903392027
"1011","8/1/19 11:22","CCAddP6Can0-5",65,49.99,2.902263254,5.5384163,25,29068.3,2019-08-01 11:22:00,"Mixed Conifer Meadow","Addition","P6","Canopy","0-5",0.0172244884853578,14257.6445923735,162.416666666667,12459.467511495,76.7129862175167,1171.26666666667,48.8027777777778,0.696831364503144,16.7239527480754
"1012","8/20/19 13:20","CCAddP6Can0-5",65,49.99,2.902263254,5.5384163,25,21416.6,2019-08-20 13:20:00,"Mixed Conifer Meadow","Addition","P6","Canopy","0-5",0.0172244884853578,10504.5795996679,121.966666666667,9340.65220736417,76.5836475050356,1629.23333333333,67.8847222222222,0.695656501211474,16.6957560290754
"1013","9/4/19 13:46","CCAddP6Can0-5",65,49.99,2.902263254,5.5384163,25,3740.6,2019-09-04 13:46:00,"Mixed Conifer Meadow","Addition","P6","Canopy","0-5",0.0172244884853578,1834.71841704648,263.85,540.174141232234,2.04727739712804,1989.66666666667,82.9027777777778,0.0185966832018778,0.446320396845068
"1014","8/9/19 15:42","CCAddP6IC0-5",121,50,2.902263254,5.163524205,25,13935.9,2019-08-09 15:42:00,"Mixed Conifer Meadow","Addition","P6","Intercanopy","0-5",0.0172279340721722,6835.38800944183,26.1166666666667,3263.36203928123,124.95323698588,122.716666666667,5.11319444444444,1.13480030765836,27.2352073838007
"1015","8/13/19 15:44","CCAddP6IC0-5",121,50,2.902263254,5.163524205,25,26229.2,2019-08-13 15:44:00,"Mixed Conifer Meadow","Addition","P6","Intercanopy","0-5",0.0172279340721722,12865.1008673463,96.0333333333333,6029.71285790449,62.787707649127,218.75,9.11458333333333,0.570225403327841,13.6854096798682
"1016","8/20/19 14:28","CCAddP6IC0-5",121,50,2.902263254,5.163524205,25,27277.6,2019-08-20 14:28:00,"Mixed Conifer Meadow","Addition","P6","Intercanopy","0-5",0.0172279340721722,13379.3282074606,120.233333333333,12465.9419495811,103.68124715482,385.483333333333,16.0618055555556,0.94161235041064,22.5986964098554
"1017","9/4/19 14:55","CCAddP6IC0-5",121,50,2.902263254,5.163524205,25,45570.6,2019-09-04 14:55:00,"Mixed Conifer Meadow","Addition","P6","Intercanopy","0-5",0.0172279340721722,22351.8203218357,264,20120.9840109736,76.215848526415,745.933333333333,31.0805555555556,0.692177093147196,16.6122502355327
"1018","9/14/19 14:50","CCAddP6IC0-5",121,50,2.902263254,5.163524205,25,36066.7,2019-09-14 14:50:00,"Mixed Conifer Meadow","Addition","P6","Intercanopy","0-5",0.0172279340721722,17690.2739485886,238.283333333333,15370.3160164953,64.504368817914,985.85,41.0770833333333,0.585815776730532,14.0595786415328
"1019","2/10/19 15:45","CCAddP9Can0-5",25,42.88,4.771077394,4.749900685,25,9377.7,2019-02-10 15:45:00,"Mixed Conifer Meadow","Addition","P9","Canopy","0-5",0.00898748782694763,4599.64682124173,25.8,370.122043924311,14.345815655981,119.4,4.975,0.151919109869973,3.64605863687934
"1020","2/11/19 16:48","CCAddP9Can0-5",25,42.88,4.771077394,4.749900685,25,9648.4,2019-02-11 16:48:00,"Mixed Conifer Meadow","Addition","P9","Canopy","0-5",0.00898748782694763,4732.42185078097,25.05,132.77502953924,5.30040038080797,144.45,6.01875,0.0561301028199882,1.34712246767972
"1021","2/15/19 16:09","CCAddP9Can0-5",25,42.88,4.771077394,4.749900685,25,13019.5,2019-02-15 16:09:00,"Mixed Conifer Meadow","Addition","P9","Canopy","0-5",0.00898748782694763,6385.90505018893,47.95,2615.1334502932,54.5387580874494,239.8,9.99166666666667,0.57755374673344,13.8612899216026
"1022","2/20/19 12:29","CCAddP9Can0-5",25,42.88,4.771077394,4.749900685,25,7896.6,2019-02-20 12:29:00,"Mixed Conifer Meadow","Addition","P9","Canopy","0-5",0.00898748782694763,3873.18543871285,49.3,330.981122767195,6.71361303787414,356.133333333333,14.8388888888889,0.0710957216503793,1.7062973196091
"1023","2/25/19 10:14","CCAddP9Can0-5",25,42.88,4.771077394,4.749900685,25,9211,2019-02-25 10:14:00,"Mixed Conifer Meadow","Addition","P9","Canopy","0-5",0.00898748782694763,4517.88251601753,68.35,949.73139895394,13.8951192239055,473.883333333333,19.7451388888889,0.147146331352221,3.53151195245331
"1024","3/1/19 15:14","CCAddP9Can0-5",25,42.88,4.771077394,4.749900685,25,14329.6,2019-03-01 15:14:00,"Mixed Conifer Meadow","Addition","P9","Canopy","0-5",0.00898748782694763,7028.49303023828,101,2510.61051422075,24.8575298437698,574.883333333333,23.9534722222222,0.263235907806843,6.31766178736423
"1025","3/12/19 9:27","CCAddP9Can0-5",25,42.88,4.771077394,4.749900685,25,18238.7,2019-03-12 09:27:00,"Mixed Conifer Meadow","Addition","P9","Canopy","0-5",0.00898748782694763,8945.8586304298,141.583333333333,4936.12140662747,34.863717998546,833.1,34.7125,0.369199293515852,8.86078304438045
"1026","3/19/19 13:11","CCAddP9Can0-5",25,42.88,4.771077394,4.749900685,25,13503.8,2019-03-19 13:11:00,"Mixed Conifer Meadow","Addition","P9","Canopy","0-5",0.00898748782694763,6623.44825966752,94.4833333333333,56.8965771206203,0.602186386882558,1004.83333333333,41.8680555555556,0.00637702463664881,0.153048591279571
"1027","3/25/19 14:22","CCAddP9Can0-5",25,42.88,4.771077394,4.749900685,25,3564,2019-03-25 14:22:00,"Mixed Conifer Meadow","Addition","P9","Canopy","0-5",0.00898748782694763,1748.09828325768,96.85,218.610382953969,2.25720581263778,1150.01666666667,47.9173611111111,0.0239033252672736,0.573679806414566
"1028","4/1/19 13:55","CCAddP9Can0-5",25,42.88,4.771077394,4.749900685,25,4475.8,2019-04-01 13:55:00,"Mixed Conifer Meadow","Addition","P9","Canopy","0-5",0.00898748782694763,2195.32499893511,167.55,447.226715677428,2.66921346271219,1317.56666666667,54.8986111111111,0.0282663978843978,0.678393549225548
"1029","4/8/19 15:22","CCAddP9Can0-5",25,42.88,4.771077394,4.749900685,25,5484.2,2019-04-08 15:22:00,"Mixed Conifer Meadow","Addition","P9","Canopy","0-5",0.00898748782694763,2689.93282969746,119.033333333333,529.040069675008,4.44446992166067,1487.01666666667,61.9590277777778,0.0470659828994145,1.12958358958595
"1030","4/9/19 13:03","CCAddP9Can0-5",25,42.88,4.771077394,4.749900685,25,6311.1,2019-04-09 13:03:00,"Mixed Conifer Meadow","Addition","P9","Canopy","0-5",0.00898748782694763,3095.5171367754,21.6833333333333,405.584307077939,18.7048873364153,1508.7,62.8625,0.198080743717184,4.75393784921241
"1031","4/16/19 16:16","CCAddP9Can0-5",25,42.88,4.771077394,4.749900685,25,2322.1,2019-04-16 16:16:00,"Mixed Conifer Meadow","Addition","P9","Canopy","0-5",0.00898748782694763,1138.96156665338,47.6333333333333,9.95690099610829,0.209032211254898,1679.91666666667,69.9965277777778,0.00221360626886046,0.053126550452651
"1032","8/13/19 15:46","CCAddP9IC0-5",122,50,4.771077394,5.050458117,25,23141.6,2019-08-13 15:46:00,"Mixed Conifer Meadow","Addition","P9","Intercanopy","0-5",0.010479813231049,11350.6709404702,96.0333333333333,6168.03039883565,64.2280152603504,218.683333333333,9.11180555555556,0.583305988991451,13.9993437357948
"1033","8/20/19 14:29","CCAddP9IC0-5",122,50,4.771077394,5.050458117,25,22137.6,2019-08-20 14:29:00,"Mixed Conifer Meadow","Addition","P9","Intercanopy","0-5",0.010479813231049,10858.2212557366,120.233333333333,9801.85782345485,81.5236303586486,385.4,16.0583333333333,0.740381306191175,17.7691513485882
"1034","8/24/19 14:55","CCAddP9IC0-5",122,50,4.771077394,5.050458117,25,23311.4,2019-08-24 14:55:00,"Mixed Conifer Meadow","Addition","P9","Intercanopy","0-5",0.010479813231049,11433.9557576692,96.4333333333333,575.734501932626,5.97028519114372,481.833333333333,20.0763888888889,0.054220936048929,1.3013024651743
"1035","9/4/19 14:55","CCAddP9IC0-5",122,50,4.771077394,5.050458117,25,44140.9,2019-09-04 14:55:00,"Mixed Conifer Meadow","Addition","P9","Intercanopy","0-5",0.010479813231049,21650.570008824,262.933333333333,20266.953160552,77.0801971116328,745.833333333333,31.0763888888889,0.700026934128427,16.8006464190822
"1036","9/14/19 14:50","CCAddP9IC0-5",122,50,4.771077394,5.050458117,25,42266.3,2019-09-14 14:50:00,"Mixed Conifer Meadow","Addition","P9","Intercanopy","0-5",0.010479813231049,20731.1017030455,238.216666666667,20286.2293284903,85.1587322262237,985.75,41.0729166666667,0.773394574332119,18.5614697839708
"1037","6/17/19 15:11","CCCtrlP12Can0-5",69,50.02,2.229858526,5.354646547,25,32062.2,2019-06-17 15:11:00,"Mixed Conifer Meadow","Ambient","P12","Canopy","0-5",0.0224319163824835,15726.1158185927,72.65,12183.0286247262,167.694819335529,94.6833333333333,3.94513888888889,1.52236186549521,36.5366847718851
"1038","6/20/19 10:34","CCCtrlP12Can0-5",69,50.02,2.229858526,5.354646547,25,21367.8,2019-06-20 10:34:00,"Mixed Conifer Meadow","Ambient","P12","Canopy","0-5",0.0224319163824835,10480.6437982585,45.9166666666667,8905.19719729791,193.942588688884,162.066666666667,6.75277777777778,1.76064354453689,42.2554450688853
"1039","6/25/19 10:52","CCCtrlP12Can0-5",69,50.02,2.229858526,5.354646547,25,29760.8,2019-06-25 10:52:00,"Mixed Conifer Meadow","Ambient","P12","Canopy","0-5",0.0224319163824835,14597.3073480289,120.3,4116.6635497704,34.2199796323391,282.366666666667,11.7652777777778,0.310654749125327,7.45571397900785
"1040","7/1/19 12:15","CCCtrlP12Can0-5",69,50.02,2.229858526,5.354646547,25,23430.1,2019-07-01 12:15:00,"Mixed Conifer Meadow","Ambient","P12","Canopy","0-5",0.0224319163824835,11492.1766516711,94.65,10097.1804879749,106.679138805863,427.75,17.8229166666667,0.968451222318156,23.2428293356358
"1041","7/5/19 10:34","CCCtrlP12Can0-5",69,50.02,2.229858526,5.354646547,25,16956.8,2019-07-05 10:34:00,"Mixed Conifer Meadow","Ambient","P12","Canopy","0-5",0.0224319163824835,8317.10240447357,92.9333333333333,3970.74344896536,42.726794644534,522.066666666667,21.7527777777778,0.387881051182256,9.30914522837413
"1042","7/9/19 17:04","CCCtrlP12Can0-5",69,50.02,2.229858526,5.354646547,25,21878.9,2019-07-09 17:04:00,"Mixed Conifer Meadow","Ambient","P12","Canopy","0-5",0.0224319163824835,10731.3320790029,102.5,2414.22967452936,23.5534602393108,624.566666666667,26.0236111111111,0.213822286286858,5.13173487088459
"1043","7/17/19 14:02","CCCtrlP12Can0-5",69,50.02,2.229858526,5.354646547,25,32010.9,2019-07-17 14:02:00,"Mixed Conifer Meadow","Ambient","P12","Canopy","0-5",0.0224319163824835,15700.9537978488,168.45,14782.8588577249,87.7581410372507,813.533333333333,33.8972222222222,0.796683211987309,19.1203970876954
"1044","7/24/19 14:13","CCCtrlP12Can0-5",69,50.02,2.229858526,5.354646547,25,34453.7,2019-07-24 14:13:00,"Mixed Conifer Meadow","Ambient","P12","Canopy","0-5",0.0224319163824835,16899.1172339717,168.183333333333,1198.16343612285,7.1241508440562,981.716666666667,40.9048611111111,0.0646742434381743,1.55218184251618
"1045","8/1/19 11:25","CCCtrlP12Can0-5",69,50.02,2.229858526,5.354646547,25,35403.1,2019-08-01 11:25:00,"Mixed Conifer Meadow","Ambient","P12","Canopy","0-5",0.0224319163824835,17364.7862884399,162.433333333333,12030.7321833818,74.0656608868158,1170.91666666667,48.7881944444444,0.672380566815157,16.1371336035638
"1046","8/9/19 14:58","CCCtrlP12Can0-5",69,50.02,2.229858526,5.354646547,25,35295.3,2019-08-09 14:58:00,"Mixed Conifer Meadow","Ambient","P12","Canopy","0-5",0.0224319163824835,17311.9117107365,95.8666666666667,1796.90181277063,18.7437602166616,1366.46666666667,56.9361111111111,0.170159017928506,4.08381643028414
"1047","8/20/19 13:22","CCCtrlP12Can0-5",69,50.02,2.229858526,5.354646547,25,12249.2,2019-08-20 13:22:00,"Mixed Conifer Meadow","Ambient","P12","Canopy","0-5",0.0224319163824835,6008.08234884398,119.35,4377.60302415117,36.6787015010572,1628.86666666667,67.8694444444444,0.332975441115855,7.99141058678051
"1048","8/24/19 13:57","CCCtrlP12Can0-5",69,50.02,2.229858526,5.354646547,25,24240.8,2019-08-24 13:57:00,"Mixed Conifer Meadow","Ambient","P12","Canopy","0-5",0.0224319163824835,11889.8150574615,96.5833333333333,5881.7327086175,60.8980090624763,1725.45,71.89375,0.5528424017429,13.2682176418296
"1049","9/4/19 13:48","CCCtrlP12Can0-5",69,50.02,2.229858526,5.354646547,25,46991.5,2019-09-04 13:48:00,"Mixed Conifer Meadow","Ambient","P12","Canopy","0-5",0.0224319163824835,23048.7543427899,262.116666666667,21358.7788559873,81.4857716894029,1989.3,82.8875,0.739741584694941,17.7537980326786
"1050","9/14/19 12:15","CCCtrlP12Can0-5",69,50.02,2.229858526,5.354646547,25,36527.1,2019-09-14 12:15:00,"Mixed Conifer Meadow","Ambient","P12","Canopy","0-5",0.0224319163824835,17916.0945012294,236.416666666667,17494.3731477095,73.9980534975374,2227.75,92.8229166666667,0.671766815527724,16.1224035726654
"1051","8/8/19 13:40","CCCtrlP12IC0-5",127,50,2.229858526,4.542097812,25,28873.7,2019-08-08 13:40:00,"Mixed Conifer Meadow","Ambient","P12","Intercanopy","0-5",0.0224229472036021,14162.1956793763,69.45,1384.45067741951,19.9344949952413,96.0166666666667,4.00069444444444,0.181041096647782,4.34498631954678
"1052","8/13/19 15:52","CCCtrlP12IC0-5",127,50,2.229858526,4.542097812,25,22742.7,2019-08-13 15:52:00,"Mixed Conifer Meadow","Ambient","P12","Intercanopy","0-5",0.0224229472036021,11155.015383458,96.05,4785.14928216431,49.8193574405446,218.216666666667,9.09236111111111,0.452449440403538,10.8587865696849
"1053","8/20/19 14:32","CCCtrlP12IC0-5",127,50,2.229858526,4.542097812,25,22070.6,2019-08-20 14:32:00,"Mixed Conifer Meadow","Ambient","P12","Intercanopy","0-5",0.0224229472036021,10825.3585775721,120.25,9670.01472060983,80.4159228325142,384.883333333333,16.0368055555556,0.730321327980327,17.5277118715279
"1054","9/4/19 14:59","CCCtrlP12IC0-5",127,50,2.229858526,4.542097812,25,37698.8,2019-09-04 14:59:00,"Mixed Conifer Meadow","Ambient","P12","Intercanopy","0-5",0.0224229472036021,18490.798978921,262.966666666667,17054.4546992656,64.8540551372759,745.333333333333,31.0555555555556,0.588991557945712,14.1357973906971
"1055","9/14/19 14:58","CCCtrlP12IC0-5",127,50,2.229858526,4.542097812,25,30612.9,2019-09-14 14:58:00,"Mixed Conifer Meadow","Ambient","P12","Intercanopy","0-5",0.0224229472036021,15015.2519459986,238.266666666667,14601.9179327266,61.2839308872131,985.316666666667,41.0548611111111,0.556568403531492,13.3576416847558
"1056","2/10/19 15:50","CCCtrlP1Can0-5",26,40.03,4.470552745,4.966319979,25,11570.9,2019-02-10 15:50:00,"Mixed Conifer Meadow","Ambient","P1","Canopy","0-5",0.0089541500309488,5675.38451900849,25.85,492.351587186884,19.0464830633224,119.333333333333,4.97222222222222,0.216058393560431,5.18540144545035
"1057","2/15/19 16:12","CCCtrlP1Can0-5",26,40.03,4.470552745,4.966319979,25,15132.8,2019-02-15 16:12:00,"Mixed Conifer Meadow","Ambient","P1","Canopy","0-5",0.0089541500309488,7422.45277802519,47.9666666666667,2798.28157009354,58.3380452416999,239.7,9.9875,0.661771745286123,15.882521886867
"1058","2/25/19 10:15","CCCtrlP1Can0-5",26,40.03,4.470552745,4.966319979,25,12645.5,2019-02-25 10:15:00,"Mixed Conifer Meadow","Ambient","P1","Canopy","0-5",0.0089541500309488,6202.46263774831,68.35,652.397734725319,9.54495588478887,473.75,19.7395833333333,0.108275518803991,2.5986124512958
"1059","3/1/19 15:15","CCCtrlP1Can0-5",26,40.03,4.470552745,4.966319979,25,21815.9,2019-03-01 15:15:00,"Mixed Conifer Meadow","Ambient","P1","Canopy","0-5",0.0089541500309488,10700.4313517736,101,4497.96871402531,44.5343437032209,574.75,23.9479166666667,0.5051861137196,12.1244667292704
"1060","3/12/19 9:29","CCCtrlP1Can0-5",26,40.03,4.470552745,4.966319979,25,23749.7,2019-03-12 09:29:00,"Mixed Conifer Meadow","Ambient","P1","Canopy","0-5",0.0089541500309488,11648.9365313931,141.6,6169.99234977085,43.5733923006416,832.983333333333,34.7076388888889,0.494285328748397,11.8628478899615
"1061","3/19/19 13:13","CCCtrlP1Can0-5",26,40.03,4.470552745,4.966319979,25,18436.1,2019-03-19 13:13:00,"Mixed Conifer Meadow","Ambient","P1","Canopy","0-5",0.0089541500309488,9042.68090908162,94.5,8329.26650027177,88.1403862462621,1004.71666666667,41.8631944444444,0.999841818400329,23.9962036416079
"1062","3/25/19 14:23","CCCtrlP1Can0-5",26,40.03,4.470552745,4.966319979,25,19481.9,2019-03-25 14:23:00,"Mixed Conifer Meadow","Ambient","P1","Canopy","0-5",0.0089541500309488,9555.63298108804,96.85,4099.49647908745,42.328306443856,1149.88333333333,47.9118055555556,0.480161395780429,11.5238734987303
"1063","4/1/19 13:57","CCCtrlP1Can0-5",26,40.03,4.470552745,4.966319979,25,31176.2,2019-04-01 13:57:00,"Mixed Conifer Meadow","Ambient","P1","Canopy","0-5",0.0089541500309488,15291.5436864473,167.566666666667,5735.91070535922,34.2306188901485,1317.45,54.89375,0.388303315808832,9.31927957941197
"1064","4/8/19 15:23","CCCtrlP1Can0-5",26,40.03,4.470552745,4.966319979,25,24132.9,2019-04-08 15:23:00,"Mixed Conifer Meadow","Ambient","P1","Canopy","0-5",0.0089541500309488,11836.8914309846,119.05,4230.89814297206,35.5388336242928,1486.88333333333,61.9534722222222,0.403143366486513,9.67544079567631
"1065","4/14/19 16:39","CCCtrlP1Can0-5",26,40.03,4.470552745,4.966319979,25,20209.4,2019-04-14 16:39:00,"Mixed Conifer Meadow","Ambient","P1","Canopy","0-5",0.0089541500309488,9912.46280742641,123.583333333333,5393.59931594128,43.6434199536719,1632.15,68.00625,0.495079704390779,11.8819129053787
"1066","8/13/19 15:49","CCCtrlP1IC0-5",124,50,4.470552745,5.618992515,25,24044.9,2019-08-13 15:49:00,"Mixed Conifer Meadow","Ambient","P1","Intercanopy","0-5",0.0111842993142004,11793.7285104104,96.0666666666667,4466.57749906221,46.4945610589404,218.533333333333,9.10555555555556,0.422254304625085,10.134103311002
"1067","8/20/19 14:30","CCCtrlP1IC0-5",124,50,4.470552745,5.618992515,25,23465.5,2019-08-20 14:30:00,"Mixed Conifer Meadow","Ambient","P1","Intercanopy","0-5",0.0111842993142004,11509.5399174475,120.233333333333,10376.8565937868,86.3059877498207,385.216666666667,16.0506944444444,0.783813719546322,18.8115292691117
"1068","9/4/19 14:56","CCCtrlP1IC0-5",124,50,4.470552745,5.618992515,25,44189,2019-09-04 14:56:00,"Mixed Conifer Meadow","Ambient","P1","Intercanopy","0-5",0.0111842993142004,21674.1624688197,262.933333333333,20359.1158057327,77.4307142712958,745.65,31.06875,0.703210260869054,16.8770462608573
"1069","9/14/19 14:52","CCCtrlP1IC0-5",124,50,4.470552745,5.618992515,25,36190.7,2019-09-14 14:52:00,"Mixed Conifer Meadow","Ambient","P1","Intercanopy","0-5",0.0111842993142004,17751.0944275796,238.216666666667,17310.1459548948,72.6655535782332,985.583333333333,41.0659722222222,0.659934024486798,15.8384165876832
"1070","6/14/19 11:48","CCCtrlP3Can0-5",67,26.17,4.284715531,4.98965572,25,5288.6,2019-06-14 11:48:00,"Mixed Conifer Meadow","Ambient","P3","Canopy","0-5",0.00610775670185326,2593.99342896649,19.5,2218.03458100997,113.745363128717,19.5,0.8125,1.9736580795995,47.367793910388
"1071","6/17/19 15:09","CCCtrlP3Can0-5",67,26.17,4.284715531,4.98965572,25,11099,2019-06-17 15:09:00,"Mixed Conifer Meadow","Ambient","P3","Canopy","0-5",0.00610775670185326,5443.923357429,72.6333333333333,4344.54415089316,59.8147427842105,94.85,3.95208333333333,1.03787835502033,24.909080520488
"1072","6/20/19 10:32","CCCtrlP3Can0-5",67,26.17,4.284715531,4.98965572,25,4227.2,2019-06-20 10:32:00,"Mixed Conifer Meadow","Ambient","P3","Canopy","0-5",0.00610775670185326,2073.38974831281,45.8833333333333,1324.07163738892,28.8573549739684,162.233333333333,6.75972222222222,0.500719767677849,12.0172744242684
"1073","6/27/19 10:45","CCCtrlP3Can0-5",67,26.17,4.284715531,4.98965572,25,2786.4,2019-06-27 10:45:00,"Mixed Conifer Meadow","Ambient","P3","Canopy","0-5",0.00610775670185326,1366.695021456,47.9166666666667,421.23086578611,8.79090502510142,330.45,13.76875,0.152535806757673,3.66085936218415
"1074","7/1/19 12:14","CCCtrlP3Can0-5",67,26.17,4.284715531,4.98965572,25,5855.1,2019-07-01 12:14:00,"Mixed Conifer Meadow","Ambient","P3","Canopy","0-5",0.00610775670185326,2871.85473016331,94.65,1560.97721281357,16.4920994486378,427.933333333333,17.8305555555556,0.286163448170881,6.86792275610114
"1075","7/5/19 10:32","CCCtrlP3Can0-5",67,26.17,4.284715531,4.98965572,25,6947.7,2019-07-05 10:32:00,"Mixed Conifer Meadow","Ambient","P3","Canopy","0-5",0.00610775670185326,3407.7616281115,92.9166666666667,1991.57639431523,21.4340060374733,522.233333333333,21.7597222222222,0.371913175451137,8.92591621082729
"1076","7/10/19 11:41","CCCtrlP3Can0-5",67,26.17,4.284715531,4.98965572,25,4340,2019-07-10 11:41:00,"Mixed Conifer Meadow","Ambient","P3","Canopy","0-5",0.00610775670185326,2128.71676468528,18.6666666666667,98.9313759071474,5.2998951378829,643.383333333333,26.8076388888889,0.0919613826198412,2.20707318287619
"1077","7/17/19 14:01","CCCtrlP3Can0-5",67,26.17,4.284715531,4.98965572,25,9392.1,2019-07-17 14:01:00,"Mixed Conifer Meadow","Ambient","P3","Canopy","0-5",0.00610775670185326,4606.70984460843,168.466666666667,2528.46426773101,15.0086917356412,813.716666666667,33.9048611111111,0.260424028667837,6.25017668802809
"1078","8/1/19 11:24","CCCtrlP3Can0-5",67,26.17,4.284715531,4.98965572,25,2414.4,2019-08-01 11:24:00,"Mixed Conifer Meadow","Ambient","P3","Canopy","0-5",0.00610775670185326,1184.23358448298,162.433333333333,530.070093915986,3.26330860198637,1171.1,48.7958333333333,0.0566234544545659,1.35896290690958
"1079","8/5/19 15:04","CCCtrlP3Can0-5",67,26.17,4.284715531,4.98965572,25,5442.8,2019-08-05 15:04:00,"Mixed Conifer Meadow","Ambient","P3","Canopy","0-5",0.00610775670185326,2669.62663751821,99.6666666666667,1485.39305303523,14.9036092277782,1270.76666666667,52.9486111111111,0.258600684533504,6.2064164288041
"1080","8/13/19 14:38","CCCtrlP3Can0-5",67,26.17,4.284715531,4.98965572,25,8302.7,2019-08-13 14:38:00,"Mixed Conifer Meadow","Ambient","P3","Canopy","0-5",0.00610775670185326,4072.3725074084,95.6833333333333,2966.17552137275,30.9999183560991,1462.33333333333,60.9305555555556,0.537896558132252,12.9095173951741
"1081","8/20/19 13:21","CCCtrlP3Can0-5",67,26.17,4.284715531,4.98965572,25,14503.8,2019-08-20 13:21:00,"Mixed Conifer Meadow","Ambient","P3","Canopy","0-5",0.00610775670185326,7113.93599346597,121.966666666667,6152.97242540804,50.4479838103966,1629.05,67.8770833333333,0.875350591076156,21.0084141858277
"1082","9/4/19 13:47","CCCtrlP3Can0-5",67,26.17,4.284715531,4.98965572,25,19094.9,2019-09-04 13:47:00,"Mixed Conifer Meadow","Ambient","P3","Canopy","0-5",0.00610775670185326,9365.81422810803,262.1,8770.26402172996,33.4615185872948,1989.48333333333,82.8951388888889,0.580609131650924,13.9346191596222
"1083","9/14/19 12:13","CCCtrlP3Can0-5",67,26.17,4.284715531,4.98965572,25,12092.8,2019-09-14 12:13:00,"Mixed Conifer Meadow","Ambient","P3","Canopy","0-5",0.00610775670185326,5931.3700672779,236.45,5167.4844706602,21.8544490194976,2227.91666666667,92.8298611111111,0.379208511855699,9.10100428453678
"1084","8/5/19 16:11","CCCtrlP3IC0-5",125,43.53,4.284715531,5.345874209,25,7970.1,2019-08-05 16:11:00,"Mixed Conifer Meadow","Ambient","P3","Intercanopy","0-5",0.0101593675671254,3909.23628714703,26.8166666666667,3166.53976062942,118.0810352006,26.8166666666667,1.11736111111111,1.23178077818149,29.5627386763558
"1085","8/8/19 13:37","CCCtrlP3IC0-5",125,43.53,4.284715531,5.345874209,25,17330.1,2019-08-08 13:37:00,"Mixed Conifer Meadow","Ambient","P3","Intercanopy","0-5",0.0101593675671254,8500.20147550053,69.4333333333333,4590.9651883535,66.1204779887685,96.25,4.01041666666667,0.689746102685961,16.5539064644631
"1086","8/13/19 15:50","CCCtrlP3IC0-5",125,43.53,4.284715531,5.345874209,25,18098.3,2019-08-13 15:50:00,"Mixed Conifer Meadow","Ambient","P3","Intercanopy","0-5",0.0101593675671254,8876.9941526045,96.05,3803.9285707005,39.6036290546643,218.466666666667,9.10277777777778,0.413131447678211,9.91515474427705
"1087","8/20/19 14:30","CCCtrlP3IC0-5",125,43.53,4.284715531,5.345874209,25,18149.8,2019-08-20 14:30:00,"Mixed Conifer Meadow","Ambient","P3","Intercanopy","0-5",0.0101593675671254,8902.25427089512,120.233333333333,7855.79869083612,65.3379430898486,385.133333333333,16.0472222222222,0.681582967555004,16.3579912213201
"1088","9/4/19 14:57","CCCtrlP3IC0-5",125,43.53,4.284715531,5.345874209,25,42277.3,2019-09-04 14:57:00,"Mixed Conifer Meadow","Ambient","P3","Intercanopy","0-5",0.0101593675671254,20736.4970681172,262.95,19786.5204252964,75.2482237128595,745.583333333333,31.0659722222222,0.78496360913789,18.8391266193094
"1089","9/14/19 14:55","CCCtrlP3IC0-5",125,43.53,4.284715531,5.345874209,25,41711.5,2019-09-14 14:55:00,"Mixed Conifer Meadow","Ambient","P3","Intercanopy","0-5",0.0101593675671254,20458.9791083341,238.25,20051.5309478677,84.1617248598854,985.55,41.0645833333333,0.877946189791531,21.0707085549967
"1090","6/17/19 15:10","CCCtrlP7Can0-5",68,34.03,4.239693673,4.74882095,25,22021,2019-06-17 15:10:00,"Mixed Conifer Meadow","Ambient","P7","Canopy","0-5",0.00802652328792434,10801.0303859757,72.65,9399.80502806027,129.384790475709,94.7666666666667,3.94861111111111,1.72648661496076,41.4356787590583
"1091","6/20/19 10:33","CCCtrlP7Can0-5",68,34.03,4.239693673,4.74882095,25,9194.2,2019-06-20 10:33:00,"Mixed Conifer Meadow","Ambient","P7","Canopy","0-5",0.00802652328792434,4509.64232208971,45.9,3772.48830696402,82.189287733421,162.15,6.75625,1.09671859144488,26.321246194677
"1092","6/25/19 10:51","CCCtrlP7Can0-5",68,34.03,4.239693673,4.74882095,25,14413.8,2019-06-25 10:51:00,"Mixed Conifer Meadow","Ambient","P7","Canopy","0-5",0.00802652328792434,7069.79209742411,120.3,2560.14977533439,21.2813780160797,282.45,11.76875,0.283974755901312,6.81539414163148
"1093","7/1/19 12:14","CCCtrlP7Can0-5",68,34.03,4.239693673,4.74882095,25,10220,2019-07-01 12:14:00,"Mixed Conifer Meadow","Ambient","P7","Canopy","0-5",0.00802652328792434,5012.78463942017,94.65,4265.57562575161,45.0668317564882,427.833333333333,17.8263888888889,0.601363433214919,14.4327223971581
"1094","7/5/19 10:33","CCCtrlP7Can0-5",68,34.03,4.239693673,4.74882095,25,9740,2019-07-05 10:33:00,"Mixed Conifer Meadow","Ambient","P7","Canopy","0-5",0.00802652328792434,4777.35052719691,92.9166666666667,2979.27154386517,32.0639089922709,522.15,21.75625,0.427854846732303,10.2685163215753
"1095","7/9/19 17:02","CCCtrlP7Can0-5",68,34.03,4.239693673,4.74882095,25,9988.1,2019-07-09 17:02:00,"Mixed Conifer Meadow","Ambient","P7","Canopy","0-5",0.00802652328792434,4899.0405339523,102.483333333333,121.690006755396,1.18741265332961,624.633333333333,26.0263888888889,0.0158446139215528,0.380270734117267
"1096","7/10/19 13:34","CCCtrlP7Can0-5",68,34.03,4.239693673,4.74882095,25,2825.2,2019-07-10 13:34:00,"Mixed Conifer Meadow","Ambient","P7","Canopy","0-5",0.00802652328792434,1385.72594552738,1.86666666666667,41.5443110527285,22.2558809211046,645.166666666667,26.8819444444444,0.296978341682761,7.12748020038627
"1097","7/17/19 14:02","CCCtrlP7Can0-5",68,34.03,4.239693673,4.74882095,25,14985.6,2019-07-17 14:02:00,"Mixed Conifer Meadow","Ambient","P7","Canopy","0-5",0.00802652328792434,7350.25298361006,168.466666666667,5964.52703808268,35.4047904911912,813.633333333333,33.9013888888889,0.47243494899045,11.3384387757708
"1098","8/1/19 11:24","CCCtrlP7Can0-5",68,34.03,4.239693673,4.74882095,25,16044.7,2019-08-01 11:24:00,"Mixed Conifer Meadow","Ambient","P7","Canopy","0-5",0.00802652328792434,7869.728542476,162.416666666667,6123.39601506,37.7017712574243,1171,48.7916666666667,0.50308543374328,12.0740504098387
"1099","8/13/19 14:38","CCCtrlP7Can0-5",68,34.03,4.239693673,4.74882095,25,11142,2019-08-13 14:38:00,"Mixed Conifer Meadow","Ambient","P7","Canopy","0-5",0.00802652328792434,5465.01432998234,95.6666666666667,572.742526756451,5.98685568038102,1462.23333333333,60.9263888888889,0.0798874903292453,1.91729976790189
"1100","8/20/19 13:21","CCCtrlP7Can0-5",68,34.03,4.239693673,4.74882095,25,4371.8,2019-08-20 13:21:00,"Mixed Conifer Meadow","Ambient","P7","Canopy","0-5",0.00802652328792434,2144.31427462007,119.35,1529.83124171737,12.8180246478204,1628.95,67.8729166666667,0.171041340356414,4.10499216855394
"1101","8/24/19 13:57","CCCtrlP7Can0-5",68,34.03,4.239693673,4.74882095,25,10472.6,2019-08-24 13:57:00,"Mixed Conifer Meadow","Ambient","P7","Canopy","0-5",0.00802652328792434,5136.68184097765,96.6,2992.36756635759,30.976889920886,1725.55,71.8979166666667,0.413349866123277,9.92039678695865
"1102","9/4/19 13:48","CCCtrlP7Can0-5",68,34.03,4.239693673,4.74882095,25,24721.7,2019-09-04 13:48:00,"Mixed Conifer Meadow","Ambient","P7","Canopy","0-5",0.00802652328792434,12125.6906086452,262.116666666667,11372.8900348113,43.3886565834983,1989.4,82.8916666666667,0.578970175374691,13.8952842089926
"1103","9/14/19 12:14","CCCtrlP7Can0-5",68,34.03,4.239693673,4.74882095,25,22607,2019-09-14 12:14:00,"Mixed Conifer Meadow","Ambient","P7","Canopy","0-5",0.00802652328792434,11088.4561979816,236.466666666667,9612.13716802162,40.6490153708272,2227.83333333333,92.8263888888889,0.542412911834821,13.0179098840357
"1104","8/8/19 13:38","CCCtrlP7IC0-5",126,50,4.239693673,5.168988179,25,31911.6,2019-08-08 13:38:00,"Mixed Conifer Meadow","Ambient","P7","Intercanopy","0-5",0.0117933048603061,15652.2483658826,69.4333333333333,3441.75242806373,49.5691660306826,96.0666666666667,4.00277777777778,0.450177252057453,10.8042540493789
"1105","8/13/19 15:51","CCCtrlP7IC0-5",126,50,4.239693673,5.168988179,25,23383.1,2019-08-13 15:51:00,"Mixed Conifer Meadow","Ambient","P7","Intercanopy","0-5",0.0117933048603061,11469.1237281825,96.0666666666667,5392.02975519313,56.1279988396231,218.283333333333,9.09513888888889,0.509743259861689,12.2338382366805
"1106","8/20/19 14:31","CCCtrlP7IC0-5",126,50,4.239693673,5.168988179,25,24237.5,2019-08-20 14:31:00,"Mixed Conifer Meadow","Ambient","P7","Intercanopy","0-5",0.0117933048603061,11888.1964479399,120.233333333333,10832.6177960323,90.0966270809451,384.95,16.0395833333333,0.818239547823727,19.6377491477695
"1107","9/4/19 14:58","CCCtrlP7IC0-5",126,50,4.239693673,5.168988179,25,48932.3,2019-09-04 14:58:00,"Mixed Conifer Meadow","Ambient","P7","Intercanopy","0-5",0.0117933048603061,24000.6929365459,262.95,22782.5666496575,86.6422006071781,745.4,31.0583333333333,0.78686713747427,18.8848112993825
"1108","9/14/19 14:56","CCCtrlP7IC0-5",126,50,4.239693673,5.168988179,25,37723.6,2019-09-14 14:56:00,"Mixed Conifer Meadow","Ambient","P7","Intercanopy","0-5",0.0117933048603061,18502.9630747192,238.25,18050.5371890635,75.7630102374125,985.366666666667,41.0569444444444,0.688064506374133,16.5135481529792
"1109","2/6/19 18:22","CCExlP10Can0-5",27,50.07,3.509211998,5.70038402,25,21086.7,2019-02-06 18:22:00,"Mixed Conifer Meadow","Exclusion","P10","Canopy","0-5",0.0142681604954435,10342.7676962878,24.7666666666667,3338.11236991212,134.782464464823,25.7666666666667,1.07361111111111,1.22235608725447,29.3365460941074
"1110","2/7/19 17:49","CCExlP10Can0-5",27,50.07,3.509211998,5.70038402,25,33999.6,2019-02-07 17:49:00,"Mixed Conifer Meadow","Exclusion","P10","Canopy","0-5",0.0142681604954435,16676.3867540538,23.45,6333.61905776601,270.090364936717,49.2166666666667,2.05069444444444,2.4494774079112,58.7874577898688
"1111","2/10/19 15:51","CCExlP10Can0-5",27,50.07,3.509211998,5.70038402,25,12751.7,2019-02-10 15:51:00,"Mixed Conifer Meadow","Exclusion","P10","Canopy","0-5",0.0142681604954435,6254.5524350777,25.8333333333333,275.654106394729,10.6704815378605,119.25,4.96875,0.0967716988521482,2.32252077245156
"1112","2/15/19 16:15","CCExlP10Can0-5",27,50.07,3.509211998,5.70038402,25,13686.2,2019-02-15 16:15:00,"Mixed Conifer Meadow","Exclusion","P10","Canopy","0-5",0.0142681604954435,6712.91322231236,48,3893.44258211872,81.1133871274734,239.65,9.98541666666667,0.735625683257727,17.6550163981854
"1113","2/18/19 11:14","CCExlP10Can0-5",27,50.07,3.509211998,5.70038402,25,17924.8,2019-02-18 11:14:00,"Mixed Conifer Meadow","Exclusion","P10","Canopy","0-5",0.0142681604954435,8791.89453079047,66.9833333333333,2078.98130847811,31.0372924878544,306.633333333333,12.7763888888889,0.281480410341717,6.75552984820122
"1114","3/1/19 15:16","CCExlP10Can0-5",27,50.07,3.509211998,5.70038402,25,10190.6,2019-03-01 15:16:00,"Mixed Conifer Meadow","Exclusion","P10","Canopy","0-5",0.0142681604954435,4998.36430004649,101,2816.1353236038,27.8825279564733,574.666666666667,23.9444444444444,0.252869525060015,6.06886860144037
"1115","3/6/19 11:54","CCExlP10Can0-5",27,50.07,3.509211998,5.70038402,25,17535.6,2019-03-06 11:54:00,"Mixed Conifer Meadow","Exclusion","P10","Canopy","0-5",0.0142681604954435,8600.99670479611,43.1,7567.93143986981,175.590056609508,691.3,28.8041666666667,1.5924443540206,38.2186644964945
"1116","3/12/19 9:31","CCExlP10Can0-5",27,50.07,3.509211998,5.70038402,25,36600.4,2019-03-12 09:31:00,"Mixed Conifer Meadow","Exclusion","P10","Canopy","0-5",0.0142681604954435,17952.0472521168,141.616666666667,9351.0505473207,66.0307205883538,832.916666666667,34.7048611111111,0.598839423047046,14.3721461531291
"1117","3/19/19 13:14","CCExlP10Can0-5",27,50.07,3.509211998,5.70038402,25,31016,2019-03-19 13:14:00,"Mixed Conifer Meadow","Exclusion","P10","Canopy","0-5",0.0142681604954435,15212.9675514927,94.4833333333333,2061.07850619447,21.8142018648206,1004.63333333333,41.8597222222222,0.197835249147122,4.74804597953093
"1118","3/25/19 14:24","CCExlP10Can0-5",27,50.07,3.509211998,5.70038402,25,27952,2019-03-25 14:24:00,"Mixed Conifer Meadow","Exclusion","P10","Canopy","0-5",0.0142681604954435,13710.1131351343,96.85,3792.0097187692,39.1534302402602,1149.8,47.9083333333333,0.35508650165368,8.52207603968832
"1119","4/1/19 13:58","CCExlP10Can0-5",27,50.07,3.509211998,5.70038402,25,36941.3,2019-04-01 13:58:00,"Mixed Conifer Meadow","Exclusion","P10","Canopy","0-5",0.0142681604954435,18119.2545205687,167.566666666667,4409.14138543441,26.3127594117829,1317.36666666667,54.8902777777778,0.238633132041072,5.72719516898573
"1120","4/8/19 15:24","CCExlP10Can0-5",27,50.07,3.509211998,5.70038402,25,27912.9,2019-04-08 15:24:00,"Mixed Conifer Meadow","Exclusion","P10","Canopy","0-5",0.0142681604954435,13690.9350647428,119.05,4255.22633456846,35.7431863466481,1486.8,61.95,0.32415864765627,7.77980754375049
"1121","4/16/19 16:17","CCExlP10Can0-5",27,50.07,3.509211998,5.70038402,25,12045.8,2019-04-16 16:17:00,"Mixed Conifer Meadow","Exclusion","P10","Canopy","0-5",0.0142681604954435,5908.31714378938,47.6333333333333,962.680275126218,20.2102227108373,1679.68333333333,69.9868055555556,0.18328859658007,4.39892631792169
"1122","8/8/19 13:44","CCExlP10IC0-5",131,50,3.509211998,5.425960548,25,33903.9,2019-08-08 13:44:00,"Mixed Conifer Meadow","Exclusion","P10","Intercanopy","0-5",0.0142482129972474,16629.4470779293,69.45,4350.67524756564,62.6447119879862,95.75,3.98958333333333,0.568926745332493,13.6542418879798
"1123","8/13/19 15:57","CCExlP10IC0-5",131,50,3.509211998,5.425960548,25,28574.1,2019-08-13 15:57:00,"Mixed Conifer Meadow","Exclusion","P10","Intercanopy","0-5",0.0142482129972474,14015.2455543303,96.05,10324.2272599502,107.488050598128,217.966666666667,9.08194444444444,0.97618497792208,23.4284394701299
"1124","8/20/19 14:36","CCExlP10IC0-5",131,50,3.509211998,5.425960548,25,28436.6,2019-08-20 14:36:00,"Mixed Conifer Meadow","Exclusion","P10","Intercanopy","0-5",0.0142482129972474,13947.803490933,120.3,12573.4078120564,104.517105669629,384.616666666667,16.0256944444444,0.949203450270437,22.7808828064905
"1125","9/4/19 15:02","CCExlP10IC0-5",131,50,3.509211998,5.425960548,25,51364.4,2019-09-04 15:02:00,"Mixed Conifer Meadow","Exclusion","P10","Intercanopy","0-5",0.0142482129972474,25193.6081539171,262.983333333333,23345.9408606984,88.7734616668929,745.05,31.04375,0.806222824166387,19.3493477799933
"1126","9/14/19 15:02","CCExlP10IC0-5",131,50,3.509211998,5.425960548,25,45187.6,2019-09-14 15:02:00,"Mixed Conifer Meadow","Exclusion","P10","Intercanopy","0-5",0.0142482129972474,22163.9635197909,238.25,21749.2561408643,91.2875388913506,985.05,41.04375,0.829055170703468,19.8973240968832
"1127","6/17/19 15:12","CCExlP2Can0-5",70,49.98,3.822913612,4.67942826,25,27547.1,2019-06-17 15:12:00,"Mixed Conifer Meadow","Exclusion","P2","Canopy","0-5",0.0130737979124389,13511.5146517193,72.65,10634.2645564842,146.376662855942,94.6166666666667,3.94236111111111,1.32989553493907,31.9174928385377
"1128","6/20/19 10:36","CCExlP2Can0-5",70,49.98,3.822913612,4.67942826,25,13465.8,2019-06-20 10:36:00,"Mixed Conifer Meadow","Exclusion","P2","Canopy","0-5",0.0130737979124389,6604.80972578318,45.9333333333333,5421.60616554117,118.032064561854,162.016666666667,6.75069444444444,1.07237255295903,25.7369412710168
"1129","6/25/19 10:53","CCExlP2Can0-5",70,49.98,3.822913612,4.67942826,25,23478.9,2019-06-25 10:53:00,"Mixed Conifer Meadow","Exclusion","P2","Canopy","0-5",0.0130737979124389,11516.1124530804,120.283333333333,4911.30272729727,40.8311159259853,282.3,11.7625,0.370968415983007,8.90324198359216
"1130","7/1/19 12:16","CCExlP2Can0-5",70,49.98,3.822913612,4.67942826,25,16267.6,2019-07-01 12:16:00,"Mixed Conifer Meadow","Exclusion","P2","Canopy","0-5",0.0130737979124389,7979.05825833968,94.6666666666667,6630.3150879407,70.0385396613454,427.683333333333,17.8201388888889,0.636330541713092,15.2719330011142
"1131","7/5/19 10:36","CCExlP2Can0-5",70,49.98,3.822913612,4.67942826,25,11643.2,2019-07-05 10:36:00,"Mixed Conifer Meadow","Exclusion","P2","Canopy","0-5",0.0130737979124389,5710.84678216212,92.95,2535.38014477757,27.2768170497856,522.016666666667,21.7506944444444,0.247821725773052,5.94772141855325
"1132","7/9/19 17:05","CCExlP2Can0-5",70,49.98,3.822913612,4.67942826,25,16040.9,2019-07-09 17:05:00,"Mixed Conifer Meadow","Exclusion","P2","Canopy","0-5",0.0130737979124389,7867.86468908757,102.483333333333,2157.01790692545,21.0474994983781,624.5,26.0208333333333,0.191225671212855,4.58941610910852
"1133","7/17/19 14:03","CCExlP2Can0-5",70,49.98,3.822913612,4.67942826,25,23865.7,2019-07-17 14:03:00,"Mixed Conifer Meadow","Exclusion","P2","Canopy","0-5",0.0130737979124389,11705.8331085137,168.466666666667,10320.2052605331,61.2596275852774,813.466666666667,33.8944444444444,0.556570313929544,13.3576875343091
"1134","7/24/19 14:14","CCExlP2Can0-5",70,49.98,3.822913612,4.67942826,25,24115.2,2019-07-24 14:14:00,"Mixed Conifer Meadow","Exclusion","P2","Canopy","0-5",0.0130737979124389,11828.2097980964,168.183333333333,122.376689582714,0.727638625999686,981.65,40.9020833333333,0.00661091283873945,0.158661908129747
"1135","8/1/19 11:26","CCExlP2Can0-5",70,49.98,3.822913612,4.67942826,25,25905.9,2019-08-01 11:26:00,"Mixed Conifer Meadow","Exclusion","P2","Canopy","0-5",0.0130737979124389,12706.5261830093,162.433333333333,9076.52456271371,55.8784602670657,1170.85,48.7854166666667,0.507680072482431,12.1843217395783
"1136","8/20/19 13:23","CCExlP2Can0-5",70,49.98,3.822913612,4.67942826,25,30862.9,2019-08-20 13:23:00,"Mixed Conifer Meadow","Exclusion","P2","Canopy","0-5",0.0130737979124389,15137.8738794482,119.366666666667,14066.207229872,117.840328650142,1628.8,67.8666666666667,1.07063054895444,25.6951331749066
"1137","9/4/19 13:49","CCExlP2Can0-5",70,49.98,3.822913612,4.67942826,25,43202,2019-09-04 13:49:00,"Mixed Conifer Meadow","Exclusion","P2","Canopy","0-5",0.0130737979124389,21190.0510755607,262.116666666667,19501.1056129991,74.3985716780025,1989.23333333333,82.8847222222222,0.675943325595521,16.2226398142925
"1138","9/14/19 12:16","CCExlP2Can0-5",70,49.98,3.822913612,4.67942826,25,33077.5,2019-09-14 12:16:00,"Mixed Conifer Meadow","Exclusion","P2","Canopy","0-5",0.0130737979124389,16224.1080147182,236.416666666667,15828.8729988235,66.9532872703142,2227.68333333333,92.8201388888889,0.608299684205222,14.5991924209253
"1139","8/5/19 16:14","CCExlP2IC0-5",128,50,3.822913612,4.138528622,25,17261.6,2019-08-05 16:14:00,"Mixed Conifer Meadow","Exclusion","P2","Intercanopy","0-5",0.0130790295242486,8466.60306573533,26.5,8071.07375720026,304.568821026425,26.5,1.10416666666667,2.76603311879779,66.3847948511469
"1140","8/13/19 15:53","CCExlP2IC0-5",128,50,3.822913612,4.138528622,25,13094.8,2019-08-13 15:53:00,"Mixed Conifer Meadow","Exclusion","P2","Intercanopy","0-5",0.0130790295242486,6422.83877654395,96.0666666666667,2572.75531009301,26.7809366074915,218.15,9.08958333333333,0.243219110081916,5.83725864196598
"1141","8/20/19 14:33","CCExlP2IC0-5",128,50,3.822913612,4.138528622,25,9470,2019-08-20 14:33:00,"Mixed Conifer Meadow","Exclusion","P2","Intercanopy","0-5",0.0130790295242486,4644.91883907133,120.266666666667,3920.12511483736,32.5952753451,384.816666666667,16.0340277777778,0.296023771629129,7.10457051909909
"1142","9/4/19 15:00","CCExlP2IC0-5",128,50,3.822913612,4.138528622,25,23891.9,2019-09-04 15:00:00,"Mixed Conifer Meadow","Exclusion","P2","Intercanopy","0-5",0.0130790295242486,11718.6838871392,262.983333333333,10961.5179724745,41.6814169686591,745.266666666667,31.0527777777778,0.378542292625968,9.08501502302324
"1143","9/14/19 14:58","CCExlP2IC0-5",128,50,3.822913612,4.138528622,25,29151.7,2019-09-14 14:58:00,"Mixed Conifer Meadow","Exclusion","P2","Intercanopy","0-5",0.0130790295242486,14298.5512693723,238.3,13024.5584296042,54.6561411229719,985.233333333333,41.0513888888889,0.496376142450606,11.9130274188145
"1144","8/8/19 13:41","CCExlP5IC0-5",129,50,3.959424594,4.756612184,25,31861.9,2019-08-08 13:41:00,"Mixed Conifer Meadow","Exclusion","P5","Intercanopy","0-5",0.0126280975462365,15627.8711255129,69.4333333333333,3074.91665195587,44.2858855298493,95.8333333333333,3.99305555555556,0.402195555204985,9.65269332491965
"1145","8/13/19 15:54","CCExlP5IC0-5",129,50,3.959424594,4.756612184,25,26663.7,2019-08-13 15:54:00,"Mixed Conifer Meadow","Exclusion","P5","Intercanopy","0-5",0.0126280975462365,13078.2177876817,96.05,6124.27889298083,63.7613627587802,218.05,9.08541666666667,0.57906794430269,13.8976306632646
"1146","8/20/19 14:34","CCExlP5IC0-5",129,50,3.959424594,4.756612184,25,26148,2019-08-20 14:34:00,"Mixed Conifer Meadow","Exclusion","P5","Intercanopy","0-5",0.0126280975462365,12825.2732633619,120.266666666667,11914.5356392449,99.0676466677793,384.716666666667,16.0298611111111,0.899712553507438,21.5931012841785
"1147","9/4/19 15:01","CCExlP5IC0-5",129,50,3.959424594,4.756612184,25,45304.2,2019-09-04 15:01:00,"Mixed Conifer Meadow","Exclusion","P5","Intercanopy","0-5",0.0126280975462365,22221.1543895518,262.983333333333,20807.2744481043,79.1201259196566,745.166666666667,31.0486111111111,0.718553159577137,17.2452758298513
"1148","9/14/19 15:00","CCExlP5IC0-5",129,50,3.959424594,4.756612184,25,41523.5,2019-09-14 15:00:00,"Mixed Conifer Meadow","Exclusion","P5","Intercanopy","0-5",0.0126280975462365,20366.76741438,238.25,19913.1153093898,83.5807568075122,985.15,41.0479166666667,0.759063717174464,18.2175292121871
"1149","6/17/19 15:14","CCExlP8Can0-5",71,32.24,3.55862298,4.31733105,25,26026.1,2019-06-17 15:14:00,"Mixed Conifer Meadow","Exclusion","P8","Canopy","0-5",0.0090596840916258,12765.4828086119,72.6833333333333,11161.4407727708,153.562588022529,94.5333333333333,3.93888888888889,2.1628795159786,51.9091083834863
"1150","6/20/19 10:37","CCExlP8Can0-5",71,32.24,3.55862298,4.31733105,25,9365.7,2019-06-20 10:37:00,"Mixed Conifer Meadow","Exclusion","P8","Canopy","0-5",0.0090596840916258,4593.76096843615,45.95,3826.54005522861,83.2761709516564,161.916666666667,6.74652777777778,1.17291800457313,28.1500321097551
"1151","6/25/19 10:54","CCExlP8Can0-5",71,32.24,3.55862298,4.31733105,25,16204,2019-06-25 10:54:00,"Mixed Conifer Meadow","Exclusion","P8","Canopy","0-5",0.0090596840916258,7947.86323847009,120.283333333333,3354.10227003394,27.8850126371119,282.2,11.7583333333333,0.392751407828354,9.42603378788051
"1152","7/1/19 12:17","CCExlP8Can0-5",71,32.24,3.55862298,4.31733105,25,7443,2019-07-01 12:17:00,"Mixed Conifer Meadow","Exclusion","P8","Canopy","0-5",0.0090596840916258,3650.70020266187,94.6666666666667,2919.38299156838,30.838552727835,427.583333333333,17.8159722222222,0.434351067251321,10.4244256140317
"1153","7/5/19 10:36","CCExlP8Can0-5",71,32.24,3.55862298,4.31733105,25,8019,2019-07-05 10:36:00,"Mixed Conifer Meadow","Exclusion","P8","Canopy","0-5",0.0090596840916258,3933.22113732978,92.9333333333333,2276.30452378523,24.4939511167708,521.9,21.7458333333333,0.344989400205162,8.2797456049239
"1154","7/9/19 17:06","CCExlP8Can0-5",71,32.24,3.55862298,4.31733105,25,9896.7,2019-07-09 17:06:00,"Mixed Conifer Meadow","Exclusion","P8","Canopy","0-5",0.0090596840916258,4854.20995508313,102.5,920.988817753351,8.98525675856928,624.4,26.0166666666667,0.126554442974526,3.03730663138863
"1155","7/10/19 13:36","CCExlP8Can0-5",71,32.24,3.55862298,4.31733105,25,3109.2,2019-07-10 13:36:00,"Mixed Conifer Meadow","Exclusion","P8","Canopy","0-5",0.0090596840916258,1525.02446192614,1.86666666666667,19.9138019922168,10.6681082101161,644.9,26.8708333333333,0.150256862814257,3.60616470754216
"1156","7/17/19 14:04","CCExlP8Can0-5",71,32.24,3.55862298,4.31733105,25,16848.7,2019-07-17 14:04:00,"Mixed Conifer Meadow","Exclusion","P8","Canopy","0-5",0.0090596840916258,8264.08068044996,168.466666666667,6739.05621852381,40.0023123378936,813.366666666667,33.8902777777778,0.56341966530751,13.5220719673802
"1157","8/1/19 11:27","CCExlP8Can0-5",71,32.24,3.55862298,4.31733105,25,16934.1,2019-08-01 11:27:00,"Mixed Conifer Meadow","Exclusion","P8","Canopy","0-5",0.0090596840916258,8305.96833291634,162.433333333333,6569.05316998927,40.4415339831065,1170.75,48.78125,0.569605960495932,13.6705430519024
"1158","8/20/19 13:24","CCExlP8Can0-5",71,32.24,3.55862298,4.31733105,25,20697.1,2019-08-20 13:24:00,"Mixed Conifer Meadow","Exclusion","P8","Canopy","0-5",0.0090596840916258,10151.6736751999,121.966666666667,8346.23737586119,68.4304786214364,1628.7,67.8625,0.963821217034989,23.1317092088397
"1159","9/4/19 13:50","CCExlP8Can0-5",71,32.24,3.55862298,4.31733105,25,27559.1,2019-09-04 13:50:00,"Mixed Conifer Meadow","Exclusion","P8","Canopy","0-5",0.0090596840916258,13517.4005045249,262.133333333333,12674.3501876721,48.3507764026148,1989.13333333333,82.8805555555556,0.681005088606184,16.3441221265484
"1160","9/14/19 12:18","CCExlP8Can0-5",71,32.24,3.55862298,4.31733105,25,22266.9,2019-09-14 12:18:00,"Mixed Conifer Meadow","Exclusion","P8","Canopy","0-5",0.0090596840916258,10921.6413197167,236.483333333333,9491.33003918706,40.1353021602103,2227.6,92.8166666666667,0.565292784054897,13.5670268173175
"1161","8/8/19 13:42","CCExlP8IC0-5",130,50,3.55862298,4.705347382,25,26719.7,2019-08-08 13:42:00,"Mixed Conifer Meadow","Exclusion","P8","Intercanopy","0-5",0.0140503785540102,13105.6851007745,69.4333333333333,3383.04104632806,48.7235868410186,95.8,3.99166666666667,0.442497870972762,10.6199489033463
"1162","8/13/19 15:55","CCExlP8IC0-5",130,50,3.55862298,4.705347382,25,24608.9,2019-08-13 15:55:00,"Mixed Conifer Meadow","Exclusion","P8","Intercanopy","0-5",0.0140503785540102,12070.3635922727,96.05,5607.64816297093,58.3825940965219,218.016666666667,9.08402777777778,0.530219043065792,12.725257033579
"1163","8/20/19 14:35","CCExlP8IC0-5",130,50,3.55862298,4.705347382,25,25758.9,2019-08-20 14:35:00,"Mixed Conifer Meadow","Exclusion","P8","Intercanopy","0-5",0.0140503785540102,12634.4244861409,120.283333333333,11618.8205845378,96.5954323226092,384.683333333333,16.0284722222222,0.877260397267472,21.0542495344193
"1164","9/4/19 15:01","CCExlP8IC0-5",130,50,3.55862298,4.705347382,25,45331.3,2019-09-04 15:01:00,"Mixed Conifer Meadow","Exclusion","P8","Intercanopy","0-5",0.0140503785540102,22234.4466071377,262.983333333333,20740.077628574,78.8646085122275,745.116666666667,31.0465277777778,0.716232601586348,17.1895824380723
"1165","9/14/19 15:01","CCExlP8IC0-5",130,50,3.55862298,4.705347382,25,39442.8,2019-09-14 15:01:00,"Mixed Conifer Meadow","Exclusion","P8","Intercanopy","0-5",0.0140503785540102,19346.2095866655,238.25,18931.7474516058,79.4616891987653,985.116666666667,41.0465277777778,0.721655168965347,17.3197240551683
